Date,Publisher,Billing Type,Filled Rate,Unfilled Rate,Total Auctions,Successful,Unfilled,Completed Auctions Rate,Publisher Revenue,Nimbus Revenue
1/31/22,Imgur,,,,10581164.00,483790.00,10097374.00,5%,1759.58,116.28
1/31/22,Wattpad,,,,3320606.00,1023174.00,2297432.00,31%,1790.87,220.72
1/31/22,MixerBox,,,,55546.00,18212.00,37334.00,33%,99.41,3.90
1/31/22,Lucktastic,,,,234728.00,49809.00,184919.00,21%,339.85,6.65
1/31/22,MixerBoxLite,,,,1147491.00,88784.00,1058707.00,8%,103.20,25.17
1/31/22,Kidoodle,,,,178969326.00,785539.00,178183787.00,0%,5816.47,1538.11
1/31/22,MocoSpace,,,,529437.00,380409.00,149028.00,72%,517.04,37.24
1/31/22,Online Plus,,,,1850411.00,406755.00,1443656.00,22%,1466.27,76.37
1/31/22,Qlixar,,,,1165301.00,254147.00,911154.00,22%,970.87,47.76
1/31/22,WeatherBug,,,,86920320.00,3246782.00,83673538.00,4%,4646.03,371.68
1/31/22,Droplist,,,,233996.00,113302.00,120694.00,48%,61.86,7.03
1/31/22,Growlr,,,,4607866.00,2103157.00,2504709.00,46%,637.03,62.13
1/31/22,The Times of India,,,,7692473.00,114312.00,7578161.00,1%,127.37,61.96
1/31/22,LiveMixTapes,,,,747534.00,418608.00,328926.00,56%,306.45,23.75
1/31/22,Instant News,,,,40012.00,31408.00,8604.00,79%,483.07,5.38
1/31/22,Dolphin,,,,4062.00,1902.00,2160.00,47%,2.73,0.33
1/31/22,MyDaily,,,,8549.00,6358.00,2191.00,74%,14.12,1.09
1/31/22,Everyday,,,,857.00,662.00,195.00,77%,5.52,0.11
1/31/22,First News,,,,173862.00,100940.00,72922.00,58%,569.54,17.52
1/31/22,The Feed,,,,329.00,81.00,248.00,25%,0.17,0.02
1/31/22,VladTV,,,,170032.00,70666.00,99366.00,42%,59.09,4.83
1/31/22,Crocodile,,,,18028.00,4086.00,13942.00,23%,12.57,0.76
1/31/22,QuizJP,,,,722.00,2.00,720.00,0%,0.02,0.01
1/31/22,QuizUS,,,,560.00,19.00,541.00,3%,0.12,0.01
1/31/22,PalTalk,,,,1724112.00,1314911.00,409201.00,76%,274.64,22.09
1/31/22,Impala - Headlines,,,,1659751.00,43134.00,1616617.00,3%,354.24,15.42
1/31/22,Steps,,,,323187.00,112379.00,210808.00,35%,79.51,7.04
1/31/22,MyFitnessPal,,,,76285153.00,31383842.00,44901311.00,41%,6919.03,660.26
1/31/22,ShopKick,,,,1478549.00,231487.00,1247062.00,16%,990.21,55.02
1/31/22,Audiomack,,,,2962942.00,844402.00,2118540.00,29%,2649.83,147.32
1/31/22,Encyclopedia Britannica,,,,8590423.00,226317.00,8364106.00,3%,254.29,17.80
1/31/22,Scrabble Go,,,,10341751.00,1388461.00,8953290.00,13%,1730.93,95.20
1/31/22,Camfrog,,,,1561141.00,1245841.00,315300.00,80%,97.82,9.05
1/31/22,Flickr,,,,20488526.00,66542.00,20421984.00,0%,33.12,145.27
1/31/22,MeetMe,,,,1974557.00,610303.00,1364254.00,31%,1246.83,130.81
1/31/22,StockTwits,,,,10088869.00,1011135.00,9077734.00,10%,629.24,50.34
1/31/22,MyMixTapez,,,,5455424.00,1876.00,5453548.00,0%,8.59,38.60
1/31/22,Ultimate Classic Rock,,,,17184.00,732.00,16452.00,4%,0.92,0.18
1/31/22,Barstool Sports,,,,4911389.00,34450.00,4876939.00,1%,11.66,0.93
1/31/22,SwingU,,,,18194.00,3202.00,14992.00,18%,6.88,0.55
1/31/22,Reuters,,,,1425627.00,67459.00,1358168.00,5%,60.41,4.83
1/31/22,Funny Weather,,,,13074.00,1573.00,11501.00,12%,4.54,0.40
1/31/22,VPN - Super Unlimited Proxy,,,,5687881.00,7636.00,5680245.00,0%,13.80,40.73
1/31/22,NJ 101.5,,,,771822.00,22176.00,749646.00,3%,37.08,7.84
1/31/22,WGRD,,,,245149.00,8121.00,237028.00,3%,12.33,2.52
1/31/22,NewsTalk,,,,446270.00,9916.00,436354.00,2%,9.64,3.73
1/31/22,WBLM,,,,61089.00,1572.00,59517.00,3%,1.59,0.53
1/31/22,WJON,,,,47957.00,2397.00,45560.00,5%,3.04,0.53
1/31/22,Tide,,,,85700.00,7562.00,78138.00,9%,5.41,0.93
1/31/22,KFR,,,,6740.00,478.00,6262.00,7%,0.61,0.09
1/31/22,WBCK,,,,38185.00,3776.00,34409.00,10%,3.15,0.46
1/31/22,Cat Country,,,,51431.00,919.00,50512.00,2%,0.85,0.41
1/31/22,Mix 95.7FM,,,,36437.00,3243.00,33194.00,9%,2.99,0.44
1/31/22,Memedroid,,,,198687.00,8409.00,190278.00,4%,1.53,0.12
1/31/22,Loudwire,,,,23083.00,2567.00,20516.00,11%,2.84,0.34
1/31/22,XXL Mag,,,,14767.00,1469.00,13298.00,10%,1.53,0.20
1/31/22,ScoreStream,,,,832.00,26.00,806.00,3%,0.04,0.00
1/31/22,FreeUnblock VPN,,,,1285.00,59.00,1226.00,5%,0.00,0.00
1/31/22,HAR Texas,,,,691102.00,128564.00,562538.00,19%,104.44,8.36
1/31/22,Psiphon Pro,,,,12088972.00,1024417.00,11064555.00,8%,159.99,12.80
1/31/22,Bracelet Book,,,,46035.00,1623.00,44412.00,4%,0.61,0.05
1/31/22,Tumblr,,,,87328577.00,13877034.00,73451543.00,16%,8289.80,497.39
1/31/22,Wordfinder by WordTips,,,,518283.00,121950.00,396333.00,24%,190.00,15.20
1/31/22,PricePulse,,,,30244.00,2385.00,27859.00,8%,2.87,0.23
1/31/22,Untappd,,,,297166.00,51815.00,245351.00,17%,46.79,3.74
1/31/22,Dice with Buddies,,,,401187.00,28760.00,372427.00,7%,82.80,4.55
1/31/22,Yahtzee with Buddies,,,,2541516.00,109560.00,2431956.00,4%,387.99,21.34
1/31/22,Astrology Daily,,,,749.00,102.00,647.00,14%,0.26,0.02
1/31/22,Meetup,,,,384975.00,19513.00,365462.00,5%,29.58,2.37
1/31/22,BisManOnline,,,,138.00,8.00,130.00,6%,0.01,0.00
1/31/22,Tokybook ,,,,16961.00,5797.00,11164.00,34%,3.64,0.29
1/31/22,1point3acres,,,,369.00,50.00,319.00,14%,0.04,0.00
1/31/22,Radio Texas Live,,,,34529.00,1749.00,32780.00,5%,0.90,0.29
1/31/22,KLAQ,,,,158615.00,20599.00,138016.00,13%,11.13,1.75
1/31/22,KICKS 105,,,,18259.00,1093.00,17166.00,6%,0.76,0.17
1/31/22,106.5 WYRK,,,,99902.00,6285.00,93617.00,6%,6.72,1.13
1/31/22,Buffalos 937 WBLK -The Peoples Station,,,,118538.00,8684.00,109854.00,7%,8.76,1.38
1/31/22,K2,,,,18699.00,714.00,17985.00,4%,0.69,0.17
1/31/22,101.5 WPDH,,,,39415.00,5557.00,33858.00,14%,4.14,0.53
1/31/22,97.3 KKRC,,,,18510.00,1052.00,17458.00,6%,0.84,0.18
1/31/22,The Dawg 973,,,,47905.00,3609.00,44296.00,8%,2.81,0.51
1/31/22,KNUE 1015 East Texas Country Station,,,,12236.00,1027.00,11209.00,8%,0.71,0.13
1/31/22,MyLaps,,,,13043.00,1944.00,11099.00,15%,0.38,0.03
1/30/22,Imgur,,,,10718069.00,553261.00,10164808.00,5%,2034.67,124.20
1/30/22,Wattpad,,,,3544387.00,1079740.00,2464647.00,30%,1812.36,233.20
1/30/22,MixerBox,,,,56422.00,18458.00,37964.00,33%,98.04,3.96
1/30/22,Lucktastic,,,,243573.00,55736.00,187837.00,23%,378.57,7.26
1/30/22,MixerBoxLite,,,,1205851.00,106776.00,1099075.00,9%,121.42,29.05
1/30/22,Kidoodle,,,,202431394.00,808365.00,201623029.00,0%,6143.41,1718.53
1/30/22,MocoSpace,,,,508138.00,380402.00,127736.00,75%,503.17,36.12
1/30/22,Online Plus,,,,1811436.00,400955.00,1410481.00,22%,1501.94,75.21
1/30/22,Qlixar,,,,1091821.00,220002.00,871819.00,20%,865.09,41.76
1/30/22,WeatherBug,,,,68450677.00,2115480.00,66335197.00,3%,3129.94,250.40
1/30/22,Droplist,,,,362801.00,169763.00,193038.00,47%,95.08,10.86
1/30/22,Growlr,,,,4742652.00,2136323.00,2606329.00,45%,620.72,61.69
1/30/22,The Times of India,,,,8171791.00,145767.00,8026024.00,2%,180.14,68.79
1/30/22,LiveMixTapes,,,,763412.00,428318.00,335094.00,56%,308.03,23.91
1/30/22,Instant News,,,,36379.00,29294.00,7085.00,81%,453.13,5.02
1/30/22,Dolphin,,,,3426.00,1575.00,1851.00,46%,3.06,0.28
1/30/22,MyDaily,,,,8583.00,6059.00,2524.00,71%,13.51,1.04
1/30/22,Everyday,,,,1253.00,813.00,440.00,65%,5.26,0.14
1/30/22,First News,,,,142418.00,89637.00,52781.00,63%,506.35,15.50
1/30/22,The Feed,,,,178.00,69.00,109.00,39%,0.15,0.01
1/30/22,VladTV,,,,135710.00,56447.00,79263.00,42%,50.42,4.08
1/30/22,Crocodile,,,,20324.00,3781.00,16543.00,19%,11.22,0.73
1/30/22,QuizJP,,,,441.00,1.00,440.00,0%,0.00,0.00
1/30/22,QuizUS,,,,539.00,14.00,525.00,3%,0.12,0.01
1/30/22,PalTalk,,,,1685690.00,1257671.00,428019.00,75%,294.71,23.63
1/30/22,Impala - Headlines,,,,1544831.00,46761.00,1498070.00,3%,448.42,15.44
1/30/22,Steps,,,,307127.00,97951.00,209176.00,32%,69.64,6.34
1/30/22,MyFitnessPal,,,,57931222.00,23173710.00,34757512.00,40%,5124.51,499.53
1/30/22,ShopKick,,,,1592743.00,250981.00,1341762.00,16%,1082.81,59.58
1/30/22,Audiomack,,,,2733198.00,831236.00,1901962.00,30%,2549.61,140.79
1/30/22,Encyclopedia Britannica,,,,7872014.00,178413.00,7693601.00,2%,213.43,14.94
1/30/22,Scrabble Go,,,,10863175.00,1776744.00,9086431.00,16%,1925.08,105.88
1/30/22,Camfrog,,,,1530826.00,1239953.00,290873.00,81%,100.14,9.05
1/30/22,Flickr,,,,22720488.00,65050.00,22655438.00,0%,31.70,160.81
1/30/22,MeetMe,,,,1897207.00,590299.00,1306908.00,31%,1333.33,126.44
1/30/22,StockTwits,,,,3494106.00,324105.00,3170001.00,9%,216.86,17.35
1/30/22,MyMixTapez,,,,5526573.00,2348.00,5524225.00,0%,10.42,39.19
1/30/22,Ultimate Classic Rock,,,,14318.00,670.00,13648.00,5%,0.84,0.15
1/30/22,Barstool Sports,,,,4807070.00,17796.00,4789274.00,0%,6.19,0.50
1/30/22,SwingU,,,,31603.00,5303.00,26300.00,17%,10.42,0.83
1/30/22,Reuters,,,,1279489.00,66572.00,1212917.00,5%,61.10,4.89
1/30/22,Funny Weather,,,,12495.00,1743.00,10752.00,14%,4.51,0.39
1/30/22,VPN - Super Unlimited Proxy,,,,5419596.00,10163.00,5409433.00,0%,17.38,39.08
1/30/22,NJ 101.5,,,,237100.00,8118.00,228982.00,3%,15.49,2.69
1/30/22,WGRD,,,,9563.00,521.00,9042.00,5%,0.70,0.11
1/30/22,NewsTalk,,,,81132.00,928.00,80204.00,1%,0.94,0.63
1/30/22,WBLM,,,,31204.00,837.00,30367.00,3%,0.73,0.26
1/30/22,WJON,,,,18817.00,644.00,18173.00,3%,0.97,0.20
1/30/22,Tide,,,,15626.00,1492.00,14134.00,10%,1.12,0.18
1/30/22,KFR,,,,3368.00,542.00,2826.00,16%,0.59,0.06
1/30/22,WBCK,,,,7747.00,531.00,7216.00,7%,0.52,0.09
1/30/22,Cat Country,,,,7655.00,109.00,7546.00,1%,0.08,0.06
1/30/22,Mix 95.7FM,,,,10681.00,678.00,10003.00,6%,0.58,0.11
1/30/22,Memedroid,,,,193484.00,8908.00,184576.00,5%,1.81,0.14
1/30/22,Loudwire,,,,17724.00,1971.00,15753.00,11%,2.20,0.26
1/30/22,XXL Mag,,,,11027.00,894.00,10133.00,8%,0.82,0.13
1/30/22,ScoreStream,,,,2420.00,100.00,2320.00,4%,0.13,0.01
1/30/22,FreeUnblock VPN,,,,1129.00,60.00,1069.00,5%,0.01,0.00
1/30/22,HAR Texas,,,,773460.00,142871.00,630589.00,18%,110.16,8.81
1/30/22,Psiphon Pro,,,,11453493.00,1176507.00,10276986.00,10%,176.10,14.09
1/30/22,Bracelet Book,,,,56810.00,1922.00,54888.00,3%,0.73,0.06
1/30/22,Tumblr,,,,87550628.00,13187597.00,74363031.00,15%,8318.67,499.12
1/30/22,Wordfinder by WordTips,,,,556271.00,132253.00,424018.00,24%,188.74,15.10
1/30/22,PricePulse,,,,27002.00,1733.00,25269.00,6%,2.16,0.17
1/30/22,Untappd,,,,552606.00,107833.00,444773.00,20%,96.02,7.68
1/30/22,Dice with Buddies,,,,402656.00,33138.00,369518.00,8%,102.50,5.64
1/30/22,Yahtzee with Buddies,,,,2457337.00,115457.00,2341880.00,5%,440.99,24.25
1/30/22,Astrology Daily,,,,639.00,57.00,582.00,9%,0.08,0.01
1/30/22,Meetup,,,,423337.00,19896.00,403441.00,5%,32.39,2.59
1/30/22,BisManOnline,,,,88.00,5.00,83.00,6%,0.00,0.00
1/30/22,Tokybook ,,,,13257.00,4236.00,9021.00,32%,2.66,0.21
1/30/22,1point3acres,,,,497.00,106.00,391.00,21%,0.13,0.01
1/30/22,Radio Texas Live,,,,41237.00,2201.00,39036.00,5%,1.20,0.36
1/30/22,KLAQ,,,,13240.00,1402.00,11838.00,11%,0.65,0.13
1/30/22,KICKS 105,,,,7744.00,4.00,7740.00,0%,0.00,0.05
1/30/22,106.5 WYRK,,,,34911.00,1642.00,33269.00,5%,1.62,0.35
1/30/22,Buffalos 937 WBLK -The Peoples Station,,,,35430.00,2438.00,32992.00,7%,2.15,0.38
1/30/22,K2,,,,10420.00,205.00,10215.00,2%,0.17,0.08
1/30/22,101.5 WPDH,,,,30471.00,3756.00,26715.00,12%,2.82,0.38
1/30/22,97.3 KKRC,,,,5071.00,222.00,4849.00,4%,0.23,0.05
1/30/22,The Dawg 973,,,,197067.00,11701.00,185366.00,6%,7.75,1.84
1/30/22,KNUE 1015 East Texas Country Station,,,,9410.00,502.00,8908.00,5%,0.19,0.08
1/30/22,MyLaps,,,,89598.00,9530.00,80068.00,11%,2.26,0.18
1/29/22,Imgur,,,,8295244.00,465165.00,7830079.00,6%,1442.54,99.61
1/29/22,Wattpad,,,,3076212.00,1013127.00,2063085.00,33%,1774.79,217.07
1/29/22,MixerBox,,,,58534.00,19477.00,39057.00,33%,108.16,4.17
1/29/22,Lucktastic,,,,239777.00,56599.00,183178.00,24%,381.39,7.31
1/29/22,MixerBoxLite,,,,1245641.00,118590.00,1127051.00,10%,134.93,31.61
1/29/22,Kidoodle,,,,222266285.00,955852.00,221310433.00,0%,7244.97,1911.42
1/29/22,MocoSpace,,,,497905.00,379674.00,118231.00,76%,491.88,35.26
1/29/22,Online Plus,,,,1891635.00,489820.00,1401815.00,26%,1767.65,90.28
1/29/22,Qlixar,,,,1076815.00,299714.00,777101.00,28%,1209.80,54.84
1/29/22,WeatherBug,,,,94739642.00,3618078.00,91121564.00,4%,5278.78,422.30
1/29/22,Droplist,,,,202455.00,104232.00,98223.00,51%,54.72,6.16
1/29/22,Growlr,,,,4581247.00,2097542.00,2483705.00,46%,617.97,60.64
1/29/22,The Times of India,,,,10057370.00,177381.00,9879989.00,2%,206.70,83.63
1/29/22,LiveMixTapes,,,,831250.00,437864.00,393386.00,53%,316.54,24.91
1/29/22,Instant News,,,,34024.00,30304.00,3720.00,89%,470.47,5.17
1/29/22,Dolphin,,,,4392.00,2359.00,2033.00,54%,4.02,0.41
1/29/22,MyDaily,,,,8363.00,6145.00,2218.00,73%,14.45,1.06
1/29/22,Everyday,,,,780.00,584.00,196.00,75%,4.59,0.10
1/29/22,First News,,,,140761.00,90102.00,50659.00,64%,541.46,15.57
1/29/22,The Feed,,,,180.00,96.00,84.00,53%,0.25,0.02
1/29/22,ShopSavvy,,,,3.00,1.00,2.00,33%,0.00,0.00
1/29/22,VladTV,,,,166913.00,69976.00,96937.00,42%,62.37,5.04
1/29/22,Crocodile,,,,19668.00,4070.00,15598.00,21%,12.16,0.77
1/29/22,QuizJP,,,,389.00,2.00,387.00,1%,0.02,0.00
1/29/22,QuizUS,,,,542.00,33.00,509.00,6%,1.27,0.01
1/29/22,PalTalk,,,,1855054.00,1419161.00,435893.00,77%,319.12,25.39
1/29/22,Impala - Headlines,,,,1625325.00,55607.00,1569718.00,3%,480.15,17.30
1/29/22,Steps,,,,307647.00,97541.00,210106.00,32%,69.99,6.37
1/29/22,MyFitnessPal,,,,56331002.00,21491501.00,34839501.00,38%,5267.49,507.25
1/29/22,ShopKick,,,,1636416.00,330958.00,1305458.00,20%,1527.37,75.33
1/29/22,Audiomack,,,,2869724.00,895146.00,1974578.00,31%,2746.55,151.15
1/29/22,Encyclopedia Britannica,,,,7782819.00,144393.00,7638426.00,2%,175.47,12.28
1/29/22,Scrabble Go,,,,10168499.00,1290364.00,8878135.00,13%,1694.57,93.20
1/29/22,Camfrog,,,,1593680.00,1288723.00,304957.00,81%,108.33,9.72
1/29/22,Flickr,,,,20759684.00,62093.00,20697591.00,0%,31.61,147.10
1/29/22,MeetMe,,,,1833436.00,565371.00,1268065.00,31%,897.12,121.19
1/29/22,StockTwits,,,,4225339.00,429080.00,3796259.00,10%,275.27,22.02
1/29/22,MyMixTapez,,,,6562184.00,2381.00,6559803.00,0%,9.51,46.39
1/29/22,Ultimate Classic Rock,,,,16921.00,659.00,16262.00,4%,0.94,0.18
1/29/22,Barstool Sports,,,,4487488.00,19892.00,4467596.00,0%,7.58,0.61
1/29/22,SwingU,,,,30871.00,5124.00,25747.00,17%,10.91,0.87
1/29/22,Reuters,,,,1302763.00,67400.00,1235363.00,5%,61.45,4.92
1/29/22,Funny Weather,,,,13441.00,2042.00,11399.00,15%,5.71,0.48
1/29/22,VPN - Super Unlimited Proxy,,,,5120463.00,15512.00,5104951.00,0%,27.18,37.64
1/29/22,NJ 101.5,,,,393080.00,17742.00,375338.00,5%,26.87,4.51
1/29/22,WGRD,,,,34289.00,1754.00,32535.00,5%,2.71,0.42
1/29/22,NewsTalk,,,,105102.00,1457.00,103645.00,1%,1.52,0.83
1/29/22,WBLM,,,,43991.00,1115.00,42876.00,3%,1.02,0.37
1/29/22,WJON,,,,23913.00,1275.00,22638.00,5%,1.86,0.29
1/29/22,Tide,,,,41318.00,3259.00,38059.00,8%,2.62,0.45
1/29/22,KFR,,,,3468.00,298.00,3170.00,9%,0.41,0.05
1/29/22,WBCK,,,,16531.00,1097.00,15434.00,7%,0.98,0.18
1/29/22,Cat Country,,,,12793.00,127.00,12666.00,1%,0.13,0.10
1/29/22,Mix 95.7FM,,,,11053.00,639.00,10414.00,6%,0.61,0.12
1/29/22,Memedroid,,,,173602.00,8725.00,164877.00,5%,1.90,0.15
1/29/22,Loudwire,,,,20592.00,2368.00,18224.00,12%,2.64,0.31
1/29/22,XXL Mag,,,,12791.00,1216.00,11575.00,10%,1.23,0.17
1/29/22,ScoreStream,,,,3678.00,153.00,3525.00,4%,0.20,0.02
1/29/22,FreeUnblock VPN,,,,1016.00,40.00,976.00,4%,0.00,0.00
1/29/22,HAR Texas,,,,779608.00,135752.00,643856.00,17%,108.17,8.65
1/29/22,Psiphon Pro,,,,11281412.00,1073594.00,10207818.00,10%,161.47,12.92
1/29/22,Bracelet Book,,,,57636.00,2065.00,55571.00,4%,0.84,0.07
1/29/22,Tumblr,,,,85349834.00,13085283.00,72264551.00,15%,8162.57,489.75
1/29/22,Wordfinder by WordTips,,,,527061.00,131260.00,395801.00,25%,219.85,17.59
1/29/22,PricePulse,,,,29107.00,2017.00,27090.00,7%,2.56,0.20
1/29/22,Untappd,,,,682019.00,128625.00,553394.00,19%,132.00,10.56
1/29/22,Dice with Buddies,,,,398395.00,26086.00,372309.00,7%,64.59,3.55
1/29/22,Yahtzee with Buddies,,,,2369198.00,84549.00,2284649.00,4%,319.74,17.59
1/29/22,Astrology Daily,,,,635.00,59.00,576.00,9%,0.13,0.01
1/29/22,Meetup,,,,426030.00,24470.00,401560.00,6%,40.70,3.26
1/29/22,BisManOnline,,,,125.00,23.00,102.00,18%,0.01,0.00
1/29/22,Tokybook ,,,,13570.00,4654.00,8916.00,34%,4.03,0.32
1/29/22,1point3acres,,,,467.00,91.00,376.00,19%,0.06,0.00
1/29/22,Radio Texas Live,,,,40807.00,1640.00,39167.00,4%,0.85,0.33
1/29/22,KLAQ,,,,26374.00,2313.00,24061.00,9%,1.80,0.29
1/29/22,KICKS 105,,,,9949.00,287.00,9662.00,3%,0.23,0.08
1/29/22,106.5 WYRK,,,,48273.00,2121.00,46152.00,4%,2.21,0.48
1/29/22,Buffalos 937 WBLK -The Peoples Station,,,,58005.00,4293.00,53712.00,7%,3.60,0.63
1/29/22,K2,,,,19296.00,296.00,19000.00,2%,0.33,0.16
1/29/22,101.5 WPDH,,,,30166.00,3017.00,27149.00,10%,2.61,0.37
1/29/22,97.3 KKRC,,,,10226.00,692.00,9534.00,7%,0.59,0.11
1/29/22,The Dawg 973,,,,34966.00,2439.00,32527.00,7%,1.59,0.34
1/29/22,KNUE 1015 East Texas Country Station,,,,11122.00,937.00,10185.00,8%,0.57,0.11
1/29/22,MyLaps,,,,119567.00,12871.00,106696.00,11%,3.67,0.29
1/28/22,Imgur,,,,4826509.00,127041.00,4699468.00,3%,397.62,44.27
1/28/22,Wattpad,,,,2835356.00,1065478.00,1769878.00,38%,1910.02,225.48
1/28/22,MixerBox,,,,60796.00,21109.00,39687.00,35%,121.83,4.50
1/28/22,Lucktastic,,,,242576.00,58647.00,183929.00,24%,391.48,7.52
1/28/22,MixerBoxLite,,,,1300873.00,109804.00,1191069.00,8%,147.24,30.30
1/28/22,Kidoodle,,,,194259320.00,876636.00,193382684.00,0%,6475.29,1677.44
1/28/22,MocoSpace,,,,481156.00,373122.00,108034.00,78%,488.45,34.95
1/28/22,Online Plus,,,,1938815.00,411657.00,1527158.00,21%,1451.85,77.62
1/28/22,Qlixar,,,,1100144.00,366779.00,733365.00,33%,1444.29,66.02
1/28/22,WeatherBug,,,,102954622.00,4653633.00,98300989.00,5%,6729.61,538.37
1/28/22,Droplist,,,,216371.00,112905.00,103466.00,52%,61.93,6.92
1/28/22,Growlr,,,,4344266.00,2050986.00,2293280.00,47%,595.22,57.72
1/28/22,The Times of India,,,,10241578.00,207879.00,10033699.00,2%,225.51,86.02
1/28/22,LiveMixTapes,,,,861161.00,490045.00,371116.00,57%,350.50,27.13
1/28/22,Instant News,,,,35379.00,31738.00,3641.00,90%,503.65,5.41
1/28/22,Dolphin,,,,4080.00,1984.00,2096.00,49%,3.25,0.35
1/28/22,MyDaily,,,,7970.00,6273.00,1697.00,79%,14.90,1.07
1/28/22,Everyday,,,,863.00,604.00,259.00,70%,4.54,0.10
1/28/22,First News,,,,135135.00,85035.00,50100.00,63%,490.69,14.71
1/28/22,The Feed,,,,152.00,62.00,90.00,41%,0.21,0.01
1/28/22,VladTV,,,,180337.00,78719.00,101618.00,44%,64.73,5.24
1/28/22,Crocodile,,,,14887.00,4504.00,10383.00,30%,13.41,0.82
1/28/22,QuizJP,,,,552.00,3.00,549.00,1%,0.02,0.00
1/28/22,QuizUS,,,,475.00,23.00,452.00,5%,0.45,0.01
1/28/22,PalTalk,,,,1812782.00,1401597.00,411185.00,77%,318.67,25.19
1/28/22,Impala - Headlines,,,,1698815.00,61075.00,1637740.00,4%,503.84,18.57
1/28/22,Steps,,,,319657.00,100388.00,219269.00,31%,75.97,6.85
1/28/22,MyFitnessPal,,,,65963727.00,29850755.00,36112972.00,45%,6656.18,585.60
1/28/22,ShopKick,,,,1629517.00,406978.00,1222539.00,25%,1828.29,89.95
1/28/22,Audiomack,,,,3107321.00,953199.00,2154122.00,31%,3103.97,170.28
1/28/22,Encyclopedia Britannica,,,,8423039.00,177077.00,8245962.00,2%,206.02,14.42
1/28/22,Scrabble Go,,,,9986281.00,1105508.00,8880773.00,11%,1522.63,83.74
1/28/22,Camfrog,,,,1597367.00,1306729.00,290638.00,82%,107.24,9.54
1/28/22,Flickr,,,,17669231.00,63071.00,17606160.00,0%,31.99,125.48
1/28/22,MeetMe,,,,1760229.00,625441.00,1134788.00,36%,1024.90,132.26
1/28/22,StockTwits,,,,10802837.00,1361471.00,9441366.00,13%,739.36,59.15
1/28/22,MyMixTapez,,,,7154298.00,2489.00,7151809.00,0%,10.57,50.59
1/28/22,Ultimate Classic Rock,,,,16589.00,648.00,15941.00,4%,0.78,0.17
1/28/22,Barstool Sports,,,,5313844.00,25106.00,5288738.00,0%,9.06,0.72
1/28/22,SwingU,,,,24863.00,4420.00,20443.00,18%,8.28,0.66
1/28/22,Reuters,,,,1349813.00,63364.00,1286449.00,5%,58.71,4.70
1/28/22,Funny Weather,,,,11835.00,1774.00,10061.00,15%,5.32,0.44
1/28/22,VPN - Super Unlimited Proxy,,,,5289861.00,17326.00,5272535.00,0%,32.05,39.15
1/28/22,NJ 101.5,,,,921210.00,28551.00,892659.00,3%,44.99,9.40
1/28/22,WGRD,,,,227841.00,7511.00,220330.00,3%,11.45,2.34
1/28/22,NewsTalk,,,,421484.00,7789.00,413695.00,2%,8.60,3.50
1/28/22,WBLM,,,,69776.00,2287.00,67489.00,3%,2.33,0.64
1/28/22,WJON,,,,41759.00,1677.00,40082.00,4%,2.21,0.44
1/28/22,Tide,,,,53106.00,5051.00,48055.00,10%,4.15,0.63
1/28/22,KFR,,,,5970.00,492.00,5478.00,8%,0.57,0.08
1/28/22,WBCK,,,,36268.00,3615.00,32653.00,10%,3.07,0.44
1/28/22,Cat Country,,,,42195.00,456.00,41739.00,1%,0.49,0.33
1/28/22,Mix 95.7FM,,,,29489.00,2719.00,26770.00,9%,2.46,0.36
1/28/22,Memedroid,,,,193994.00,8728.00,185266.00,5%,1.84,0.15
1/28/22,Loudwire,,,,28368.00,3302.00,25066.00,12%,3.83,0.44
1/28/22,XXL Mag,,,,14373.00,1444.00,12929.00,10%,1.46,0.19
1/28/22,ScoreStream,,,,1771.00,72.00,1699.00,4%,0.10,0.01
1/28/22,FreeUnblock VPN,,,,1087.00,52.00,1035.00,5%,0.00,0.00
1/28/22,HAR Texas,,,,695530.00,111086.00,584444.00,16%,89.25,7.14
1/28/22,Psiphon Pro,,,,11607929.00,1344274.00,10263655.00,12%,185.21,14.82
1/28/22,Bracelet Book,,,,46921.00,1897.00,45024.00,4%,0.69,0.06
1/28/22,Tumblr,,,,87759270.00,13795134.00,73964136.00,16%,8380.96,502.86
1/28/22,Wordfinder by WordTips,,,,461262.00,116058.00,345204.00,25%,175.51,14.04
1/28/22,PricePulse,,,,24803.00,1042.00,23761.00,4%,1.09,0.09
1/28/22,Untappd,,,,482728.00,74610.00,408118.00,15%,75.40,6.03
1/28/22,Dice with Buddies,,,,379988.00,24125.00,355863.00,6%,50.18,2.76
1/28/22,Yahtzee with Buddies,,,,2351912.00,75250.00,2276662.00,3%,279.94,15.40
1/28/22,Astrology Daily,,,,649.00,60.00,589.00,9%,0.09,0.01
1/28/22,Meetup,,,,382995.00,22191.00,360804.00,6%,39.71,3.18
1/28/22,BisManOnline,,,,156.00,36.00,120.00,23%,0.05,0.00
1/28/22,Tokybook ,,,,20557.00,6141.00,14416.00,30%,4.83,0.39
1/28/22,1point3acres,,,,470.00,116.00,354.00,25%,0.13,0.01
1/28/22,Radio Texas Live,,,,40251.00,2251.00,38000.00,6%,1.46,0.37
1/28/22,KLAQ,,,,143825.00,19374.00,124451.00,13%,11.06,1.65
1/28/22,KICKS 105,,,,11941.00,413.00,11528.00,3%,0.33,0.10
1/28/22,106.5 WYRK,,,,97114.00,4431.00,92683.00,5%,4.25,0.95
1/28/22,Buffalos 937 WBLK -The Peoples Station,,,,121564.00,9208.00,112356.00,8%,8.90,1.41
1/28/22,K2,,,,24155.00,633.00,23522.00,3%,0.66,0.21
1/28/22,101.5 WPDH,,,,52714.00,6836.00,45878.00,13%,5.50,0.71
1/28/22,97.3 KKRC,,,,20747.00,1351.00,19396.00,7%,0.96,0.20
1/28/22,The Dawg 973,,,,40023.00,2693.00,37330.00,7%,2.07,0.41
1/28/22,KNUE 1015 East Texas Country Station,,,,10380.00,821.00,9559.00,8%,0.53,0.10
1/28/22,MyLaps,,,,29083.00,4013.00,25070.00,14%,1.33,0.11
1/27/22,Imgur,,,,2977613.00,176820.00,2800793.00,6%,543.78,35.72
1/27/22,Wattpad,,,,2808932.00,1007127.00,1801805.00,36%,1805.25,214.04
1/27/22,MixerBox,,,,60383.00,21407.00,38976.00,35%,113.43,4.55
1/27/22,Lucktastic,,,,240110.00,57351.00,182759.00,24%,400.47,7.38
1/27/22,MixerBoxLite,,,,1363761.00,102877.00,1260884.00,8%,133.67,29.40
1/27/22,Kidoodle,,,,142581933.00,764451.00,141817482.00,1%,5800.35,1282.74
1/27/22,MocoSpace,,,,494652.00,386189.00,108463.00,78%,530.29,37.88
1/27/22,Online Plus,,,,1934292.00,424425.00,1509867.00,22%,1384.02,79.70
1/27/22,Qlixar,,,,1078703.00,338937.00,739766.00,31%,1293.81,61.32
1/27/22,WeatherBug,,,,82412959.00,3781572.00,78631387.00,5%,4973.78,397.90
1/27/22,Droplist,,,,307186.00,155029.00,152157.00,50%,92.98,10.36
1/27/22,Growlr,,,,4146805.00,1917347.00,2229458.00,46%,553.43,54.35
1/27/22,The Times of India,,,,7665395.00,172586.00,7492809.00,2%,197.44,66.27
1/27/22,LiveMixTapes,,,,843014.00,476497.00,366517.00,57%,342.94,26.57
1/27/22,Instant News,,,,31209.00,27688.00,3521.00,89%,404.87,4.72
1/27/22,Dolphin,,,,3754.00,2037.00,1717.00,54%,2.98,0.35
1/27/22,MyDaily,,,,7684.00,5725.00,1959.00,75%,13.94,0.98
1/27/22,Everyday,,,,625.00,474.00,151.00,76%,4.21,0.08
1/27/22,First News,,,,132825.00,83503.00,49322.00,63%,469.31,14.44
1/27/22,The Feed,,,,169.00,73.00,96.00,43%,0.16,0.01
1/27/22,VladTV,,,,195229.00,82500.00,112729.00,42%,64.05,5.27
1/27/22,Crocodile,,,,14413.00,3021.00,11392.00,21%,9.11,0.57
1/27/22,QuizJP,,,,807.00,1.00,806.00,0%,0.01,0.01
1/27/22,QuizUS,,,,639.00,18.00,621.00,3%,0.33,0.01
1/27/22,PalTalk,,,,1674806.00,1242802.00,432004.00,74%,339.93,26.82
1/27/22,Impala - Headlines,,,,1644984.00,60357.00,1584627.00,4%,433.52,18.18
1/27/22,Steps,,,,326299.00,96031.00,230268.00,29%,73.94,6.79
1/27/22,Timer+,,,,1.00,1.00,0.00,100%,0.00,0.00
1/27/22,MyFitnessPal,,,,109658042.00,39615736.00,70042306.00,36%,8965.05,938.55
1/27/22,ShopKick,,,,1724016.00,454245.00,1269771.00,26%,1937.09,99.73
1/27/22,Audiomack,,,,2912658.00,972151.00,1940507.00,33%,3293.23,178.25
1/27/22,Encyclopedia Britannica,,,,8958211.00,265033.00,8693178.00,3%,293.07,20.51
1/27/22,Scrabble Go,,,,9985681.00,1221181.00,8764500.00,12%,1436.69,79.02
1/27/22,Camfrog,,,,1474754.00,1203522.00,271232.00,82%,100.55,8.94
1/27/22,Flickr,,,,16734780.00,66502.00,16668278.00,0%,32.70,118.97
1/27/22,MeetMe,,,,1748237.00,628074.00,1120163.00,36%,979.81,132.68
1/27/22,StockTwits,,,,12246179.00,1543197.00,10702982.00,13%,811.07,64.89
1/27/22,MyMixTapez,,,,6385523.00,3170.00,6382353.00,0%,15.92,45.47
1/27/22,Ultimate Classic Rock,,,,16149.00,923.00,15226.00,6%,1.17,0.19
1/27/22,Barstool Sports,,,,5557720.00,20602.00,5537118.00,0%,7.47,0.60
1/27/22,SwingU,,,,21099.00,4380.00,16719.00,21%,8.67,0.69
1/27/22,Reuters,,,,1406769.00,80797.00,1325972.00,6%,74.22,5.94
1/27/22,Funny Weather,,,,13110.00,2109.00,11001.00,16%,5.52,0.46
1/27/22,VPN - Super Unlimited Proxy,,,,5581106.00,11662.00,5569444.00,0%,21.08,40.46
1/27/22,NJ 101.5,,,,927459.00,26847.00,900612.00,3%,41.12,9.18
1/27/22,WGRD,,,,243324.00,9000.00,234324.00,4%,13.37,2.58
1/27/22,NewsTalk,,,,462873.00,9816.00,453057.00,2%,10.06,3.88
1/27/22,WBLM,,,,68387.00,2425.00,65962.00,4%,2.29,0.62
1/27/22,WJON,,,,47624.00,2316.00,45308.00,5%,2.75,0.51
1/27/22,Tide,,,,59295.00,4744.00,54551.00,8%,3.27,0.61
1/27/22,KFR,,,,4594.00,473.00,4121.00,10%,0.63,0.07
1/27/22,WBCK,,,,37166.00,3483.00,33683.00,9%,2.86,0.44
1/27/22,Cat Country,,,,44860.00,1282.00,43578.00,3%,1.50,0.41
1/27/22,Mix 95.7FM,,,,34167.00,3546.00,30621.00,10%,3.41,0.45
1/27/22,Memedroid,,,,187140.00,7868.00,179272.00,4%,1.94,0.16
1/27/22,Loudwire,,,,26413.00,3243.00,23170.00,12%,3.54,0.41
1/27/22,XXL Mag,,,,16893.00,2129.00,14764.00,13%,2.10,0.25
1/27/22,ScoreStream,,,,1278.00,52.00,1226.00,4%,0.07,0.01
1/27/22,FreeUnblock VPN,,,,1152.00,58.00,1094.00,5%,0.01,0.00
1/27/22,HAR Texas,,,,679860.00,103961.00,575899.00,15%,88.46,7.08
1/27/22,Psiphon Pro,,,,11666212.00,1273067.00,10393145.00,11%,182.76,14.62
1/27/22,Bracelet Book,,,,41029.00,1549.00,39480.00,4%,0.60,0.05
1/27/22,Tumblr,,,,87531565.00,13172862.00,74358703.00,15%,7912.35,474.74
1/27/22,Wordfinder by WordTips,,,,476376.00,129780.00,346596.00,27%,178.76,14.30
1/27/22,PricePulse,,,,25406.00,1015.00,24391.00,4%,1.36,0.11
1/27/22,Untappd,,,,333294.00,43773.00,289521.00,13%,49.26,3.94
1/27/22,Dice with Buddies,,,,362942.00,23644.00,339298.00,7%,60.79,3.34
1/27/22,Yahtzee with Buddies,,,,2213377.00,80930.00,2132447.00,4%,327.93,18.04
1/27/22,Astrology Daily,,,,607.00,70.00,537.00,12%,0.10,0.01
1/27/22,Meetup,,,,352917.00,51508.00,301409.00,15%,50.38,4.03
1/27/22,BisManOnline,,,,172.00,77.00,95.00,45%,0.08,0.01
1/27/22,Tokybook ,,,,22401.00,7359.00,15042.00,33%,5.80,0.46
1/27/22,1point3acres,,,,482.00,100.00,382.00,21%,0.11,0.01
1/27/22,Radio Texas Live,,,,35185.00,2143.00,33042.00,6%,1.42,0.33
1/27/22,KLAQ,,,,163064.00,25671.00,137393.00,16%,13.90,1.93
1/27/22,KICKS 105,,,,17075.00,1065.00,16010.00,6%,0.73,0.16
1/27/22,106.5 WYRK,,,,101059.00,4709.00,96350.00,5%,4.53,0.99
1/27/22,Buffalos 937 WBLK -The Peoples Station,,,,119236.00,10433.00,108803.00,9%,10.87,1.52
1/27/22,K2,,,,24927.00,1339.00,23588.00,5%,1.46,0.27
1/27/22,101.5 WPDH,,,,55385.00,6521.00,48864.00,12%,5.17,0.70
1/27/22,97.3 KKRC,,,,15828.00,1377.00,14451.00,9%,0.95,0.17
1/27/22,The Dawg 973,,,,43941.00,2319.00,41622.00,5%,1.87,0.42
1/27/22,KNUE 1015 East Texas Country Station,,,,10145.00,657.00,9488.00,6%,0.50,0.10
1/27/22,MyLaps,,,,7564.00,1111.00,6453.00,15%,0.32,0.03
1/26/22,Imgur,,,,10251699.00,564035.00,9687664.00,6%,1810.56,122.04
1/26/22,Wattpad,,,,2969268.00,1048819.00,1920449.00,35%,1885.71,223.21
1/26/22,MixerBox,,,,59250.00,21115.00,38135.00,36%,114.64,4.49
1/26/22,Lucktastic,,,,252714.00,62706.00,190008.00,25%,463.85,7.98
1/26/22,MixerBoxLite,,,,1265257.00,93971.00,1171286.00,7%,104.37,26.99
1/26/22,Kidoodle,,,,205107670.00,948110.00,204159560.00,0%,6931.27,1775.68
1/26/22,MocoSpace,,,,521974.00,393951.00,128023.00,75%,542.15,38.85
1/26/22,Online Plus,,,,1974976.00,480920.00,1494056.00,24%,1589.66,89.23
1/26/22,Qlixar,,,,1051135.00,314972.00,736163.00,30%,1228.88,57.23
1/26/22,WeatherBug,,,,79120662.00,3523492.00,75597170.00,4%,4572.15,365.77
1/26/22,Droplist,,,,559845.00,281042.00,278803.00,50%,185.26,20.48
1/26/22,Growlr,,,,4244972.00,1970454.00,2274518.00,46%,603.59,58.17
1/26/22,The Times of India,,,,9817997.00,207658.00,9610339.00,2%,220.10,82.68
1/26/22,LiveMixTapes,,,,880378.00,489609.00,390769.00,56%,361.17,28.02
1/26/22,Instant News,,,,31043.00,28091.00,2952.00,90%,454.88,4.79
1/26/22,Dolphin,,,,3893.00,1988.00,1905.00,51%,3.23,0.35
1/26/22,MyDaily,,,,7663.00,5655.00,2008.00,74%,12.75,0.97
1/26/22,Everyday,,,,697.00,517.00,180.00,74%,3.43,0.09
1/26/22,First News,,,,132586.00,82965.00,49621.00,63%,453.61,14.35
1/26/22,The Feed,,,,189.00,99.00,90.00,52%,0.30,0.02
1/26/22,ShopSavvy,,,,16.00,5.00,11.00,31%,0.01,0.00
1/26/22,VladTV,,,,202569.00,83133.00,119436.00,41%,63.85,5.31
1/26/22,Crocodile,,,,16913.00,3046.00,13867.00,18%,8.91,0.59
1/26/22,QuizJP,,,,732.00,1.00,731.00,0%,0.01,0.01
1/26/22,QuizUS,,,,761.00,11.00,750.00,1%,0.08,0.01
1/26/22,PalTalk,,,,1497791.00,1071825.00,425966.00,72%,309.32,24.63
1/26/22,Impala - Headlines,,,,1604340.00,49530.00,1554810.00,3%,347.75,16.19
1/26/22,Steps,,,,324951.00,90227.00,234724.00,28%,69.27,6.49
1/26/22,MyFitnessPal,,,,120650373.00,43415988.00,77234385.00,36%,9934.12,1037.35
1/26/22,ShopKick,,,,1715387.00,417659.00,1297728.00,24%,1810.41,92.61
1/26/22,Audiomack,,,,2784861.00,929643.00,1855218.00,33%,3727.97,199.39
1/26/22,Encyclopedia Britannica,,,,8994671.00,319278.00,8675393.00,4%,327.92,22.95
1/26/22,Scrabble Go,,,,10183361.00,1288043.00,8895318.00,13%,1949.34,107.21
1/26/22,Camfrog,,,,1504440.00,1207758.00,296682.00,80%,99.43,9.04
1/26/22,Flickr,,,,17232191.00,67952.00,17164239.00,0%,32.23,122.41
1/26/22,MeetMe,,,,1675798.00,646464.00,1029334.00,39%,1021.34,135.84
1/26/22,StockTwits,,,,12883962.00,1687060.00,11196902.00,13%,912.68,73.01
1/26/22,MyMixTapez,,,,6055826.00,3068.00,6052758.00,0%,16.49,43.19
1/26/22,Ultimate Classic Rock,,,,15780.00,907.00,14873.00,6%,1.26,0.19
1/26/22,Barstool Sports,,,,5408337.00,18936.00,5389401.00,0%,6.51,0.52
1/26/22,SwingU,,,,20360.00,3595.00,16765.00,18%,7.42,0.59
1/26/22,Reuters,,,,1454622.00,81826.00,1372796.00,6%,80.81,6.46
1/26/22,Funny Weather,,,,13209.00,1797.00,11412.00,14%,5.07,0.43
1/26/22,VPN - Super Unlimited Proxy,,,,5443195.00,10983.00,5432212.00,0%,18.01,39.29
1/26/22,NJ 101.5,,,,899275.00,23642.00,875633.00,3%,34.26,8.53
1/26/22,WGRD,,,,243884.00,8688.00,235196.00,4%,12.74,2.54
1/26/22,NewsTalk,,,,484190.00,10890.00,473300.00,2%,10.94,4.08
1/26/22,WBLM,,,,72285.00,2350.00,69935.00,3%,2.16,0.64
1/26/22,WJON,,,,58693.00,3831.00,54862.00,7%,4.80,0.72
1/26/22,Tide,,,,89108.00,7757.00,81351.00,9%,5.95,0.99
1/26/22,KFR,,,,5152.00,575.00,4577.00,11%,0.66,0.08
1/26/22,WBCK,,,,35881.00,4782.00,31099.00,13%,3.88,0.49
1/26/22,Cat Country,,,,41816.00,1123.00,40693.00,3%,1.43,0.38
1/26/22,Mix 95.7FM,,,,34068.00,3811.00,30257.00,11%,3.27,0.44
1/26/22,Memedroid,,,,181017.00,8493.00,172524.00,5%,1.71,0.14
1/26/22,Loudwire,,,,25344.00,3550.00,21794.00,14%,4.05,0.44
1/26/22,XXL Mag,,,,13758.00,1404.00,12354.00,10%,1.36,0.18
1/26/22,ScoreStream,,,,510.00,42.00,468.00,8%,0.08,0.01
1/26/22,FreeUnblock VPN,,,,1260.00,68.00,1192.00,5%,0.00,0.00
1/26/22,HAR Texas,,,,690001.00,117672.00,572329.00,17%,87.31,6.98
1/26/22,Psiphon Pro,,,,11901695.00,1021306.00,10880389.00,9%,173.72,13.90
1/26/22,Bracelet Book,,,,37655.00,1537.00,36118.00,4%,0.58,0.05
1/26/22,Tumblr,,,,87053711.00,13361327.00,73692384.00,15%,7734.71,464.08
1/26/22,Wordfinder by WordTips,,,,487931.00,128278.00,359653.00,26%,192.30,15.38
1/26/22,PricePulse,,,,26752.00,1220.00,25532.00,5%,1.30,0.10
1/26/22,Untappd,,,,253997.00,39556.00,214441.00,16%,44.86,3.59
1/26/22,Dice with Buddies,,,,396629.00,37655.00,358974.00,9%,135.61,7.46
1/26/22,Yahtzee with Buddies,,,,2492301.00,155094.00,2337207.00,6%,752.06,41.36
1/26/22,Astrology Daily,,,,501.00,70.00,431.00,14%,0.14,0.01
1/26/22,Meetup,,,,338567.00,60895.00,277672.00,18%,57.26,4.58
1/26/22,BisManOnline,,,,197.00,81.00,116.00,41%,0.13,0.01
1/26/22,Tokybook ,,,,18873.00,6381.00,12492.00,34%,5.93,0.47
1/26/22,1point3acres,,,,432.00,131.00,301.00,30%,0.24,0.02
1/26/22,Radio Texas Live,,,,32965.00,2384.00,30581.00,7%,1.36,0.31
1/26/22,KLAQ,,,,163663.00,28745.00,134918.00,18%,15.96,2.06
1/26/22,KICKS 105,,,,15299.00,1320.00,13979.00,9%,0.75,0.15
1/26/22,106.5 WYRK,,,,97233.00,5659.00,91574.00,6%,5.25,1.01
1/26/22,Buffalos 937 WBLK -The Peoples Station,,,,128241.00,8838.00,119403.00,7%,8.55,1.43
1/26/22,K2,,,,25907.00,1558.00,24349.00,6%,1.82,0.30
1/26/22,101.5 WPDH,,,,48483.00,7405.00,41078.00,15%,6.07,0.71
1/26/22,97.3 KKRC,,,,17944.00,1704.00,16240.00,10%,1.16,0.19
1/26/22,The Dawg 973,,,,45346.00,3136.00,42210.00,7%,2.79,0.49
1/26/22,KNUE 1015 East Texas Country Station,,,,9600.00,940.00,8660.00,10%,0.57,0.10
1/26/22,MyLaps,,,,2013.00,210.00,1803.00,10%,0.04,0.00
1/25/22,Imgur,,,,10394127.00,598223.00,9795904.00,6%,1933.36,125.81
1/25/22,Wattpad,,,,3029579.00,1041390.00,1988189.00,34%,1829.16,222.20
1/25/22,MixerBox,,,,59354.00,21009.00,38345.00,35%,110.08,4.47
1/25/22,Lucktastic,,,,250689.00,60763.00,189926.00,24%,449.03,7.79
1/25/22,MixerBoxLite,,,,1190604.00,94373.00,1096231.00,8%,107.10,26.55
1/25/22,Kidoodle,,,,219322665.00,1044502.00,218278163.00,0%,7739.90,1914.94
1/25/22,MocoSpace,,,,498109.00,366667.00,131442.00,74%,505.83,36.33
1/25/22,Online Plus,,,,1999055.00,471327.00,1527728.00,24%,1609.44,87.76
1/25/22,Qlixar,,,,1040430.00,333696.00,706734.00,32%,1369.40,60.26
1/25/22,WeatherBug,,,,78736384.00,3582842.00,75153542.00,5%,4848.19,387.86
1/25/22,Droplist,,,,612020.00,316696.00,295324.00,52%,203.58,22.43
1/25/22,Growlr,,,,4313334.00,1998653.00,2314681.00,46%,599.30,58.15
1/25/22,The Times of India,,,,7221630.00,99159.00,7122471.00,1%,115.60,57.95
1/25/22,LiveMixTapes,,,,862870.00,477043.00,385827.00,55%,330.72,25.85
1/25/22,Instant News,,,,31885.00,28871.00,3014.00,91%,440.19,4.92
1/25/22,Dolphin,,,,4432.00,1922.00,2510.00,43%,2.88,0.34
1/25/22,MyDaily,,,,7566.00,5791.00,1775.00,77%,13.35,0.99
1/25/22,Everyday,,,,764.00,556.00,208.00,73%,4.47,0.10
1/25/22,First News,,,,132180.00,84970.00,47210.00,64%,509.48,14.68
1/25/22,The Feed,,,,176.00,76.00,100.00,43%,0.54,0.01
1/25/22,VladTV,,,,216926.00,85940.00,130986.00,40%,67.25,5.62
1/25/22,Crocodile,,,,16467.00,3946.00,12521.00,24%,11.84,0.73
1/25/22,QuizJP,,,,495.00,1.00,494.00,0%,0.01,0.00
1/25/22,QuizUS,,,,575.00,12.00,563.00,2%,0.09,0.01
1/25/22,PalTalk,,,,1444337.00,1015167.00,429170.00,70%,309.53,24.67
1/25/22,Impala - Headlines,,,,1567398.00,40035.00,1527363.00,3%,310.34,14.44
1/25/22,Steps,,,,324505.00,95163.00,229342.00,29%,72.63,6.69
1/25/22,MyFitnessPal,,,,127108736.00,45861810.00,81246926.00,36%,10988.71,1118.16
1/25/22,ShopKick,,,,1734687.00,401717.00,1332970.00,23%,1703.24,89.67
1/25/22,Audiomack,,,,2771909.00,945574.00,1826335.00,34%,3862.03,205.89
1/25/22,Encyclopedia Britannica,,,,8986033.00,351968.00,8634065.00,4%,340.12,23.81
1/25/22,Scrabble Go,,,,9401171.00,1203081.00,8198090.00,13%,1706.85,93.88
1/25/22,Camfrog,,,,1484362.00,1203001.00,281361.00,81%,100.98,9.04
1/25/22,Flickr,,,,19087069.00,66170.00,19020899.00,0%,31.69,135.36
1/25/22,MeetMe,,,,1826104.00,630709.00,1195395.00,35%,961.27,133.82
1/25/22,StockTwits,,,,11716703.00,1382137.00,10334566.00,12%,780.52,62.44
1/25/22,MyMixTapez,,,,6185887.00,2653.00,6183234.00,0%,13.73,43.97
1/25/22,Ultimate Classic Rock,,,,18091.00,913.00,17178.00,5%,1.19,0.20
1/25/22,Barstool Sports,,,,4938563.00,13988.00,4924575.00,0%,5.51,0.44
1/25/22,SwingU,,,,16873.00,3211.00,13662.00,19%,6.62,0.53
1/25/22,Reuters,,,,1533438.00,79622.00,1453816.00,5%,78.49,6.28
1/25/22,Funny Weather,,,,12501.00,1333.00,11168.00,11%,3.97,0.36
1/25/22,VPN - Super Unlimited Proxy,,,,5153680.00,30824.00,5122856.00,1%,43.63,38.91
1/25/22,NJ 101.5,,,,894089.00,25064.00,869025.00,3%,37.73,8.72
1/25/22,WGRD,,,,248053.00,8048.00,240005.00,3%,11.39,2.48
1/25/22,NewsTalk,,,,461129.00,10123.00,451006.00,2%,9.15,3.80
1/25/22,WBLM,,,,77432.00,2885.00,74547.00,4%,2.51,0.70
1/25/22,WJON,,,,75689.00,4706.00,70983.00,6%,5.46,0.88
1/25/22,Tide,,,,76727.00,6328.00,70399.00,8%,5.30,0.86
1/25/22,KFR,,,,4697.00,701.00,3996.00,15%,1.50,0.13
1/25/22,WBCK,,,,38071.00,5383.00,32688.00,14%,4.24,0.53
1/25/22,Cat Country,,,,52069.00,986.00,51083.00,2%,1.14,0.44
1/25/22,Mix 95.7FM,,,,38321.00,6111.00,32210.00,16%,5.16,0.59
1/25/22,Memedroid,,,,188851.00,9351.00,179500.00,5%,2.16,0.17
1/25/22,Loudwire,,,,26702.00,3367.00,23335.00,13%,3.51,0.41
1/25/22,XXL Mag,,,,17768.00,2102.00,15666.00,12%,2.23,0.27
1/25/22,FreeUnblock VPN,,,,1150.00,65.00,1085.00,6%,0.01,0.00
1/25/22,HAR Texas,,,,685404.00,102375.00,583029.00,15%,73.47,5.88
1/25/22,Psiphon Pro,,,,12419764.00,816589.00,11603175.00,7%,162.40,12.99
1/25/22,Bracelet Book,,,,42911.00,1635.00,41276.00,4%,0.54,0.04
1/25/22,Tumblr,,,,88009993.00,13561030.00,74448963.00,15%,8297.37,497.84
1/25/22,Wordfinder by WordTips,,,,503720.00,145781.00,357939.00,29%,198.90,15.91
1/25/22,PricePulse,,,,24771.00,1178.00,23593.00,5%,1.11,0.09
1/25/22,Untappd,,,,143428.00,33384.00,110044.00,23%,40.09,3.21
1/25/22,Dice with Buddies,,,,385826.00,40991.00,344835.00,11%,146.42,8.05
1/25/22,Yahtzee with Buddies,,,,2363303.00,202083.00,2161220.00,9%,1003.98,55.22
1/25/22,Astrology Daily,,,,416.00,41.00,375.00,10%,0.08,0.01
1/25/22,Meetup,,,,301738.00,43396.00,258342.00,14%,44.64,3.57
1/25/22,BisManOnline,,,,186.00,74.00,112.00,40%,0.08,0.01
1/25/22,Tokybook ,,,,15476.00,4158.00,11318.00,27%,4.40,0.35
1/25/22,1point3acres,,,,519.00,240.00,279.00,46%,0.31,0.02
1/25/22,Radio Texas Live,,,,38387.00,2179.00,36208.00,6%,1.34,0.35
1/25/22,KLAQ,,,,158183.00,25310.00,132873.00,16%,14.92,1.97
1/25/22,KICKS 105,,,,17820.00,728.00,17092.00,4%,0.65,0.17
1/25/22,106.5 WYRK,,,,95550.00,5546.00,90004.00,6%,5.15,0.99
1/25/22,Buffalos 937 WBLK -The Peoples Station,,,,122681.00,9710.00,112971.00,8%,9.38,1.45
1/25/22,K2,,,,25852.00,1734.00,24118.00,7%,2.09,0.32
1/25/22,101.5 WPDH,,,,55487.00,8861.00,46626.00,16%,6.92,0.81
1/25/22,97.3 KKRC,,,,21884.00,1773.00,20111.00,8%,1.07,0.22
1/25/22,The Dawg 973,,,,41787.00,2648.00,39139.00,6%,2.20,0.43
1/25/22,KNUE 1015 East Texas Country Station,,,,9239.00,773.00,8466.00,8%,0.48,0.09
1/25/22,MyLaps,,,,803.00,33.00,770.00,4%,0.00,0.00
1/24/22,Imgur,,,,9766277.00,638188.00,9128089.00,7%,2338.96,124.77
1/24/22,Wattpad,,,,3451453.00,1061489.00,2389964.00,31%,1813.61,229.03
1/24/22,MixerBox,,,,57534.00,19987.00,37547.00,35%,107.14,4.26
1/24/22,Lucktastic,,,,223753.00,42508.00,181245.00,19%,355.80,5.88
1/24/22,MixerBoxLite,,,,1148174.00,92838.00,1055336.00,8%,105.76,25.95
1/24/22,Kidoodle,,,,216866107.00,953328.00,215912779.00,0%,7217.10,1872.24
1/24/22,MocoSpace,,,,532398.00,393773.00,138625.00,74%,547.73,39.31
1/24/22,Online Plus,,,,2115197.00,426029.00,1689168.00,20%,1380.94,80.87
1/24/22,Qlixar,,,,1022409.00,332602.00,689807.00,33%,1355.22,59.99
1/24/22,WeatherBug,,,,89292690.00,3827274.00,85465416.00,4%,5249.10,419.93
1/24/22,Droplist,,,,541339.00,279505.00,261834.00,52%,181.73,20.01
1/24/22,Growlr,,,,4450131.00,2054986.00,2395145.00,46%,578.32,57.25
1/24/22,The Times of India,,,,10605813.00,158652.00,10447161.00,2%,176.40,85.48
1/24/22,LiveMixTapes,,,,763796.00,419370.00,344426.00,55%,289.83,22.70
1/24/22,Instant News,,,,33655.00,29129.00,4526.00,87%,455.66,4.97
1/24/22,Dolphin,,,,4406.00,2318.00,2088.00,53%,3.50,0.40
1/24/22,MyDaily,,,,7758.00,6084.00,1674.00,78%,13.17,1.04
1/24/22,Everyday,,,,702.00,537.00,165.00,77%,4.33,0.09
1/24/22,First News,,,,131433.00,83267.00,48166.00,63%,451.90,14.40
1/24/22,The Feed,,,,266.00,114.00,152.00,43%,0.36,0.02
1/24/22,VladTV,,,,162199.00,64890.00,97309.00,40%,50.56,4.22
1/24/22,Crocodile,,,,14574.00,4897.00,9677.00,34%,14.16,0.88
1/24/22,QuizJP,,,,1134.00,0.00,1134.00,0%,0.00,0.01
1/24/22,QuizUS,,,,658.00,21.00,637.00,3%,0.17,0.01
1/24/22,PalTalk,,,,1364335.00,950019.00,414316.00,70%,285.60,22.89
1/24/22,Impala - Headlines,,,,1508201.00,41997.00,1466204.00,3%,353.38,14.47
1/24/22,Steps,,,,324612.00,93695.00,230917.00,29%,64.42,6.13
1/24/22,MyFitnessPal,,,,58539318.00,12434181.00,46105137.00,21%,3323.66,488.92
1/24/22,ShopKick,,,,1624359.00,352136.00,1272223.00,22%,1540.48,79.33
1/24/22,Audiomack,,,,2830889.00,912538.00,1918351.00,32%,3616.81,194.27
1/24/22,Encyclopedia Britannica,,,,8825282.00,299378.00,8525904.00,3%,263.16,18.42
1/24/22,Scrabble Go,,,,10270602.00,1540114.00,8730488.00,15%,1833.03,100.82
1/24/22,Camfrog,,,,1497678.00,1213055.00,284623.00,81%,91.35,8.39
1/24/22,Flickr,,,,19074703.00,67901.00,19006802.00,0%,32.57,135.33
1/24/22,MeetMe,,,,1738810.00,639207.00,1099603.00,37%,979.12,134.89
1/24/22,StockTwits,,,,13365857.00,1501468.00,11864389.00,11%,855.83,68.47
1/24/22,MyMixTapez,,,,5708468.00,1407.00,5707061.00,0%,7.17,40.31
1/24/22,Ultimate Classic Rock,,,,14894.00,711.00,14183.00,5%,0.88,0.16
1/24/22,Barstool Sports,,,,5073542.00,10962.00,5062580.00,0%,4.87,0.39
1/24/22,SwingU,,,,17565.00,2774.00,14791.00,16%,5.15,0.41
1/24/22,Reuters,,,,1549393.00,74968.00,1474425.00,5%,73.52,5.88
1/24/22,Funny Weather,,,,12194.00,1260.00,10934.00,10%,3.15,0.30
1/24/22,VPN - Super Unlimited Proxy,,,,5102400.00,33992.00,5068408.00,1%,48.81,38.90
1/24/22,NJ 101.5,,,,742232.00,18681.00,723551.00,3%,26.30,6.91
1/24/22,WGRD,,,,238646.00,7244.00,231402.00,3%,10.74,2.37
1/24/22,NewsTalk,,,,454519.00,9360.00,445159.00,2%,8.94,3.74
1/24/22,WBLM,,,,59581.00,2575.00,57006.00,4%,2.44,0.57
1/24/22,WJON,,,,46405.00,1987.00,44418.00,4%,2.35,0.48
1/24/22,Tide,,,,85114.00,5531.00,79583.00,7%,4.05,0.84
1/24/22,KFR,,,,5207.00,875.00,4332.00,17%,0.92,0.09
1/24/22,WBCK,,,,41817.00,6025.00,35792.00,14%,4.63,0.57
1/24/22,Cat Country,,,,69661.00,1494.00,68167.00,2%,1.69,0.60
1/24/22,Mix 95.7FM,,,,35513.00,5345.00,30168.00,15%,4.41,0.52
1/24/22,Memedroid,,,,206963.00,9638.00,197325.00,5%,2.01,0.16
1/24/22,Loudwire,,,,22604.00,2478.00,20126.00,11%,2.54,0.32
1/24/22,XXL Mag,,,,16836.00,1694.00,15142.00,10%,1.63,0.22
1/24/22,FreeUnblock VPN,,,,1284.00,68.00,1216.00,5%,0.01,0.00
1/24/22,HAR Texas,,,,683536.00,101636.00,581900.00,15%,68.57,5.49
1/24/22,Psiphon Pro,,,,12508024.00,686836.00,11821188.00,5%,113.97,9.12
1/24/22,Bracelet Book,,,,42591.00,1304.00,41287.00,3%,0.39,0.03
1/24/22,Tumblr,,,,88158669.00,14087365.00,74071304.00,16%,8742.00,524.52
1/24/22,Wordfinder by WordTips,,,,519407.00,123624.00,395783.00,24%,179.13,14.33
1/24/22,PricePulse,,,,26742.00,1648.00,25094.00,6%,1.43,0.11
1/24/22,Untappd,,,,152510.00,32284.00,120226.00,21%,32.70,2.62
1/24/22,Dice with Buddies,,,,428224.00,45596.00,382628.00,11%,162.46,8.94
1/24/22,Yahtzee with Buddies,,,,595372.00,68061.00,527311.00,11%,188.89,10.39
1/24/22,Astrology Daily,,,,341.00,25.00,316.00,7%,0.05,0.00
1/24/22,Meetup,,,,2589.00,347.00,2242.00,13%,0.22,0.02
1/24/22,BisManOnline,,,,181.00,73.00,108.00,40%,0.09,0.01
1/24/22,Tokybook ,,,,14350.00,3573.00,10777.00,25%,2.55,0.20
1/24/22,1point3acres,,,,410.00,159.00,251.00,39%,0.21,0.02
1/24/22,Radio Texas Live,,,,36142.00,2192.00,33950.00,6%,1.22,0.32
1/24/22,KLAQ,,,,153953.00,24028.00,129925.00,16%,12.78,1.80
1/24/22,KICKS 105,,,,18038.00,912.00,17126.00,5%,0.66,0.17
1/24/22,106.5 WYRK,,,,93730.00,4583.00,89147.00,5%,4.62,0.95
1/24/22,Buffalos 937 WBLK -The Peoples Station,,,,116096.00,8563.00,107533.00,7%,8.23,1.33
1/24/22,K2,,,,18600.00,872.00,17728.00,5%,0.91,0.19
1/24/22,101.5 WPDH,,,,51619.00,6539.00,45080.00,13%,4.24,0.61
1/24/22,97.3 KKRC,,,,19083.00,1485.00,17598.00,8%,0.81,0.18
1/24/22,The Dawg 973,,,,39742.00,1967.00,37775.00,5%,1.16,0.35
1/24/22,KNUE 1015 East Texas Country Station,,,,11437.00,986.00,10451.00,9%,0.54,0.11
1/24/22,MyLaps,,,,655.00,42.00,613.00,6%,0.00,0.00
1/23/22,Imgur,,,,10608828.00,613936.00,9994892.00,6%,2242.70,128.37
1/23/22,Wattpad,,,,3677306.00,1062926.00,2614380.00,29%,1748.07,230.89
1/23/22,MixerBox,,,,60070.00,20349.00,39721.00,34%,103.94,4.35
1/23/22,Lucktastic,,,,172572.00,40530.00,132042.00,23%,351.09,5.24
1/23/22,MixerBoxLite,,,,1219568.00,106461.00,1113107.00,9%,122.24,29.08
1/23/22,Kidoodle,,,,246427579.00,965680.00,245461899.00,0%,7541.39,2095.30
1/23/22,MocoSpace,,,,532241.00,393238.00,139003.00,74%,533.42,38.31
1/23/22,Online Plus,,,,2095368.00,391664.00,1703704.00,19%,1352.24,75.10
1/23/22,Qlixar,,,,956937.00,289116.00,667821.00,30%,1132.40,52.49
1/23/22,WeatherBug,,,,82974835.00,3602266.00,79372569.00,4%,4957.94,396.64
1/23/22,Droplist,,,,182886.00,86696.00,96190.00,47%,48.20,5.49
1/23/22,Growlr,,,,4708234.00,2138562.00,2569672.00,45%,575.63,58.28
1/23/22,The Times of India,,,,9754684.00,184401.00,9570283.00,2%,182.80,79.79
1/23/22,LiveMixTapes,,,,755741.00,416086.00,339655.00,55%,281.67,22.09
1/23/22,Instant News,,,,30921.00,27068.00,3853.00,88%,416.60,4.62
1/23/22,Dolphin,,,,4424.00,2258.00,2166.00,51%,3.20,0.39
1/23/22,MyDaily,,,,7402.00,5743.00,1659.00,78%,14.69,0.98
1/23/22,Everyday,,,,685.00,516.00,169.00,75%,4.25,0.09
1/23/22,First News,,,,139694.00,86214.00,53480.00,62%,423.12,14.92
1/23/22,The Feed,,,,224.00,113.00,111.00,50%,0.35,0.02
1/23/22,ShopSavvy,,,,11.00,0.00,11.00,0%,0.00,0.00
1/23/22,VladTV,,,,132648.00,51237.00,81411.00,39%,40.63,3.41
1/23/22,Crocodile,,,,8781.00,3510.00,5271.00,40%,9.64,0.62
1/23/22,QuizJP,,,,733.00,1.00,732.00,0%,0.01,0.01
1/23/22,QuizUS,,,,526.00,33.00,493.00,6%,0.26,0.01
1/23/22,PalTalk,,,,1482151.00,1024546.00,457605.00,69%,291.67,23.62
1/23/22,Impala - Headlines,,,,1395467.00,44245.00,1351222.00,3%,306.35,14.28
1/23/22,Steps,,,,304242.00,83580.00,220662.00,27%,53.84,5.31
1/23/22,MyFitnessPal,,,,39484173.00,5935650.00,33548523.00,15%,1811.88,325.43
1/23/22,ShopKick,,,,1797263.00,415147.00,1382116.00,23%,1799.94,92.70
1/23/22,Audiomack,,,,2617231.00,893607.00,1723624.00,34%,3886.19,206.37
1/23/22,Encyclopedia Britannica,,,,7851890.00,234644.00,7617246.00,3%,211.16,14.78
1/23/22,Scrabble Go,,,,11133325.00,1775883.00,9357442.00,16%,2098.72,115.43
1/23/22,Camfrog,,,,1578058.00,1267326.00,310732.00,80%,92.71,8.66
1/23/22,Flickr,,,,16767779.00,65350.00,16702429.00,0%,31.84,119.15
1/23/22,MeetMe,,,,1594591.00,612701.00,981890.00,38%,937.67,128.85
1/23/22,StockTwits,,,,4319164.00,418122.00,3901042.00,10%,263.18,21.05
1/23/22,MyMixTapez,,,,5767168.00,1458.00,5765710.00,0%,7.55,40.74
1/23/22,Ultimate Classic Rock,,,,15312.00,635.00,14677.00,4%,0.89,0.17
1/23/22,Barstool Sports,,,,3708954.00,7785.00,3701169.00,0%,3.46,0.28
1/23/22,SwingU,,,,30246.00,5289.00,24957.00,17%,10.53,0.84
1/23/22,Reuters,,,,1352869.00,71698.00,1281171.00,5%,71.44,5.72
1/23/22,Funny Weather,,,,11455.00,1348.00,10107.00,12%,4.33,0.37
1/23/22,VPN - Super Unlimited Proxy,,,,5160798.00,26354.00,5134444.00,1%,37.44,38.56
1/23/22,NJ 101.5,,,,202081.00,5407.00,196674.00,3%,8.47,1.97
1/23/22,WGRD,,,,10783.00,397.00,10386.00,4%,0.56,0.11
1/23/22,NewsTalk,,,,61140.00,803.00,60337.00,1%,0.80,0.48
1/23/22,WBLM,,,,27259.00,1095.00,26164.00,4%,0.98,0.25
1/23/22,WJON,,,,18747.00,431.00,18316.00,2%,0.58,0.17
1/23/22,Tide,,,,19025.00,1249.00,17776.00,7%,1.04,0.20
1/23/22,KFR,,,,2389.00,487.00,1902.00,20%,0.56,0.05
1/23/22,WBCK,,,,12574.00,2147.00,10427.00,17%,1.64,0.19
1/23/22,Cat Country,,,,8456.00,209.00,8247.00,2%,0.21,0.07
1/23/22,Mix 95.7FM,,,,6825.00,862.00,5963.00,13%,0.69,0.09
1/23/22,Memedroid,,,,177512.00,12201.00,165311.00,7%,2.39,0.19
1/23/22,Loudwire,,,,16685.00,1610.00,15075.00,10%,1.62,0.22
1/23/22,XXL Mag,,,,11321.00,1070.00,10251.00,9%,1.17,0.15
1/23/22,FreeUnblock VPN,,,,1354.00,81.00,1273.00,6%,0.01,0.00
1/23/22,HAR Texas,,,,764143.00,118885.00,645258.00,16%,80.68,6.45
1/23/22,Psiphon Pro,,,,12323486.00,661986.00,11661500.00,5%,110.10,8.81
1/23/22,Bracelet Book,,,,53223.00,1350.00,51873.00,3%,0.46,0.04
1/23/22,Tumblr,,,,88679116.00,14043377.00,74635739.00,16%,7889.44,473.37
1/23/22,Wordfinder by WordTips,,,,561960.00,133318.00,428642.00,24%,194.50,15.56
1/23/22,PricePulse,,,,26697.00,1184.00,25513.00,4%,1.02,0.08
1/23/22,Untappd,,,,247281.00,67969.00,179312.00,27%,78.90,6.31
1/23/22,Dice with Buddies,,,,433577.00,53450.00,380127.00,12%,188.55,10.37
1/23/22,Astrology Daily,,,,426.00,38.00,388.00,9%,0.06,0.00
1/23/22,BisManOnline,,,,156.00,49.00,107.00,31%,0.06,0.00
1/23/22,Tokybook ,,,,13786.00,4345.00,9441.00,32%,3.83,0.31
1/23/22,1point3acres,,,,337.00,178.00,159.00,53%,0.33,0.03
1/23/22,Radio Texas Live,,,,40070.00,2390.00,37680.00,6%,1.39,0.36
1/23/22,KLAQ,,,,12090.00,1429.00,10661.00,12%,0.90,0.14
1/23/22,KICKS 105,,,,5481.00,22.00,5459.00,0%,0.01,0.04
1/23/22,106.5 WYRK,,,,35010.00,1333.00,33677.00,4%,0.97,0.30
1/23/22,Buffalos 937 WBLK -The Peoples Station,,,,31580.00,2053.00,29527.00,7%,1.78,0.33
1/23/22,K2,,,,12014.00,392.00,11622.00,3%,0.49,0.12
1/23/22,101.5 WPDH,,,,23455.00,2851.00,20604.00,12%,1.83,0.27
1/23/22,97.3 KKRC,,,,5361.00,677.00,4684.00,13%,0.35,0.06
1/23/22,The Dawg 973,,,,147095.00,8853.00,138242.00,6%,4.88,1.31
1/23/22,KNUE 1015 East Texas Country Station,,,,7732.00,564.00,7168.00,7%,0.22,0.07
1/23/22,MyLaps,,,,3454.00,310.00,3144.00,9%,0.01,0.00
1/22/22,Imgur,,,,10152274.00,657802.00,9494472.00,6%,2406.80,129.44
1/22/22,Wattpad,,,,3226756.00,987356.00,2239400.00,31%,1663.13,213.15
1/22/22,MixerBox,,,,61070.00,21040.00,40030.00,34%,119.74,4.49
1/22/22,Lucktastic,,,,182270.00,46333.00,135937.00,25%,391.31,5.86
1/22/22,MixerBoxLite,,,,1312040.00,113799.00,1198241.00,9%,135.70,31.15
1/22/22,Kidoodle,,,,255041678.00,1122955.00,253918723.00,0%,8585.35,2206.70
1/22/22,MocoSpace,,,,511278.00,388272.00,123006.00,76%,568.52,40.66
1/22/22,Online Plus,,,,2137869.00,404035.00,1733834.00,19%,1375.97,77.36
1/22/22,Qlixar,,,,975097.00,306799.00,668298.00,31%,1253.38,55.50
1/22/22,WeatherBug,,,,84281951.00,3284371.00,80997580.00,4%,4762.80,381.02
1/22/22,Droplist,,,,251397.00,121749.00,129648.00,48%,74.01,8.31
1/22/22,Growlr,,,,4585350.00,2128653.00,2456697.00,46%,565.75,56.80
1/22/22,The Times of India,,,,9277826.00,193352.00,9084474.00,2%,198.84,77.51
1/22/22,LiveMixTapes,,,,874116.00,507161.00,366955.00,58%,351.86,27.20
1/22/22,Instant News,,,,32513.00,29495.00,3018.00,91%,454.07,5.03
1/22/22,Dolphin,,,,4666.00,2690.00,1976.00,58%,4.13,0.47
1/22/22,MyDaily,,,,7424.00,6011.00,1413.00,81%,14.04,1.03
1/22/22,Everyday,,,,790.00,591.00,199.00,75%,4.64,0.10
1/22/22,First News,,,,137002.00,84187.00,52815.00,61%,430.64,14.58
1/22/22,The Feed,,,,190.00,113.00,77.00,59%,0.34,0.02
1/22/22,ShopSavvy,,,,19.00,1.00,18.00,5%,0.00,0.00
1/22/22,VladTV,,,,179283.00,71173.00,108110.00,40%,56.51,4.71
1/22/22,Crocodile,,,,13790.00,4236.00,9554.00,31%,11.50,0.77
1/22/22,QuizJP,,,,511.00,0.00,511.00,0%,0.00,0.00
1/22/22,QuizUS,,,,442.00,44.00,398.00,10%,0.31,0.01
1/22/22,PalTalk,,,,1515403.00,1055776.00,459627.00,70%,324.54,25.94
1/22/22,Impala - Headlines,,,,1457510.00,64227.00,1393283.00,4%,425.95,17.89
1/22/22,Steps,,,,302073.00,87946.00,214127.00,29%,55.03,5.35
1/22/22,MyFitnessPal,,,,36603025.00,6008445.00,30594580.00,16%,1817.96,305.06
1/22/22,ShopKick,,,,1713916.00,405488.00,1308428.00,24%,1727.14,90.25
1/22/22,Audiomack,,,,2721200.00,981538.00,1739662.00,36%,3900.53,207.20
1/22/22,Encyclopedia Britannica,,,,7819265.00,246651.00,7572614.00,3%,213.60,14.95
1/22/22,Scrabble Go,,,,10272586.00,1545626.00,8726960.00,15%,1817.23,99.95
1/22/22,Camfrog,,,,1655882.00,1347140.00,308742.00,81%,104.11,9.45
1/22/22,Flickr,,,,13644221.00,67263.00,13576958.00,0%,34.05,97.42
1/22/22,MeetMe,,,,1620915.00,582315.00,1038600.00,36%,901.54,123.20
1/22/22,StockTwits,,,,5878133.00,627927.00,5250206.00,11%,369.26,29.54
1/22/22,MyMixTapez,,,,6593316.00,2334.00,6590982.00,0%,11.88,46.73
1/22/22,Ultimate Classic Rock,,,,16767.00,679.00,16088.00,4%,0.83,0.17
1/22/22,Barstool Sports,,,,4026184.00,8708.00,4017476.00,0%,3.69,0.30
1/22/22,SwingU,,,,28161.00,5659.00,22502.00,20%,14.61,1.17
1/22/22,Reuters,,,,1314892.00,70282.00,1244610.00,5%,68.68,5.49
1/22/22,Funny Weather,,,,14073.00,2188.00,11885.00,16%,5.32,0.46
1/22/22,VPN - Super Unlimited Proxy,,,,5007399.00,29561.00,4977838.00,1%,39.66,37.62
1/22/22,NJ 101.5,,,,256215.00,6958.00,249257.00,3%,9.81,2.43
1/22/22,WGRD,,,,30167.00,1105.00,29062.00,4%,2.00,0.34
1/22/22,NewsTalk,,,,103916.00,1877.00,102039.00,2%,1.64,0.83
1/22/22,WBLM,,,,34925.00,1423.00,33502.00,4%,1.20,0.32
1/22/22,WJON,,,,25907.00,1299.00,24608.00,5%,1.47,0.28
1/22/22,Tide,,,,15954.00,1111.00,14843.00,7%,1.08,0.18
1/22/22,KFR,,,,4368.00,661.00,3707.00,15%,0.86,0.09
1/22/22,WBCK,,,,14736.00,1999.00,12737.00,14%,1.56,0.20
1/22/22,Cat Country,,,,12923.00,399.00,12524.00,3%,0.41,0.12
1/22/22,Mix 95.7FM,,,,11428.00,1053.00,10375.00,9%,0.85,0.13
1/22/22,Memedroid,,,,189313.00,12153.00,177160.00,6%,2.20,0.18
1/22/22,Loudwire,,,,19981.00,2519.00,17462.00,13%,2.32,0.28
1/22/22,XXL Mag,,,,15888.00,1904.00,13984.00,12%,1.74,0.22
1/22/22,FreeUnblock VPN,,,,1302.00,77.00,1225.00,6%,0.01,0.00
1/22/22,HAR Texas,,,,784441.00,118930.00,665511.00,15%,84.17,6.73
1/22/22,Psiphon Pro,,,,12101559.00,595132.00,11506427.00,5%,105.56,8.44
1/22/22,Bracelet Book,,,,46375.00,1277.00,45098.00,3%,0.55,0.04
1/22/22,Tumblr,,,,84958075.00,13126317.00,71831758.00,15%,7319.78,439.19
1/22/22,Wordfinder by WordTips,,,,516445.00,129322.00,387123.00,25%,181.37,14.51
1/22/22,PricePulse,,,,26141.00,1104.00,25037.00,4%,1.06,0.08
1/22/22,Untappd,,,,299537.00,88026.00,211511.00,29%,130.30,10.42
1/22/22,Dice with Buddies,,,,395669.00,44986.00,350683.00,11%,164.59,9.05
1/22/22,Dice with Ellen,,,,1.00,0.00,1.00,0%,0.00,0.00
1/22/22,Astrology Daily,,,,364.00,36.00,328.00,10%,0.09,0.01
1/22/22,BisManOnline,,,,120.00,46.00,74.00,38%,0.07,0.01
1/22/22,Tokybook ,,,,13210.00,4141.00,9069.00,31%,4.89,0.39
1/22/22,1point3acres,,,,317.00,208.00,109.00,66%,0.36,0.03
1/22/22,Radio Texas Live,,,,32136.00,2108.00,30028.00,7%,1.12,0.29
1/22/22,KLAQ,,,,23869.00,3062.00,20807.00,13%,1.72,0.27
1/22/22,KICKS 105,,,,10235.00,226.00,10009.00,2%,0.12,0.08
1/22/22,106.5 WYRK,,,,43631.00,2019.00,41612.00,5%,1.53,0.40
1/22/22,Buffalos 937 WBLK -The Peoples Station,,,,62627.00,3555.00,59072.00,6%,2.54,0.59
1/22/22,K2,,,,16399.00,470.00,15929.00,3%,0.47,0.14
1/22/22,101.5 WPDH,,,,24696.00,2786.00,21910.00,11%,2.07,0.30
1/22/22,97.3 KKRC,,,,7689.00,907.00,6782.00,12%,0.53,0.08
1/22/22,The Dawg 973,,,,26048.00,1447.00,24601.00,6%,1.03,0.24
1/22/22,KNUE 1015 East Texas Country Station,,,,7717.00,579.00,7138.00,8%,0.17,0.06
1/22/22,MyLaps,,,,5865.00,614.00,5251.00,10%,0.04,0.00
1/21/22,Imgur,,,,10284848.00,623210.00,9661638.00,6%,2215.63,127.38
1/21/22,Wattpad,,,,3024160.00,960520.00,2063640.00,32%,1733.42,206.55
1/21/22,MixerBox,,,,63847.00,22378.00,41469.00,35%,133.07,4.77
1/21/22,Lucktastic,,,,178888.00,44816.00,134072.00,25%,391.62,5.69
1/21/22,MixerBoxLite,,,,1183055.00,102338.00,1080717.00,9%,118.09,28.03
1/21/22,Kidoodle,,,,235349361.00,1265824.00,234083537.00,1%,10200.73,2148.62
1/21/22,MocoSpace,,,,479409.00,360466.00,118943.00,75%,499.99,35.83
1/21/22,Online Plus,,,,2155358.00,571337.00,1584021.00,27%,3055.15,105.05
1/21/22,Qlixar,,,,997035.00,350930.00,646105.00,35%,2098.74,62.89
1/21/22,WeatherBug,,,,96701971.00,5258492.00,91443479.00,5%,11236.68,898.93
1/21/22,Droplist,,,,405683.00,209454.00,196229.00,52%,137.79,15.15
1/21/22,Growlr,,,,4323388.00,2026041.00,2297347.00,47%,640.48,60.92
1/21/22,The Times of India,,,,8813137.00,145882.00,8667255.00,2%,183.89,73.54
1/21/22,LiveMixTapes,,,,938250.00,565334.00,372916.00,60%,588.20,43.78
1/21/22,Instant News,,,,31849.00,28495.00,3354.00,89%,472.14,4.86
1/21/22,Dolphin,,,,4112.00,2325.00,1787.00,57%,4.12,0.40
1/21/22,MyDaily,,,,8342.00,6682.00,1660.00,80%,18.81,1.14
1/21/22,Everyday,,,,689.00,490.00,199.00,71%,3.82,0.08
1/21/22,First News,,,,129768.00,84360.00,45408.00,65%,470.35,14.57
1/21/22,The Feed,,,,371.00,174.00,197.00,47%,0.54,0.03
1/21/22,ShopSavvy,,,,17.00,8.00,9.00,47%,0.02,0.00
1/21/22,VladTV,,,,184163.00,77770.00,106393.00,42%,106.36,8.19
1/21/22,Crocodile,,,,7537.00,4392.00,3145.00,58%,15.42,0.76
1/21/22,QuizJP,,,,808.00,0.00,808.00,0%,0.00,0.01
1/21/22,QuizUS,,,,630.00,129.00,501.00,20%,1.67,0.03
1/21/22,PalTalk,,,,1475092.00,1038391.00,436701.00,70%,410.28,31.78
1/21/22,Impala - Headlines,,,,1498847.00,73502.00,1425345.00,5%,776.27,19.62
1/21/22,Steps,,,,307944.00,92927.00,215017.00,30%,63.20,5.93
1/21/22,Timer+,,,,2.00,0.00,2.00,0%,0.00,0.00
1/21/22,MyFitnessPal,,,,41212091.00,6815642.00,34396449.00,17%,1988.59,340.20
1/21/22,ShopKick,,,,1762590.00,460968.00,1301622.00,26%,2068.53,101.30
1/21/22,Audiomack,,,,2739464.00,1010819.00,1728645.00,37%,5252.56,274.73
1/21/22,Encyclopedia Britannica,,,,8285275.00,288478.00,7996797.00,3%,409.14,28.64
1/21/22,Scrabble Go,,,,10071136.00,1477630.00,8593506.00,15%,2872.36,157.98
1/21/22,Camfrog,,,,1621658.00,1317740.00,303918.00,81%,111.73,9.95
1/21/22,Flickr,,,,13541677.00,67894.00,13473783.00,1%,38.59,97.02
1/21/22,MeetMe,,,,1641298.00,561401.00,1079897.00,34%,961.55,119.25
1/21/22,StockTwits,,,,13553080.00,2465718.00,11087362.00,18%,1291.38,103.31
1/21/22,MyMixTapez,,,,7803428.00,4252.00,7799176.00,0%,21.13,55.65
1/21/22,Ultimate Classic Rock,,,,18910.00,1197.00,17713.00,6%,4.40,0.43
1/21/22,Barstool Sports,,,,4279403.00,12951.00,4266452.00,0%,5.40,0.43
1/21/22,SwingU,,,,21005.00,3650.00,17355.00,17%,8.32,0.67
1/21/22,Reuters,,,,1369125.00,70822.00,1298303.00,5%,69.53,5.56
1/21/22,Funny Weather,,,,14977.00,1956.00,13021.00,13%,7.73,0.63
1/21/22,VPN - Super Unlimited Proxy,,,,4820947.00,35035.00,4785912.00,1%,50.63,37.05
1/21/22,NJ 101.5,,,,706109.00,22494.00,683615.00,3%,57.19,8.79
1/21/22,WGRD,,,,223640.00,8805.00,214835.00,4%,17.06,2.70
1/21/22,NewsTalk,,,,447009.00,12426.00,434583.00,3%,18.64,4.35
1/21/22,WBLM,,,,70745.00,3568.00,67177.00,5%,5.77,0.87
1/21/22,WJON,,,,45029.00,2511.00,42518.00,6%,7.17,0.80
1/21/22,Tide,,,,60821.00,4606.00,56215.00,8%,6.84,0.87
1/21/22,KFR,,,,5241.00,854.00,4387.00,16%,1.33,0.12
1/21/22,WBCK,,,,41181.00,4917.00,36264.00,12%,4.56,0.57
1/21/22,Cat Country,,,,64343.00,1938.00,62405.00,3%,3.51,0.68
1/21/22,Mix 95.7FM,,,,31904.00,3426.00,28478.00,11%,4.29,0.50
1/21/22,Memedroid,,,,197694.00,12492.00,185202.00,6%,2.52,0.20
1/21/22,Loudwire,,,,29054.00,4551.00,24503.00,16%,6.67,0.64
1/21/22,XXL Mag,,,,13188.00,1753.00,11435.00,13%,1.97,0.22
1/21/22,FreeUnblock VPN,,,,1288.00,74.00,1214.00,6%,0.02,0.00
1/21/22,HAR Texas,,,,691985.00,106029.00,585956.00,15%,72.24,5.78
1/21/22,Psiphon Pro,,,,12686886.00,595421.00,12091465.00,5%,118.28,9.46
1/21/22,Bracelet Book,,,,40692.00,1178.00,39514.00,3%,0.43,0.03
1/21/22,Tumblr,,,,85288635.00,12664384.00,72624251.00,15%,11142.26,668.54
1/21/22,Wordfinder by WordTips,,,,444097.00,112079.00,332018.00,25%,189.02,15.12
1/21/22,PricePulse,,,,25565.00,1128.00,24437.00,4%,1.07,0.09
1/21/22,Untappd,,,,207253.00,56435.00,150818.00,27%,78.97,6.32
1/21/22,Dice with Buddies,,,,388273.00,50481.00,337792.00,13%,208.94,11.49
1/21/22,Astrology Daily,,,,384.00,36.00,348.00,9%,0.14,0.01
1/21/22,BisManOnline,,,,322.00,92.00,230.00,29%,0.14,0.01
1/21/22,Tokybook ,,,,16566.00,4789.00,11777.00,29%,8.46,0.68
1/21/22,1point3acres,,,,153.00,94.00,59.00,61%,0.16,0.01
1/21/22,Radio Texas Live,,,,36340.00,2263.00,34077.00,6%,2.03,0.38
1/21/22,KLAQ,,,,138739.00,16305.00,122434.00,12%,18.82,2.17
1/21/22,KICKS 105,,,,17735.00,726.00,17009.00,4%,0.81,0.18
1/21/22,106.5 WYRK,,,,98810.00,5423.00,93387.00,5%,7.18,1.16
1/21/22,Buffalos 937 WBLK -The Peoples Station,,,,116329.00,8770.00,107559.00,8%,10.90,1.52
1/21/22,K2,,,,24577.00,1227.00,23350.00,5%,2.92,0.37
1/21/22,101.5 WPDH,,,,51237.00,6768.00,44469.00,13%,5.76,0.71
1/21/22,97.3 KKRC,,,,19559.00,1677.00,17882.00,9%,1.47,0.23
1/21/22,The Dawg 973,,,,29810.00,2520.00,27290.00,8%,2.43,0.36
1/21/22,KNUE 1015 East Texas Country Station,,,,10851.00,1013.00,9838.00,9%,0.53,0.11
1/21/22,MyLaps,,,,1843.00,245.00,1598.00,13%,0.01,0.00
1/20/22,Imgur,,,,10075509.00,619767.00,9455742.00,6%,2375.35,125.28
1/20/22,Wattpad,,,,3141640.00,922698.00,2218942.00,29%,1604.78,200.07
1/20/22,MixerBox,,,,61426.00,21404.00,40022.00,35%,114.06,4.56
1/20/22,Lucktastic,,,,181040.00,43790.00,137250.00,24%,386.28,5.61
1/20/22,MixerBoxLite,,,,1176681.00,93346.00,1083335.00,8%,106.03,26.25
1/20/22,Kidoodle,,,,179816574.00,1128053.00,178688521.00,1%,9072.61,1704.45
1/20/22,MocoSpace,,,,501261.00,370980.00,130281.00,74%,478.83,34.43
1/20/22,Online Plus,,,,2253860.00,498715.00,1755145.00,22%,1656.77,93.56
1/20/22,Qlixar,,,,953723.00,347534.00,606189.00,36%,1429.27,62.11
1/20/22,WeatherBug,,,,122741243.00,6819902.00,115921341.00,6%,9059.34,724.75
1/20/22,Droplist,,,,311976.00,166924.00,145052.00,54%,98.91,10.91
1/20/22,Growlr,,,,4241919.00,1986692.00,2255227.00,47%,541.02,53.66
1/20/22,The Times of India,,,,8200639.00,153047.00,8047592.00,2%,148.15,66.70
1/20/22,LiveMixTapes,,,,785062.00,448998.00,336064.00,57%,296.95,23.14
1/20/22,Instant News,,,,27174.00,23973.00,3201.00,88%,370.53,4.09
1/20/22,Dolphin,,,,3641.00,1998.00,1643.00,55%,2.78,0.35
1/20/22,MyDaily,,,,7969.00,6024.00,1945.00,76%,13.63,1.03
1/20/22,Everyday,,,,530.00,416.00,114.00,78%,3.25,0.07
1/20/22,First News,,,,129524.00,82766.00,46758.00,64%,421.12,14.30
1/20/22,The Feed,,,,228.00,54.00,174.00,24%,0.21,0.01
1/20/22,VladTV,,,,207220.00,81921.00,125299.00,40%,64.73,5.41
1/20/22,Crocodile,,,,7437.00,2807.00,4630.00,38%,8.58,0.50
1/20/22,QuizJP,,,,718.00,0.00,718.00,0%,0.00,0.01
1/20/22,QuizUS,,,,609.00,42.00,567.00,7%,0.29,0.01
1/20/22,PalTalk,,,,1444475.00,1011530.00,432945.00,70%,297.03,23.82
1/20/22,Impala - Headlines,,,,1449384.00,87335.00,1362049.00,6%,681.60,21.66
1/20/22,Steps,,,,307259.00,92293.00,214966.00,30%,58.37,5.59
1/20/22,MyFitnessPal,,,,47232789.00,7266179.00,39966610.00,15%,2084.17,383.97
1/20/22,ShopKick,,,,1595086.00,385039.00,1210047.00,24%,1717.31,85.47
1/20/22,Audiomack,,,,2424112.00,953235.00,1470877.00,39%,4005.14,210.55
1/20/22,Encyclopedia Britannica,,,,8737888.00,292525.00,8445363.00,3%,250.58,17.54
1/20/22,Scrabble Go,,,,9948866.00,1315666.00,8633200.00,13%,1579.60,86.88
1/20/22,Camfrog,,,,1555973.00,1257342.00,298631.00,81%,89.73,8.37
1/20/22,Flickr,,,,13854458.00,70223.00,13784235.00,1%,33.03,98.80
1/20/22,MeetMe,,,,1816032.00,527391.00,1288641.00,29%,816.67,113.93
1/20/22,StockTwits,,,,12562587.00,2505664.00,10056923.00,20%,1349.28,107.94
1/20/22,MyMixTapez,,,,6494195.00,3304.00,6490891.00,0%,14.46,46.16
1/20/22,Ultimate Classic Rock,,,,14414.00,710.00,13704.00,5%,0.84,0.15
1/20/22,Barstool Sports,,,,6209239.00,13170.00,6196069.00,0%,5.04,0.40
1/20/22,SwingU,,,,16070.00,2894.00,13176.00,18%,6.93,0.55
1/20/22,Reuters,,,,1501091.00,83811.00,1417280.00,6%,80.21,6.42
1/20/22,Funny Weather,,,,14721.00,1506.00,13215.00,10%,4.31,0.39
1/20/22,VPN - Super Unlimited Proxy,,,,4920643.00,50682.00,4869961.00,1%,82.43,39.86
1/20/22,NJ 101.5,,,,906857.00,22312.00,884545.00,2%,31.84,8.42
1/20/22,WGRD,,,,252384.00,7334.00,245050.00,3%,10.31,2.44
1/20/22,NewsTalk,,,,500477.00,12238.00,488239.00,2%,9.27,4.07
1/20/22,WBLM,,,,60990.00,1937.00,59053.00,3%,1.67,0.53
1/20/22,WJON,,,,55432.00,2947.00,52485.00,5%,3.54,0.62
1/20/22,Tide,,,,85683.00,5170.00,80513.00,6%,4.34,0.87
1/20/22,KFR,,,,4192.00,468.00,3724.00,11%,0.64,0.07
1/20/22,WBCK,,,,41930.00,4266.00,37664.00,10%,3.66,0.52
1/20/22,Cat Country,,,,76946.00,1727.00,75219.00,2%,1.72,0.65
1/20/22,Mix 95.7FM,,,,31563.00,3304.00,28259.00,10%,2.83,0.40
1/20/22,Memedroid,,,,196253.00,11158.00,185095.00,6%,2.24,0.18
1/20/22,Loudwire,,,,26561.00,3440.00,23121.00,13%,3.26,0.39
1/20/22,XXL Mag,,,,15905.00,1966.00,13939.00,12%,1.80,0.22
1/20/22,FreeUnblock VPN,,,,1360.00,65.00,1295.00,5%,0.01,0.00
1/20/22,HAR Texas,,,,683812.00,95958.00,587854.00,14%,68.35,5.47
1/20/22,Psiphon Pro,,,,12749425.00,698211.00,12051214.00,5%,106.09,8.49
1/20/22,Bracelet Book,,,,41233.00,1223.00,40010.00,3%,0.39,0.03
1/20/22,Tumblr,,,,86700337.00,13792631.00,72907706.00,16%,7008.40,420.50
1/20/22,Wordfinder by WordTips,,,,472096.00,116523.00,355573.00,25%,160.00,12.80
1/20/22,PricePulse,,,,28010.00,1522.00,26488.00,5%,1.47,0.12
1/20/22,Untappd,,,,163512.00,40607.00,122905.00,25%,50.07,4.01
1/20/22,Dice with Buddies,,,,399735.00,32935.00,366800.00,8%,117.16,6.44
1/20/22,Astrology Daily,,,,321.00,29.00,292.00,9%,0.05,0.00
1/20/22,BisManOnline,,,,382.00,109.00,273.00,29%,0.14,0.01
1/20/22,Tokybook ,,,,16722.00,4712.00,12010.00,28%,4.83,0.39
1/20/22,1point3acres,,,,65.00,37.00,28.00,57%,0.02,0.00
1/20/22,Radio Texas Live,,,,39510.00,1694.00,37816.00,4%,0.90,0.33
1/20/22,KLAQ,,,,150758.00,17923.00,132835.00,12%,9.93,1.62
1/20/22,KICKS 105,,,,16476.00,1047.00,15429.00,6%,0.69,0.16
1/20/22,106.5 WYRK,,,,98896.00,4517.00,94379.00,5%,3.85,0.93
1/20/22,Buffalos 937 WBLK -The Peoples Station,,,,122903.00,9109.00,113794.00,7%,8.84,1.42
1/20/22,K2,,,,25706.00,1360.00,24346.00,5%,1.24,0.26
1/20/22,101.5 WPDH,,,,56755.00,7674.00,49081.00,14%,5.38,0.72
1/20/22,97.3 KKRC,,,,18622.00,1323.00,17299.00,7%,0.83,0.18
1/20/22,The Dawg 973,,,,37904.00,3019.00,34885.00,8%,1.96,0.38
1/20/22,KNUE 1015 East Texas Country Station,,,,9667.00,492.00,9175.00,5%,0.20,0.08
1/20/22,MyLaps,,,,227.00,21.00,206.00,9%,0.00,0.00
1/19/22,Imgur,,,,10122215.00,609351.00,9512864.00,6%,2625.24,124.53
1/19/22,Wattpad,,,,3264984.00,970655.00,2294329.00,30%,1620.84,210.19
1/19/22,MixerBox,,,,59996.00,20560.00,39436.00,34%,111.57,4.39
1/19/22,Lucktastic,,,,166204.00,40850.00,125354.00,25%,347.63,5.21
1/19/22,MixerBoxLite,,,,1172967.00,93228.00,1079739.00,8%,107.71,26.20
1/19/22,Kidoodle,,,,160558556.00,1155810.00,159402746.00,1%,9321.22,1581.88
1/19/22,MocoSpace,,,,486007.00,366591.00,119416.00,75%,490.89,35.20
1/19/22,Online Plus,,,,2357643.00,605971.00,1751672.00,26%,2177.48,111.77
1/19/22,Qlixar,,,,944157.00,336764.00,607393.00,36%,1429.30,60.29
1/19/22,WeatherBug,,,,102855932.00,5909025.00,96946907.00,6%,7549.94,604.00
1/19/22,Droplist,,,,817161.00,439635.00,377526.00,54%,291.64,31.81
1/19/22,Growlr,,,,4158216.00,1958987.00,2199229.00,47%,519.99,51.79
1/19/22,The Times of India,,,,9754818.00,159987.00,9594831.00,2%,179.91,79.76
1/19/22,LiveMixTapes,,,,780629.00,463872.00,316757.00,59%,309.78,23.90
1/19/22,Instant News,,,,23685.00,20377.00,3308.00,86%,320.61,3.48
1/19/22,Dolphin,,,,2743.00,1471.00,1272.00,54%,2.07,0.26
1/19/22,MyDaily,,,,7706.00,6150.00,1556.00,80%,13.89,1.05
1/19/22,Everyday,,,,318.00,254.00,64.00,80%,2.39,0.04
1/19/22,First News,,,,122415.00,76340.00,46075.00,62%,346.86,13.21
1/19/22,The Feed,,,,97.00,37.00,60.00,38%,0.09,0.01
1/19/22,ShopSavvy,,,,2.00,1.00,1.00,50%,0.00,0.00
1/19/22,VladTV,,,,209687.00,81131.00,128556.00,39%,62.36,5.27
1/19/22,Crocodile,,,,5262.00,1157.00,4105.00,22%,2.95,0.22
1/19/22,QuizJP,,,,1008.00,6.00,1002.00,1%,0.16,0.01
1/19/22,QuizUS,,,,576.00,8.00,568.00,1%,0.07,0.01
1/19/22,PalTalk,,,,1432284.00,1002682.00,429602.00,70%,302.00,24.15
1/19/22,Impala - Headlines,,,,1389717.00,56309.00,1333408.00,4%,494.26,16.24
1/19/22,Steps,,,,299767.00,92143.00,207624.00,31%,60.25,5.67
1/19/22,MyFitnessPal,,,,46577510.00,7018761.00,39558749.00,15%,2023.62,378.09
1/19/22,ShopKick,,,,1517487.00,321863.00,1195624.00,21%,1445.51,72.74
1/19/22,Audiomack,,,,2476081.00,954747.00,1521334.00,39%,3796.51,200.47
1/19/22,Encyclopedia Britannica,,,,8679823.00,328286.00,8351537.00,4%,263.43,18.44
1/19/22,Scrabble Go,,,,10089985.00,1586642.00,8503343.00,16%,1742.78,95.85
1/19/22,Camfrog,,,,1615030.00,1309591.00,305439.00,81%,90.56,8.48
1/19/22,Flickr,,,,14504285.00,61464.00,14442821.00,0%,29.73,103.18
1/19/22,MeetMe,,,,1901787.00,470836.00,1430951.00,25%,763.36,103.64
1/19/22,StockTwits,,,,12421497.00,2545405.00,9876092.00,20%,1358.93,108.71
1/19/22,MyMixTapez,,,,6622527.00,2978.00,6619549.00,0%,12.76,46.97
1/19/22,Ultimate Classic Rock,,,,15714.00,978.00,14736.00,6%,1.31,0.19
1/19/22,Barstool Sports,,,,5761753.00,15299.00,5746454.00,0%,6.17,0.49
1/19/22,SwingU,,,,21516.00,3795.00,17721.00,18%,8.27,0.66
1/19/22,Reuters,,,,1438716.00,83017.00,1355699.00,6%,76.33,6.11
1/19/22,Funny Weather,,,,12781.00,1193.00,11588.00,9%,3.60,0.33
1/19/22,VPN - Super Unlimited Proxy,,,,4949876.00,35437.00,4914439.00,1%,52.39,38.07
1/19/22,NJ 101.5,,,,831141.00,20683.00,810458.00,2%,28.56,7.67
1/19/22,WGRD,,,,246260.00,8171.00,238089.00,3%,12.19,2.52
1/19/22,NewsTalk,,,,477393.00,13923.00,463470.00,3%,10.16,3.96
1/19/22,WBLM,,,,68253.00,2575.00,65678.00,4%,2.12,0.61
1/19/22,WJON,,,,59827.00,3746.00,56081.00,6%,4.87,0.73
1/19/22,Tide,,,,74380.00,4966.00,69414.00,7%,3.80,0.75
1/19/22,KFR,,,,5217.00,554.00,4663.00,11%,0.63,0.08
1/19/22,WBCK,,,,40870.00,5055.00,35815.00,12%,4.16,0.54
1/19/22,Cat Country,,,,72229.00,1700.00,70529.00,2%,1.89,0.63
1/19/22,Mix 95.7FM,,,,32618.00,3236.00,29382.00,10%,2.71,0.40
1/19/22,Memedroid,,,,195779.00,12188.00,183591.00,6%,2.27,0.18
1/19/22,Loudwire,,,,25381.00,3723.00,21658.00,15%,3.25,0.38
1/19/22,XXL Mag,,,,15309.00,1875.00,13434.00,12%,1.70,0.21
1/19/22,ScoreStream,,,,2093.00,47.00,2046.00,2%,0.07,0.01
1/19/22,FreeUnblock VPN,,,,1371.00,83.00,1288.00,6%,0.01,0.00
1/19/22,HAR Texas,,,,710031.00,108036.00,601995.00,15%,87.88,7.03
1/19/22,Psiphon Pro,,,,12558161.00,865876.00,11692285.00,7%,115.00,9.20
1/19/22,Bracelet Book,,,,42172.00,1319.00,40853.00,3%,0.53,0.04
1/19/22,Tumblr,,,,87062833.00,14410890.00,72651943.00,17%,7175.53,430.53
1/19/22,Wordfinder by WordTips,,,,477456.00,114876.00,362580.00,24%,172.74,13.82
1/19/22,PricePulse,,,,29222.00,1975.00,27247.00,7%,1.54,0.12
1/19/22,Untappd,,,,146147.00,35194.00,110953.00,24%,38.92,3.11
1/19/22,Dice with Buddies,,,,483553.00,33345.00,450208.00,7%,130.54,7.18
1/19/22,Astrology Daily,,,,368.00,31.00,337.00,8%,0.08,0.01
1/19/22,BisManOnline,,,,342.00,122.00,220.00,36%,0.18,0.01
1/19/22,Tokybook ,,,,17659.00,4524.00,13135.00,26%,4.69,0.38
1/19/22,1point3acres,,,,62.00,32.00,30.00,52%,0.01,0.00
1/19/22,Radio Texas Live,,,,35446.00,1939.00,33507.00,5%,1.12,0.31
1/19/22,KLAQ,,,,157338.00,20087.00,137251.00,13%,11.50,1.77
1/19/22,KICKS 105,,,,16977.00,1382.00,15595.00,8%,0.87,0.17
1/19/22,106.5 WYRK,,,,99760.00,4430.00,95330.00,4%,3.69,0.93
1/19/22,Buffalos 937 WBLK -The Peoples Station,,,,123754.00,7961.00,115793.00,6%,7.10,1.31
1/19/22,K2,,,,22849.00,1115.00,21734.00,5%,1.11,0.23
1/19/22,101.5 WPDH,,,,60841.00,7929.00,52912.00,13%,5.20,0.73
1/19/22,97.3 KKRC,,,,20352.00,1254.00,19098.00,6%,0.79,0.19
1/19/22,The Dawg 973,,,,41737.00,3218.00,38519.00,8%,1.96,0.41
1/19/22,KNUE 1015 East Texas Country Station,,,,11942.00,800.00,11142.00,7%,0.37,0.10
1/19/22,MyLaps,,,,252.00,15.00,237.00,6%,0.00,0.00
1/18/22,Imgur,,,,10610316.00,543200.00,10067116.00,5%,2543.09,121.39
1/18/22,Wattpad,,,,3702830.00,1090840.00,2611990.00,29%,1740.62,236.45
1/18/22,MixerBox,,,,57986.00,19879.00,38107.00,34%,108.51,4.24
1/18/22,Lucktastic,,,,126675.00,36906.00,89769.00,29%,331.46,4.50
1/18/22,MixerBoxLite,,,,1122772.00,91924.00,1030848.00,8%,107.14,25.60
1/18/22,Kidoodle,,,,156380253.00,1035549.00,155344704.00,1%,8540.28,1514.43
1/18/22,MocoSpace,,,,503806.00,373871.00,129935.00,74%,508.84,36.53
1/18/22,Online Plus,,,,2346805.00,665923.00,1680882.00,28%,2445.29,121.61
1/18/22,Qlixar,,,,913512.00,343677.00,569835.00,38%,1430.38,61.27
1/18/22,WeatherBug,,,,74499797.00,3258498.00,71241299.00,4%,4402.49,352.20
1/18/22,Droplist,,,,398996.00,219060.00,179936.00,55%,142.14,15.47
1/18/22,Growlr,,,,4310906.00,2056918.00,2253988.00,48%,526.21,52.61
1/18/22,The Times of India,,,,9323385.00,153327.00,9170058.00,2%,176.02,76.51
1/18/22,LiveMixTapes,,,,742448.00,335869.00,406579.00,45%,260.35,21.07
1/18/22,Instant News,,,,25747.00,19331.00,6416.00,75%,301.15,3.32
1/18/22,Dolphin,,,,2704.00,1337.00,1367.00,49%,1.83,0.23
1/18/22,MyDaily,,,,7317.00,5387.00,1930.00,74%,10.57,0.93
1/18/22,Everyday,,,,279.00,238.00,41.00,85%,1.72,0.04
1/18/22,First News,,,,118165.00,72141.00,46024.00,61%,333.74,12.49
1/18/22,The Feed,,,,203.00,73.00,130.00,36%,0.15,0.01
1/18/22,ShopSavvy,,,,3.00,1.00,2.00,33%,0.00,0.00
1/18/22,VladTV,,,,197838.00,75525.00,122313.00,38%,56.32,4.80
1/18/22,Crocodile,,,,6149.00,1199.00,4950.00,20%,3.30,0.23
1/18/22,QuizJP,,,,1255.00,1.00,1254.00,0%,0.01,0.01
1/18/22,QuizUS,,,,477.00,8.00,469.00,2%,0.05,0.00
1/18/22,PalTalk,,,,1447612.00,1011415.00,436197.00,70%,279.83,22.64
1/18/22,Impala - Headlines,,,,1287033.00,58563.00,1228470.00,5%,508.08,16.10
1/18/22,Steps,,,,296271.00,91804.00,204467.00,31%,57.80,5.48
1/18/22,Timer+,,,,4.00,3.00,1.00,75%,0.00,0.00
1/18/22,MyFitnessPal,,,,51105619.00,7953465.00,43152154.00,16%,2197.89,411.96
1/18/22,ShopKick,,,,1409171.00,260968.00,1148203.00,19%,1213.24,60.23
1/18/22,Audiomack,,,,2326417.00,967756.00,1358661.00,42%,3681.04,193.56
1/18/22,Encyclopedia Britannica,,,,8570527.00,326628.00,8243899.00,4%,267.81,18.75
1/18/22,Scrabble Go,,,,10051577.00,1511027.00,8540550.00,15%,2257.30,124.15
1/18/22,Camfrog,,,,1645294.00,1338704.00,306590.00,81%,92.25,8.60
1/18/22,Flickr,,,,15998511.00,65465.00,15933046.00,0%,31.76,113.75
1/18/22,MeetMe,,,,1945430.00,525772.00,1419658.00,27%,835.22,114.50
1/18/22,StockTwits,,,,12163019.00,2522282.00,9640737.00,21%,1339.41,107.15
1/18/22,MyMixTapez,,,,6072795.00,2389.00,6070406.00,0%,12.18,43.10
1/18/22,Ultimate Classic Rock,,,,16120.00,876.00,15244.00,5%,1.08,0.18
1/18/22,Barstool Sports,,,,6491900.00,70972.00,6420928.00,1%,14.89,1.19
1/18/22,SwingU,,,,15267.00,2638.00,12629.00,17%,5.97,0.48
1/18/22,Reuters,,,,1493170.00,65871.00,1427299.00,4%,62.64,5.01
1/18/22,Funny Weather,,,,11176.00,1076.00,10100.00,10%,2.88,0.27
1/18/22,VPN - Super Unlimited Proxy,,,,4794465.00,28878.00,4765587.00,1%,43.98,36.44
1/18/22,NJ 101.5,,,,796131.00,18164.00,777967.00,2%,25.68,7.24
1/18/22,WGRD,,,,241268.00,8125.00,233143.00,3%,11.86,2.46
1/18/22,NewsTalk,,,,473521.00,13905.00,459616.00,3%,8.84,3.84
1/18/22,WBLM,,,,65253.00,2041.00,63212.00,3%,1.62,0.56
1/18/22,WJON,,,,43939.00,2461.00,41478.00,6%,2.24,0.45
1/18/22,Tide,,,,82295.00,5275.00,77020.00,6%,3.94,0.81
1/18/22,KFR,,,,6319.00,532.00,5787.00,8%,0.71,0.09
1/18/22,WBCK,,,,38517.00,4172.00,34345.00,11%,3.40,0.48
1/18/22,Cat Country,,,,73691.00,2676.00,71015.00,4%,2.33,0.66
1/18/22,Mix 95.7FM,,,,36046.00,3761.00,32285.00,10%,3.23,0.45
1/18/22,Memedroid,,,,199938.00,11828.00,188110.00,6%,2.21,0.18
1/18/22,Loudwire,,,,28528.00,4899.00,23629.00,17%,4.22,0.46
1/18/22,XXL Mag,,,,15330.00,1895.00,13435.00,12%,1.94,0.23
1/18/22,ScoreStream,,,,1304.00,54.00,1250.00,4%,0.09,0.01
1/18/22,FreeUnblock VPN,,,,1498.00,86.00,1412.00,6%,0.01,0.00
1/18/22,HAR Texas,,,,697029.00,110915.00,586114.00,16%,90.97,7.28
1/18/22,Psiphon Pro,,,,12455177.00,993180.00,11461997.00,8%,113.02,9.04
1/18/22,Bracelet Book,,,,40477.00,1270.00,39207.00,3%,0.55,0.04
1/18/22,Tumblr,,,,87213356.00,15100822.00,72112534.00,17%,6908.77,414.53
1/18/22,Wordfinder by WordTips,,,,503756.00,115598.00,388158.00,23%,167.70,13.42
1/18/22,PricePulse,,,,27359.00,1545.00,25814.00,6%,1.32,0.11
1/18/22,Untappd,,,,134008.00,31864.00,102144.00,24%,32.79,2.62
1/18/22,Dice with Buddies,,,,416284.00,38988.00,377296.00,9%,186.59,10.26
1/18/22,Astrology Daily,,,,584.00,43.00,541.00,7%,0.06,0.00
1/18/22,Meetup,,,,89619.00,9356.00,80263.00,10%,18.48,1.48
1/18/22,BisManOnline,,,,406.00,106.00,300.00,26%,0.14,0.01
1/18/22,Tokybook ,,,,16838.00,4759.00,12079.00,28%,4.69,0.38
1/18/22,1point3acres,,,,10.00,4.00,6.00,40%,0.00,0.00
1/18/22,Radio Texas Live,,,,33541.00,1862.00,31679.00,6%,0.75,0.27
1/18/22,KLAQ,,,,153972.00,16477.00,137495.00,11%,10.92,1.73
1/18/22,KICKS 105,,,,15494.00,1186.00,14308.00,8%,0.67,0.15
1/18/22,106.5 WYRK,,,,103638.00,4446.00,99192.00,4%,3.59,0.95
1/18/22,Buffalos 937 WBLK -The Peoples Station,,,,104408.00,8092.00,96316.00,8%,6.78,1.15
1/18/22,K2,,,,21094.00,1022.00,20072.00,5%,1.02,0.21
1/18/22,101.5 WPDH,,,,60028.00,6931.00,53097.00,12%,4.15,0.66
1/18/22,97.3 KKRC,,,,19250.00,1795.00,17455.00,9%,1.14,0.20
1/18/22,The Dawg 973,,,,40187.00,2757.00,37430.00,7%,1.33,0.36
1/18/22,KNUE 1015 East Texas Country Station,,,,9897.00,757.00,9140.00,8%,0.29,0.08
1/18/22,MyLaps,,,,69.00,5.00,64.00,7%,0.00,0.00
1/17/22,Imgur,,,,11211008.00,545023.00,10665985.00,5%,2568.69,125.70
1/17/22,Wattpad,,,,4137321.00,1116479.00,3020842.00,27%,1700.15,244.44
1/17/22,MixerBox,,,,55881.00,18362.00,37519.00,33%,100.84,3.94
1/17/22,Lucktastic,,,,141021.00,40349.00,100672.00,29%,339.90,4.94
1/17/22,MixerBoxLite,,,,1168603.00,86444.00,1082159.00,7%,92.93,24.86
1/17/22,Kidoodle,,,,160211674.00,984843.00,159226831.00,1%,7926.00,1510.89
1/17/22,MocoSpace,,,,527923.00,383499.00,144424.00,73%,507.84,36.56
1/17/22,Online Plus,,,,2231615.00,501161.00,1730454.00,22%,1978.14,93.85
1/17/22,Qlixar,,,,858782.00,275755.00,583027.00,32%,1143.03,49.79
1/17/22,WeatherBug,,,,111982852.00,4194102.00,107788750.00,4%,6116.68,489.33
1/17/22,Droplist,,,,439205.00,225682.00,213523.00,51%,152.63,16.76
1/17/22,Growlr,,,,4550551.00,2199241.00,2351310.00,48%,540.07,54.26
1/17/22,The Times of India,,,,12368625.00,217166.00,12151459.00,2%,209.87,99.75
1/17/22,LiveMixTapes,,,,738392.00,304685.00,433707.00,41%,238.77,19.75
1/17/22,Instant News,,,,23018.00,19248.00,3770.00,84%,278.82,3.29
1/17/22,Dolphin,,,,3142.00,1597.00,1545.00,51%,2.05,0.28
1/17/22,MyDaily,,,,6976.00,4947.00,2029.00,71%,9.53,0.85
1/17/22,Everyday,,,,296.00,255.00,41.00,86%,2.23,0.04
1/17/22,First News,,,,115148.00,68687.00,46461.00,60%,337.99,11.91
1/17/22,The Feed,,,,142.00,84.00,58.00,59%,0.23,0.01
1/17/22,VladTV,,,,151914.00,58233.00,93681.00,38%,44.49,3.77
1/17/22,Crocodile,,,,7349.00,1033.00,6316.00,14%,2.69,0.21
1/17/22,QuizJP,,,,1120.00,1.00,1119.00,0%,0.01,0.01
1/17/22,QuizUS,,,,732.00,27.00,705.00,4%,0.30,0.01
1/17/22,PalTalk,,,,1366966.00,960886.00,406080.00,70%,276.40,22.19
1/17/22,Impala - Headlines,,,,1155864.00,48427.00,1107437.00,4%,418.60,13.77
1/17/22,Steps,,,,291943.00,80027.00,211916.00,27%,48.74,4.90
1/17/22,Timer+,,,,1.00,0.00,1.00,0%,0.00,0.00
1/17/22,MyFitnessPal,,,,51011288.00,7648887.00,43362401.00,15%,2141.84,410.63
1/17/22,ShopKick,,,,1415639.00,209279.00,1206360.00,15%,935.70,50.30
1/17/22,Audiomack,,,,2311684.00,848418.00,1463266.00,37%,2865.64,153.52
1/17/22,Encyclopedia Britannica,,,,8291256.00,268573.00,8022683.00,3%,215.81,15.11
1/17/22,Scrabble Go,,,,10550362.00,1461252.00,9089110.00,14%,2623.35,144.28
1/17/22,Camfrog,,,,1568013.00,1285687.00,282326.00,82%,87.10,8.07
1/17/22,Flickr,,,,19473365.00,66563.00,19406802.00,0%,31.98,138.09
1/17/22,MeetMe,,,,1973316.00,533068.00,1440248.00,27%,822.86,116.07
1/17/22,StockTwits,,,,4705743.00,1039732.00,3666011.00,22%,553.67,44.29
1/17/22,MyMixTapez,,,,5713381.00,2663.00,5710718.00,0%,13.10,40.63
1/17/22,Ultimate Classic Rock,,,,16644.00,570.00,16074.00,3%,0.75,0.17
1/17/22,Barstool Sports,,,,3827791.00,75062.00,3752729.00,2%,14.48,1.16
1/17/22,SwingU,,,,18724.00,3572.00,15152.00,19%,7.02,0.56
1/17/22,Reuters,,,,1635818.00,64930.00,1570888.00,4%,58.65,4.69
1/17/22,Funny Weather,,,,13022.00,1300.00,11722.00,10%,3.38,0.32
1/17/22,VPN - Super Unlimited Proxy,,,,4534421.00,21591.00,4512830.00,0%,33.54,33.94
1/17/22,NJ 101.5,,,,587814.00,15570.00,572244.00,3%,22.83,5.60
1/17/22,WGRD,,,,206199.00,6745.00,199454.00,3%,9.68,2.07
1/17/22,NewsTalk,,,,394663.00,11945.00,382718.00,3%,8.31,3.26
1/17/22,WBLM,,,,49753.00,1082.00,48671.00,2%,1.10,0.42
1/17/22,WJON,,,,46789.00,1669.00,45120.00,4%,2.04,0.46
1/17/22,Tide,,,,93316.00,5167.00,88149.00,6%,3.93,0.89
1/17/22,KFR,,,,6196.00,483.00,5713.00,8%,0.65,0.09
1/17/22,WBCK,,,,37074.00,3596.00,33478.00,10%,2.91,0.44
1/17/22,Cat Country,,,,59097.00,1239.00,57858.00,2%,1.30,0.50
1/17/22,Mix 95.7FM,,,,30679.00,3036.00,27643.00,10%,2.51,0.37
1/17/22,Memedroid,,,,201321.00,10787.00,190534.00,5%,1.79,0.14
1/17/22,Loudwire,,,,20025.00,3515.00,16510.00,18%,3.04,0.33
1/17/22,XXL Mag,,,,14723.00,1810.00,12913.00,12%,1.95,0.23
1/17/22,ScoreStream,,,,1178.00,30.00,1148.00,3%,0.04,0.00
1/17/22,FreeUnblock VPN,,,,1369.00,81.00,1288.00,6%,0.02,0.00
1/17/22,HAR Texas,,,,739095.00,120388.00,618707.00,16%,100.47,8.04
1/17/22,Psiphon Pro,,,,12752664.00,726754.00,12025910.00,6%,99.18,7.93
1/17/22,Bracelet Book,,,,50442.00,1104.00,49338.00,2%,0.50,0.04
1/17/22,Tumblr,,,,88000693.00,14133201.00,73867492.00,16%,6362.62,381.76
1/17/22,Wordfinder by WordTips,,,,524422.00,121254.00,403168.00,23%,185.16,14.81
1/17/22,PricePulse,,,,30781.00,1552.00,29229.00,5%,1.34,0.11
1/17/22,Untappd,,,,158207.00,43711.00,114496.00,28%,46.05,3.68
1/17/22,Dice with Buddies,,,,407124.00,47513.00,359611.00,12%,238.03,13.09
1/17/22,Astrology Daily,,,,758.00,64.00,694.00,8%,0.21,0.02
1/17/22,Meetup,,,,118824.00,10808.00,108016.00,9%,22.61,1.81
1/17/22,BisManOnline,,,,482.00,64.00,418.00,13%,0.07,0.01
1/17/22,Tokybook ,,,,12986.00,2285.00,10701.00,18%,2.08,0.17
1/17/22,Radio Texas Live,,,,33964.00,1833.00,32131.00,5%,0.78,0.28
1/17/22,KLAQ,,,,100543.00,12685.00,87858.00,13%,8.19,1.19
1/17/22,KICKS 105,,,,11215.00,843.00,10372.00,8%,0.54,0.11
1/17/22,106.5 WYRK,,,,63534.00,3106.00,60428.00,5%,2.71,0.61
1/17/22,Buffalos 937 WBLK -The Peoples Station,,,,75546.00,4205.00,71341.00,6%,3.73,0.76
1/17/22,K2,,,,19683.00,458.00,19225.00,2%,0.36,0.16
1/17/22,101.5 WPDH,,,,49274.00,6224.00,43050.00,13%,3.90,0.57
1/17/22,97.3 KKRC,,,,18324.00,831.00,17493.00,5%,0.85,0.18
1/17/22,The Dawg 973,,,,38620.00,2691.00,35929.00,7%,1.21,0.34
1/17/22,KNUE 1015 East Texas Country Station,,,,8153.00,640.00,7513.00,8%,0.34,0.08
1/17/22,MyLaps,,,,22.00,3.00,19.00,14%,0.00,0.00
1/16/22,Imgur,,,,11467754.00,484672.00,10983082.00,4%,2311.94,121.77
1/16/22,Wattpad,,,,3751577.00,991608.00,2759969.00,26%,1456.37,217.64
1/16/22,MixerBox,,,,56376.00,18482.00,37894.00,33%,99.96,3.96
1/16/22,Lucktastic,,,,157892.00,40322.00,117570.00,26%,326.67,5.09
1/16/22,MixerBoxLite,,,,1253246.00,104158.00,1149088.00,8%,108.63,28.88
1/16/22,Kidoodle,,,,156766862.00,1038948.00,155727914.00,1%,8262.16,1503.20
1/16/22,MocoSpace,,,,512581.00,378642.00,133939.00,74%,507.03,36.43
1/16/22,Online Plus,,,,2083098.00,460984.00,1622114.00,22%,1872.37,86.48
1/16/22,Qlixar,,,,807768.00,241041.00,566727.00,30%,1015.76,43.81
1/16/22,WeatherBug,,,,176711006.00,7129807.00,169581199.00,4%,10049.94,804.00
1/16/22,Droplist,,,,445819.00,224751.00,221068.00,50%,147.31,16.28
1/16/22,Growlr,,,,4721720.00,2206328.00,2515392.00,47%,536.96,55.19
1/16/22,The Times of India,,,,11200154.00,252673.00,10947481.00,2%,221.34,92.13
1/16/22,LiveMixTapes,,,,711774.00,287301.00,424473.00,40%,219.32,18.32
1/16/22,Instant News,,,,22101.00,19567.00,2534.00,89%,269.96,3.34
1/16/22,Dolphin,,,,3898.00,1610.00,2288.00,41%,2.14,0.29
1/16/22,MyDaily,,,,7727.00,5336.00,2391.00,69%,10.81,0.92
1/16/22,Everyday,,,,378.00,298.00,80.00,79%,1.73,0.05
1/16/22,First News,,,,113363.00,59177.00,54186.00,52%,216.63,10.33
1/16/22,The Feed,,,,261.00,67.00,194.00,26%,0.18,0.01
1/16/22,ShopSavvy,,,,15.00,8.00,7.00,53%,0.01,0.00
1/16/22,VladTV,,,,159077.00,57328.00,101749.00,36%,43.03,3.72
1/16/22,Crocodile,,,,14255.00,1322.00,12933.00,9%,3.67,0.29
1/16/22,QuizJP,,,,2124.00,0.00,2124.00,0%,0.00,0.01
1/16/22,QuizUS,,,,524.00,1.00,523.00,0%,0.01,0.00
1/16/22,PalTalk,,,,1451380.00,1003073.00,448307.00,69%,287.09,23.23
1/16/22,Impala - Headlines,,,,1080323.00,52998.00,1027325.00,5%,447.54,14.15
1/16/22,Steps,,,,279441.00,74561.00,204880.00,27%,44.37,4.54
1/16/22,MyFitnessPal,,,,39515278.00,5861280.00,33653998.00,15%,1737.23,322.44
1/16/22,ShopKick,,,,1450586.00,223492.00,1227094.00,15%,1012.61,53.29
1/16/22,Audiomack,,,,2310158.00,857326.00,1452832.00,37%,3035.66,161.95
1/16/22,Encyclopedia Britannica,,,,7750483.00,278643.00,7471840.00,4%,221.49,15.50
1/16/22,Scrabble Go,,,,10960134.00,1637375.00,9322759.00,15%,2678.58,147.32
1/16/22,Camfrog,,,,1493043.00,1199591.00,293452.00,80%,85.73,8.06
1/16/22,Flickr,,,,20041555.00,66500.00,19975055.00,0%,31.03,142.00
1/16/22,MeetMe,,,,1909649.00,532300.00,1377349.00,28%,841.36,115.44
1/16/22,StockTwits,,,,3529286.00,798190.00,2731096.00,23%,433.04,34.64
1/16/22,MyMixTapez,,,,5497938.00,2825.00,5495113.00,0%,14.60,39.20
1/16/22,Ultimate Classic Rock,,,,17047.00,403.00,16644.00,2%,0.42,0.15
1/16/22,Barstool Sports,,,,3220033.00,45745.00,3174288.00,1%,9.44,0.76
1/16/22,SwingU,,,,25952.00,3381.00,22571.00,13%,6.83,0.55
1/16/22,Reuters,,,,1683977.00,68157.00,1615820.00,4%,61.72,4.94
1/16/22,Funny Weather,,,,13883.00,1541.00,12342.00,11%,4.46,0.40
1/16/22,VPN - Super Unlimited Proxy,,,,4986450.00,23527.00,4962923.00,0%,36.51,37.30
1/16/22,NJ 101.5,,,,209618.00,8024.00,201594.00,4%,12.75,2.30
1/16/22,WGRD,,,,7671.00,407.00,7264.00,5%,0.58,0.09
1/16/22,NewsTalk,,,,71239.00,1506.00,69733.00,2%,1.10,0.57
1/16/22,WBLM,,,,23582.00,667.00,22915.00,3%,0.49,0.19
1/16/22,WJON,,,,26650.00,1202.00,25448.00,5%,1.32,0.27
1/16/22,Tide,,,,22783.00,3345.00,19438.00,15%,2.75,0.33
1/16/22,KFR,,,,4054.00,331.00,3723.00,8%,0.38,0.05
1/16/22,WBCK,,,,9513.00,1191.00,8322.00,13%,0.98,0.13
1/16/22,Cat Country,,,,8491.00,136.00,8355.00,2%,0.10,0.07
1/16/22,Mix 95.7FM,,,,9699.00,745.00,8954.00,8%,0.65,0.11
1/16/22,Memedroid,,,,205106.00,12149.00,192957.00,6%,2.11,0.17
1/16/22,Loudwire,,,,17686.00,2192.00,15494.00,12%,2.14,0.26
1/16/22,XXL Mag,,,,12741.00,1301.00,11440.00,10%,1.15,0.16
1/16/22,ScoreStream,,,,1835.00,75.00,1760.00,4%,0.10,0.01
1/16/22,FreeUnblock VPN,,,,1413.00,79.00,1334.00,6%,0.01,0.00
1/16/22,HAR Texas,,,,766923.00,115283.00,651640.00,15%,98.62,7.89
1/16/22,Psiphon Pro,,,,12824475.00,639473.00,12185002.00,5%,115.72,9.26
1/16/22,Bracelet Book,,,,52629.00,1366.00,51263.00,3%,0.62,0.05
1/16/22,Tumblr,,,,88219443.00,14462808.00,73756635.00,16%,6772.57,406.35
1/16/22,Wordfinder by WordTips,,,,546612.00,112393.00,434219.00,21%,184.92,14.79
1/16/22,PricePulse,,,,29887.00,2092.00,27795.00,7%,1.82,0.15
1/16/22,Untappd,,,,227791.00,71883.00,155908.00,32%,77.17,6.17
1/16/22,Dice with Buddies,,,,407983.00,45111.00,362872.00,11%,223.85,12.31
1/16/22,Astrology Daily,,,,654.00,58.00,596.00,9%,0.08,0.01
1/16/22,Meetup,,,,119303.00,11989.00,107314.00,10%,23.80,1.90
1/16/22,BisManOnline,,,,129.00,44.00,85.00,34%,0.05,0.00
1/16/22,Tokybook ,,,,9636.00,1882.00,7754.00,20%,1.96,0.16
1/16/22,Radio Texas Live,,,,34812.00,2062.00,32750.00,6%,0.83,0.29
1/16/22,KLAQ,,,,15121.00,1440.00,13681.00,10%,0.90,0.16
1/16/22,KICKS 105,,,,5283.00,70.00,5213.00,1%,0.07,0.04
1/16/22,106.5 WYRK,,,,35523.00,1694.00,33829.00,5%,1.32,0.33
1/16/22,Buffalos 937 WBLK -The Peoples Station,,,,39640.00,2770.00,36870.00,7%,2.36,0.42
1/16/22,K2,,,,10583.00,167.00,10416.00,2%,0.17,0.08
1/16/22,101.5 WPDH,,,,28229.00,2805.00,25424.00,10%,1.43,0.28
1/16/22,97.3 KKRC,,,,4043.00,557.00,3486.00,14%,2.43,0.19
1/16/22,The Dawg 973,,,,140706.00,9542.00,131164.00,7%,4.68,1.25
1/16/22,KNUE 1015 East Texas Country Station,,,,7455.00,543.00,6912.00,7%,0.14,0.06
1/15/22,Imgur,,,,10997071.00,563184.00,10433887.00,5%,2627.26,126.22
1/15/22,Wattpad,,,,3285802.00,911479.00,2374323.00,28%,1456.68,198.92
1/15/22,MixerBox,,,,62820.00,20456.00,42364.00,33%,116.60,4.39
1/15/22,Lucktastic,,,,150927.00,41588.00,109339.00,28%,332.98,5.14
1/15/22,MixerBoxLite,,,,1341445.00,112274.00,1229171.00,8%,114.19,31.06
1/15/22,Kidoodle,,,,160649040.00,1017306.00,159631734.00,1%,7923.62,1513.60
1/15/22,MocoSpace,,,,508650.00,377621.00,131029.00,74%,509.60,36.59
1/15/22,Online Plus,,,,2025673.00,510374.00,1515299.00,25%,2002.54,94.34
1/15/22,Qlixar,,,,790910.00,274443.00,516467.00,35%,1223.58,49.24
1/15/22,WeatherBug,,,,127071868.00,5528746.00,121543122.00,4%,7590.49,607.24
1/15/22,Droplist,,,,319160.00,173983.00,145177.00,55%,112.87,12.30
1/15/22,Growlr,,,,4530814.00,2166283.00,2364531.00,48%,556.23,55.49
1/15/22,The Times of India,,,,9720373.00,233171.00,9487202.00,2%,195.85,80.12
1/15/22,LiveMixTapes,,,,839878.00,385097.00,454781.00,46%,302.29,24.34
1/15/22,Instant News,,,,25480.00,20436.00,5044.00,80%,290.25,3.50
1/15/22,Dolphin,,,,4314.00,1570.00,2744.00,36%,1.92,0.28
1/15/22,MyDaily,,,,7929.00,5882.00,2047.00,74%,13.73,1.01
1/15/22,Everyday,,,,352.00,284.00,68.00,81%,2.05,0.05
1/15/22,First News,,,,104176.00,50317.00,53859.00,48%,179.42,8.82
1/15/22,The Feed,,,,213.00,31.00,182.00,15%,0.07,0.01
1/15/22,ShopSavvy,,,,5.00,2.00,3.00,40%,0.00,0.00
1/15/22,VladTV,,,,178209.00,68127.00,110082.00,38%,48.40,4.16
1/15/22,Crocodile,,,,10940.00,1344.00,9596.00,12%,3.59,0.28
1/15/22,QuizJP,,,,685.00,0.00,685.00,0%,0.00,0.00
1/15/22,QuizUS,,,,747.00,14.00,733.00,2%,0.16,0.01
1/15/22,PalTalk,,,,1536077.00,1085888.00,450189.00,71%,308.67,24.76
1/15/22,Impala - Headlines,,,,1123192.00,67255.00,1055937.00,6%,561.74,16.71
1/15/22,Steps,,,,279920.00,75871.00,204049.00,27%,47.78,4.77
1/15/22,MyFitnessPal,,,,36058084.00,5647406.00,30410678.00,16%,1714.49,298.60
1/15/22,ShopKick,,,,1490342.00,235696.00,1254646.00,16%,1060.68,55.92
1/15/22,Audiomack,,,,2440652.00,919688.00,1520964.00,38%,3367.78,179.04
1/15/22,Encyclopedia Britannica,,,,7484417.00,310176.00,7174241.00,4%,246.23,17.24
1/15/22,Scrabble Go,,,,9991983.00,1571979.00,8420004.00,16%,2639.10,145.15
1/15/22,Camfrog,,,,1642669.00,1334447.00,308222.00,81%,93.99,8.74
1/15/22,Flickr,,,,14056951.00,64644.00,13992307.00,0%,29.63,100.02
1/15/22,MeetMe,,,,1806104.00,511759.00,1294345.00,28%,837.75,110.75
1/15/22,StockTwits,,,,4181277.00,1015995.00,3165282.00,24%,562.59,45.01
1/15/22,MyMixTapez,,,,6680929.00,3964.00,6676965.00,0%,20.64,47.77
1/15/22,Ultimate Classic Rock,,,,23037.00,786.00,22251.00,3%,0.96,0.22
1/15/22,Barstool Sports,,,,5231995.00,52336.00,5179659.00,1%,11.20,0.90
1/15/22,SwingU,,,,26821.00,3519.00,23302.00,13%,7.43,0.59
1/15/22,Reuters,,,,1431701.00,69783.00,1361918.00,5%,62.87,5.03
1/15/22,Funny Weather,,,,13810.00,1407.00,12403.00,10%,4.19,0.38
1/15/22,VPN - Super Unlimited Proxy,,,,5030782.00,20807.00,5009975.00,0%,31.41,37.27
1/15/22,NJ 101.5,,,,273302.00,8949.00,264353.00,3%,14.04,2.83
1/15/22,WGRD,,,,27865.00,961.00,26904.00,3%,1.50,0.29
1/15/22,NewsTalk,,,,98752.00,2499.00,96253.00,3%,2.23,0.83
1/15/22,WBLM,,,,30334.00,824.00,29510.00,3%,0.64,0.25
1/15/22,WJON,,,,32434.00,1211.00,31223.00,4%,1.40,0.32
1/15/22,Tide,,,,17207.00,1406.00,15801.00,8%,1.31,0.20
1/15/22,KFR,,,,2413.00,302.00,2111.00,13%,0.40,0.04
1/15/22,WBCK,,,,16082.00,1862.00,14220.00,12%,1.61,0.21
1/15/22,Cat Country,,,,16802.00,362.00,16440.00,2%,0.30,0.14
1/15/22,Mix 95.7FM,,,,8559.00,441.00,8118.00,5%,0.38,0.08
1/15/22,Memedroid,,,,198295.00,11945.00,186350.00,6%,1.97,0.16
1/15/22,Loudwire,,,,21844.00,2791.00,19053.00,13%,2.92,0.34
1/15/22,XXL Mag,,,,14557.00,1709.00,12848.00,12%,1.84,0.22
1/15/22,ScoreStream,,,,4236.00,127.00,4109.00,3%,0.20,0.02
1/15/22,FreeUnblock VPN,,,,1543.00,101.00,1442.00,7%,0.01,0.00
1/15/22,HAR Texas,,,,796315.00,132186.00,664129.00,17%,118.29,9.46
1/15/22,Psiphon Pro,,,,12731923.00,624190.00,12107733.00,5%,96.91,7.75
1/15/22,Bracelet Book,,,,44750.00,1148.00,43602.00,3%,0.34,0.03
1/15/22,Tumblr,,,,84962725.00,14590666.00,70372059.00,17%,7279.33,436.76
1/15/22,Wordfinder by WordTips,,,,491291.00,104979.00,386312.00,21%,184.33,14.75
1/15/22,PricePulse,,,,27402.00,1915.00,25487.00,7%,1.58,0.13
1/15/22,Untappd,,,,252024.00,79102.00,172922.00,31%,91.77,7.34
1/15/22,Dice with Buddies,,,,396256.00,43052.00,353204.00,11%,205.01,11.28
1/15/22,Dice with Ellen,,,,3.00,0.00,3.00,0%,0.00,0.00
1/15/22,Astrology Daily,,,,669.00,51.00,618.00,8%,0.10,0.01
1/15/22,Meetup,,,,225185.00,24239.00,200946.00,11%,36.89,2.95
1/15/22,BisManOnline,,,,114.00,25.00,89.00,22%,0.02,0.00
1/15/22,Tokybook ,,,,7085.00,1444.00,5641.00,20%,1.36,0.11
1/15/22,1point3acres,,,,5.00,1.00,4.00,20%,0.00,0.00
1/15/22,Radio Texas Live,,,,37673.00,1927.00,35746.00,5%,0.91,0.31
1/15/22,KLAQ,,,,22413.00,2874.00,19539.00,13%,2.16,0.29
1/15/22,KICKS 105,,,,8946.00,134.00,8812.00,2%,0.06,0.07
1/15/22,106.5 WYRK,,,,58185.00,1375.00,56810.00,2%,0.82,0.46
1/15/22,Buffalos 937 WBLK -The Peoples Station,,,,63120.00,3409.00,59711.00,5%,3.36,0.65
1/15/22,K2,,,,17505.00,409.00,17096.00,2%,0.41,0.15
1/15/22,101.5 WPDH,,,,28810.00,3649.00,25161.00,13%,1.70,0.30
1/15/22,97.3 KKRC,,,,7257.00,707.00,6550.00,10%,0.52,0.08
1/15/22,The Dawg 973,,,,36755.00,3375.00,33380.00,9%,1.77,0.36
1/15/22,KNUE 1015 East Texas Country Station,,,,7031.00,276.00,6755.00,4%,0.11,0.05
1/14/22,Imgur,,,,9227639.00,401829.00,8825810.00,4%,2023.35,99.71
1/14/22,Wattpad,,,,3141821.00,907120.00,2234701.00,29%,1466.20,197.07
1/14/22,MixerBox,,,,64763.00,21614.00,43149.00,33%,125.25,4.62
1/14/22,Lucktastic,,,,100865.00,28444.00,72421.00,28%,279.66,3.50
1/14/22,MixerBoxLite,,,,1235564.00,106827.00,1128737.00,9%,114.77,29.27
1/14/22,Kidoodle,,,,145675576.00,1072687.00,144602889.00,1%,8273.43,1425.89
1/14/22,MocoSpace,,,,487254.00,358218.00,129036.00,74%,514.25,36.90
1/14/22,Online Plus,,,,1972352.00,623221.00,1349131.00,32%,2305.60,112.69
1/14/22,Qlixar,,,,781502.00,345023.00,436479.00,44%,1589.65,60.84
1/14/22,WeatherBug,,,,101352895.00,4895909.00,96456986.00,5%,6643.11,531.45
1/14/22,Droplist,,,,369692.00,220071.00,149621.00,60%,131.37,14.18
1/14/22,Growlr,,,,4399601.00,2094897.00,2304704.00,48%,536.84,53.71
1/14/22,The Times of India,,,,9908518.00,201417.00,9707101.00,2%,184.04,80.83
1/14/22,LiveMixTapes,,,,840172.00,391192.00,448980.00,47%,296.73,23.91
1/14/22,Instant News,,,,23656.00,19359.00,4297.00,82%,283.55,3.31
1/14/22,Dolphin,,,,3226.00,1612.00,1614.00,50%,2.39,0.28
1/14/22,MyDaily,,,,7408.00,5465.00,1943.00,74%,11.60,0.94
1/14/22,Everyday,,,,297.00,258.00,39.00,87%,1.70,0.04
1/14/22,First News,,,,97569.00,59022.00,38547.00,60%,128.81,10.23
1/14/22,The Feed,,,,283.00,69.00,214.00,24%,0.14,0.01
1/14/22,ShopSavvy,,,,3.00,2.00,1.00,67%,0.00,0.00
1/14/22,VladTV,,,,173071.00,68315.00,104756.00,39%,49.51,4.20
1/14/22,Crocodile,,,,8679.00,1365.00,7314.00,16%,3.91,0.27
1/14/22,QuizUS,,,,669.00,13.00,656.00,2%,0.07,0.01
1/14/22,PalTalk,,,,1493001.00,1060311.00,432690.00,71%,284.81,22.97
1/14/22,Impala - Headlines,,,,1106844.00,80085.00,1026759.00,7%,668.29,18.75
1/14/22,Steps,,,,290658.00,85599.00,205059.00,29%,55.26,5.30
1/14/22,MyFitnessPal,,,,40087569.00,6247099.00,33840470.00,16%,1855.76,329.67
1/14/22,ShopKick,,,,1387500.00,220937.00,1166563.00,16%,992.68,52.35
1/14/22,Audiomack,,,,2562463.00,965587.00,1596876.00,38%,3357.98,179.08
1/14/22,Encyclopedia Britannica,,,,8026260.00,417036.00,7609224.00,5%,312.27,21.86
1/14/22,Scrabble Go,,,,9636528.00,525885.00,9110643.00,5%,2171.85,119.45
1/14/22,Camfrog,,,,1439744.00,1144272.00,295472.00,79%,82.02,7.81
1/14/22,Flickr,,,,13962657.00,65594.00,13897063.00,0%,30.92,99.44
1/14/22,MeetMe,,,,1705667.00,559894.00,1145773.00,33%,918.17,119.34
1/14/22,StockTwits,,,,11467869.00,2618883.00,8848986.00,23%,1437.46,115.00
1/14/22,MyMixTapez,,,,7604089.00,3077.00,7601012.00,0%,17.06,54.06
1/14/22,Ultimate Classic Rock,,,,15097.00,957.00,14140.00,6%,1.48,0.20
1/14/22,Barstool Sports,,,,4392045.00,81759.00,4310286.00,2%,16.50,1.32
1/14/22,SwingU,,,,23240.00,3312.00,19928.00,14%,6.50,0.52
1/14/22,Reuters,,,,1568505.00,83093.00,1485412.00,5%,72.89,5.83
1/14/22,Funny Weather,,,,11510.00,963.00,10547.00,8%,2.34,0.24
1/14/22,VPN - Super Unlimited Proxy,,,,4142374.00,18392.00,4123982.00,0%,25.94,30.68
1/14/22,NJ 101.5,,,,707946.00,17912.00,690034.00,3%,25.15,6.59
1/14/22,WGRD,,,,223181.00,5948.00,217233.00,3%,8.36,2.11
1/14/22,NewsTalk,,,,445733.00,14068.00,431665.00,3%,8.96,3.65
1/14/22,WBLM,,,,63972.00,1486.00,62486.00,2%,1.31,0.53
1/14/22,WJON,,,,62333.00,3215.00,59118.00,5%,3.61,0.67
1/14/22,Tide,,,,88476.00,5390.00,83086.00,6%,4.12,0.87
1/14/22,KFR,,,,4831.00,421.00,4410.00,9%,0.58,0.07
1/14/22,WBCK,,,,38279.00,3374.00,34905.00,9%,2.93,0.45
1/14/22,Cat Country,,,,65822.00,1647.00,64175.00,3%,1.27,0.54
1/14/22,Mix 95.7FM,,,,32768.00,2990.00,29778.00,9%,2.46,0.38
1/14/22,Memedroid,,,,195604.00,12326.00,183278.00,6%,2.16,0.17
1/14/22,Loudwire,,,,26346.00,4014.00,22332.00,15%,3.71,0.42
1/14/22,XXL Mag,,,,17928.00,2178.00,15750.00,12%,2.07,0.26
1/14/22,ScoreStream,,,,1889.00,63.00,1826.00,3%,0.07,0.01
1/14/22,FreeUnblock VPN,,,,1364.00,90.00,1274.00,7%,0.01,0.00
1/14/22,HAR Texas,,,,706065.00,120921.00,585144.00,17%,103.96,8.32
1/14/22,Psiphon Pro,,,,13168686.00,927344.00,12241342.00,7%,114.08,9.13
1/14/22,Bracelet Book,,,,37613.00,1230.00,36383.00,3%,0.51,0.04
1/14/22,Tumblr,,,,86628401.00,15401913.00,71226488.00,18%,7846.95,470.82
1/14/22,Wordfinder by WordTips,,,,439872.00,90264.00,349608.00,21%,162.44,13.00
1/14/22,PricePulse,,,,29230.00,2040.00,27190.00,7%,1.82,0.15
1/14/22,Untappd,,,,187882.00,54176.00,133706.00,29%,57.46,4.60
1/14/22,Dice with Buddies,,,,393880.00,42474.00,351406.00,11%,186.70,10.27
1/14/22,Dice with Ellen,,,,5.00,0.00,5.00,0%,0.00,0.00
1/14/22,Astrology Daily,,,,604.00,45.00,559.00,7%,0.10,0.01
1/14/22,Meetup,,,,335861.00,38413.00,297448.00,11%,45.27,3.62
1/14/22,BisManOnline,,,,105.00,23.00,82.00,22%,0.07,0.01
1/14/22,Tokybook ,,,,13895.00,3258.00,10637.00,23%,3.08,0.25
1/14/22,Radio Texas Live,,,,42044.00,2032.00,40012.00,5%,0.98,0.35
1/14/22,KLAQ,,,,136161.00,18562.00,117599.00,14%,10.54,1.56
1/14/22,KICKS 105,,,,14962.00,321.00,14641.00,2%,0.33,0.13
1/14/22,106.5 WYRK,,,,96663.00,3078.00,93585.00,3%,2.54,0.83
1/14/22,Buffalos 937 WBLK -The Peoples Station,,,,122064.00,6971.00,115093.00,6%,6.34,1.25
1/14/22,K2,,,,24597.00,1565.00,23032.00,6%,1.31,0.25
1/14/22,101.5 WPDH,,,,52468.00,5414.00,47054.00,10%,2.85,0.53
1/14/22,97.3 KKRC,,,,16024.00,1310.00,14714.00,8%,0.83,0.16
1/14/22,The Dawg 973,,,,42198.00,2915.00,39283.00,7%,1.60,0.39
1/14/22,KNUE 1015 East Texas Country Station,,,,9226.00,579.00,8647.00,6%,0.27,0.08
1/13/22,Imgur,,,,7494442.00,224091.00,7270351.00,3%,965.06,70.96
1/13/22,Wattpad,,,,3107317.00,954014.00,2153303.00,31%,1475.23,205.88
1/13/22,MixerBox,,,,62261.00,20796.00,41465.00,33%,121.06,4.45
1/13/22,Lucktastic,,,,72368.00,22715.00,49653.00,31%,272.03,2.72
1/13/22,MixerBoxLite,,,,1194708.00,96752.00,1097956.00,8%,105.19,27.04
1/13/22,Kidoodle,,,,140566354.00,992065.00,139574289.00,1%,8317.94,1392.92
1/13/22,MocoSpace,,,,476786.00,237850.00,238936.00,50%,336.36,25.22
1/13/22,Online Plus,,,,1840571.00,685365.00,1155206.00,37%,2411.73,122.29
1/13/22,Qlixar,,,,709195.00,366947.00,342248.00,52%,1719.00,64.09
1/13/22,WeatherBug,,,,71117626.00,3601071.00,67516555.00,5%,4613.29,369.06
1/13/22,Droplist,,,,367412.00,188854.00,178558.00,51%,125.58,13.81
1/13/22,Growlr,,,,4307294.00,2017133.00,2290161.00,47%,515.69,52.13
1/13/22,The Times of India,,,,9665115.00,191172.00,9473943.00,2%,173.65,78.47
1/13/22,LiveMixTapes,,,,826052.00,390933.00,435119.00,47%,321.16,25.53
1/13/22,Instant News,,,,27280.00,19376.00,7904.00,71%,290.57,3.33
1/13/22,Dolphin,,,,3106.00,1709.00,1397.00,55%,2.55,0.30
1/13/22,MyDaily,,,,6899.00,5090.00,1809.00,74%,10.14,0.87
1/13/22,Everyday,,,,280.00,240.00,40.00,86%,1.69,0.04
1/13/22,First News,,,,84739.00,61279.00,23460.00,72%,83.15,10.53
1/13/22,The Feed,,,,500.00,46.00,454.00,9%,0.12,0.01
1/13/22,ShopSavvy,,,,7.00,4.00,3.00,57%,0.00,0.00
1/13/22,VladTV,,,,227560.00,83202.00,144358.00,37%,58.57,5.11
1/13/22,Crocodile,,,,1539.00,1234.00,305.00,80%,3.28,0.21
1/13/22,QuizJP,,,,766.00,0.00,766.00,0%,0.00,0.01
1/13/22,QuizUS,,,,551.00,38.00,513.00,7%,0.39,0.01
1/13/22,PalTalk,,,,1317102.00,871232.00,445870.00,66%,255.30,20.99
1/13/22,Impala - Headlines,,,,981760.00,91838.00,889922.00,9%,766.55,20.06
1/13/22,Steps,,,,289412.00,85796.00,203616.00,30%,51.16,5.01
1/13/22,MyFitnessPal,,,,72063237.00,12648305.00,59414932.00,18%,2864.30,559.12
1/13/22,ShopKick,,,,1364794.00,213510.00,1151284.00,16%,961.12,50.76
1/13/22,Audiomack,,,,2571582.00,941210.00,1630372.00,37%,3317.76,177.30
1/13/22,Encyclopedia Britannica,,,,8444305.00,442492.00,8001813.00,5%,323.91,22.67
1/13/22,Scrabble Go,,,,9775121.00,379395.00,9395726.00,4%,1766.87,97.18
1/13/22,Camfrog,,,,1069566.00,690959.00,378607.00,65%,74.81,7.89
1/13/22,Flickr,,,,14428173.00,64604.00,14363569.00,0%,30.94,102.71
1/13/22,MeetMe,,,,1719520.00,578335.00,1141185.00,34%,1157.74,122.94
1/13/22,StockTwits,,,,11898624.00,2729027.00,9169597.00,23%,1520.32,121.63
1/13/22,MyMixTapez,,,,6523707.00,3352.00,6520355.00,0%,19.15,46.60
1/13/22,Ultimate Classic Rock,,,,18339.00,754.00,17585.00,4%,1.03,0.20
1/13/22,Barstool Sports,,,,5557004.00,55466.00,5501538.00,1%,12.06,0.96
1/13/22,SwingU,,,,17925.00,2665.00,15260.00,15%,5.01,0.40
1/13/22,Reuters,,,,1488806.00,73282.00,1415524.00,5%,62.68,5.01
1/13/22,Funny Weather,,,,11011.00,514.00,10497.00,5%,1.66,0.19
1/13/22,VPN - Super Unlimited Proxy,,,,3613939.00,17612.00,3596327.00,0%,25.06,26.93
1/13/22,NJ 101.5,,,,810847.00,20473.00,790374.00,3%,27.50,7.46
1/13/22,WGRD,,,,243786.00,7106.00,236680.00,3%,9.40,2.31
1/13/22,NewsTalk,,,,488117.00,12332.00,475785.00,3%,8.34,3.91
1/13/22,WBLM,,,,72428.00,2102.00,70326.00,3%,1.92,0.63
1/13/22,WJON,,,,52673.00,1896.00,50777.00,4%,2.18,0.51
1/13/22,Tide,,,,95202.00,6328.00,88874.00,7%,5.48,1.01
1/13/22,KFR,,,,6116.00,654.00,5462.00,11%,0.81,0.09
1/13/22,WBCK,,,,44537.00,4226.00,40311.00,9%,3.39,0.52
1/13/22,Cat Country,,,,68799.00,2230.00,66569.00,3%,1.60,0.58
1/13/22,Mix 95.7FM,,,,35257.00,3623.00,31634.00,10%,3.09,0.44
1/13/22,Memedroid,,,,199816.00,12779.00,187037.00,6%,2.24,0.18
1/13/22,Loudwire,,,,24860.00,3734.00,21126.00,15%,3.44,0.39
1/13/22,XXL Mag,,,,18563.00,2157.00,16406.00,12%,2.40,0.28
1/13/22,ScoreStream,,,,1206.00,62.00,1144.00,5%,0.12,0.01
1/13/22,FreeUnblock VPN,,,,1433.00,90.00,1343.00,6%,0.01,0.00
1/13/22,HAR Texas,,,,703460.00,127255.00,576205.00,18%,109.31,8.74
1/13/22,Psiphon Pro,,,,13236517.00,754704.00,12481813.00,6%,106.50,8.52
1/13/22,Bracelet Book,,,,34482.00,1237.00,33245.00,4%,0.58,0.05
1/13/22,Tumblr,,,,87038094.00,15085775.00,71952319.00,17%,7569.52,454.17
1/13/22,Wordfinder by WordTips,,,,463643.00,95412.00,368231.00,21%,148.57,11.89
1/13/22,PricePulse,,,,27133.00,1403.00,25730.00,5%,1.05,0.08
1/13/22,Untappd,,,,134138.00,38537.00,95601.00,29%,41.28,3.30
1/13/22,Dice with Buddies,,,,372909.00,39878.00,333031.00,11%,171.48,9.43
1/13/22,Dice with Ellen,,,,4.00,0.00,4.00,0%,0.00,0.00
1/13/22,Astrology Daily,,,,612.00,55.00,557.00,9%,0.08,0.01
1/13/22,Meetup,,,,330890.00,41680.00,289210.00,13%,41.46,3.32
1/13/22,BisManOnline,,,,113.00,34.00,79.00,30%,0.04,0.00
1/13/22,Tokybook ,,,,12654.00,2688.00,9966.00,21%,2.89,0.23
1/13/22,Radio Texas Live,,,,40110.00,1761.00,38349.00,4%,0.89,0.33
1/13/22,KLAQ,,,,150337.00,20450.00,129887.00,14%,11.22,1.69
1/13/22,KICKS 105,,,,16609.00,897.00,15712.00,5%,0.81,0.17
1/13/22,106.5 WYRK,,,,105371.00,4057.00,101314.00,4%,3.44,0.95
1/13/22,Buffalos 937 WBLK -The Peoples Station,,,,124662.00,7808.00,116854.00,6%,7.22,1.32
1/13/22,K2,,,,25180.00,1257.00,23923.00,5%,1.04,0.24
1/13/22,101.5 WPDH,,,,59236.00,6999.00,52237.00,12%,4.59,0.69
1/13/22,97.3 KKRC,,,,19785.00,1459.00,18326.00,7%,0.80,0.18
1/13/22,The Dawg 973,,,,37477.00,2676.00,34801.00,7%,1.47,0.35
1/13/22,KNUE 1015 East Texas Country Station,,,,8549.00,441.00,8108.00,5%,0.16,0.07
1/12/22,Imgur,,,,7605227.00,419823.00,7185404.00,6%,1607.57,89.26
1/12/22,Wattpad,,,,3175558.00,981573.00,2193985.00,31%,1612.68,211.67
1/12/22,MixerBox,,,,61756.00,21815.00,39941.00,35%,120.56,4.64
1/12/22,Lucktastic,,,,124761.00,32833.00,91928.00,26%,294.10,4.11
1/12/22,MixerBoxLite,,,,1152565.00,94664.00,1057901.00,8%,101.89,26.34
1/12/22,Kidoodle,,,,124611932.00,815832.00,123796100.00,1%,6969.56,1215.05
1/12/22,MocoSpace,,,,467200.00,208302.00,258898.00,45%,272.01,20.85
1/12/22,Online Plus,,,,1603852.00,463132.00,1140720.00,29%,2080.29,84.44
1/12/22,Qlixar,,,,575096.00,254406.00,320690.00,44%,1387.09,44.85
1/12/22,WeatherBug,,,,63686134.00,3016123.00,60670011.00,5%,3876.09,310.09
1/12/22,Droplist,,,,419342.00,210455.00,208887.00,50%,133.40,14.80
1/12/22,Growlr,,,,4194481.00,2003546.00,2190935.00,48%,513.28,51.27
1/12/22,The Times of India,,,,9881998.00,198851.00,9683147.00,2%,175.13,80.04
1/12/22,LiveMixTapes,,,,791156.00,389573.00,401583.00,49%,319.65,25.19
1/12/22,Instant News,,,,26522.00,18794.00,7728.00,71%,277.66,3.23
1/12/22,Dolphin,,,,3385.00,1879.00,1506.00,56%,2.30,0.33
1/12/22,MyDaily,,,,8827.00,5292.00,3535.00,60%,10.07,0.92
1/12/22,Everyday,,,,248.00,218.00,30.00,88%,1.85,0.04
1/12/22,First News,,,,21121.00,17060.00,4061.00,81%,31.87,2.92
1/12/22,The Feed,,,,115.00,31.00,84.00,27%,0.08,0.01
1/12/22,VladTV,,,,244887.00,88743.00,156144.00,36%,63.86,5.56
1/12/22,Crocodile,,,,7389.00,1275.00,6114.00,17%,3.48,0.25
1/12/22,QuizJP,,,,1152.00,1.00,1151.00,0%,0.01,0.01
1/12/22,QuizUS,,,,617.00,33.00,584.00,5%,0.29,0.01
1/12/22,PalTalk,,,,1262631.00,835549.00,427082.00,66%,251.63,20.60
1/12/22,Impala - Headlines,,,,848674.00,86923.00,761751.00,10%,797.78,18.59
1/12/22,Steps,,,,287904.00,85036.00,202868.00,30%,50.20,4.93
1/12/22,Timer+,,,,1.00,1.00,0.00,100%,0.00,0.00
1/12/22,MyFitnessPal,,,,153435509.00,47111421.00,106324088.00,31%,11376.57,1313.10
1/12/22,ShopKick,,,,1324693.00,215842.00,1108851.00,16%,934.71,50.93
1/12/22,Audiomack,,,,2465893.00,912079.00,1553814.00,37%,2965.68,159.16
1/12/22,Encyclopedia Britannica,,,,8524017.00,464392.00,8059625.00,5%,323.36,22.64
1/12/22,Scrabble Go,,,,9772636.00,272772.00,9499864.00,3%,1344.79,73.96
1/12/22,Camfrog,,,,1034121.00,673676.00,360445.00,65%,81.50,8.23
1/12/22,Flickr,,,,19120851.00,67543.00,19053308.00,0%,31.49,135.58
1/12/22,MeetMe,,,,1807325.00,553148.00,1254177.00,31%,1039.28,118.75
1/12/22,StockTwits,,,,11393486.00,2595639.00,8797847.00,23%,1455.41,116.43
1/12/22,MyMixTapez,,,,6410847.00,2965.00,6407882.00,0%,17.60,45.74
1/12/22,Ultimate Classic Rock,,,,18014.00,880.00,17134.00,5%,1.15,0.20
1/12/22,Barstool Sports,,,,5364448.00,64954.00,5299494.00,1%,13.74,1.10
1/12/22,SwingU,,,,17242.00,1853.00,15389.00,11%,3.39,0.27
1/12/22,Reuters,,,,1462202.00,65904.00,1396298.00,5%,56.84,4.55
1/12/22,Funny Weather,,,,12953.00,694.00,12259.00,5%,2.49,0.26
1/12/22,VPN - Super Unlimited Proxy,,,,3529506.00,14138.00,3515368.00,0%,20.86,26.07
1/12/22,NJ 101.5,,,,793496.00,20019.00,773477.00,3%,25.22,7.18
1/12/22,WGRD,,,,229520.00,5690.00,223830.00,2%,7.32,2.08
1/12/22,NewsTalk,,,,452980.00,11828.00,441152.00,3%,8.47,3.68
1/12/22,WBLM,,,,65808.00,1939.00,63869.00,3%,1.75,0.57
1/12/22,WJON,,,,53778.00,1594.00,52184.00,3%,2.10,0.51
1/12/22,Tide,,,,114331.00,6477.00,107854.00,6%,4.47,1.07
1/12/22,KFR,,,,5553.00,398.00,5155.00,7%,0.45,0.07
1/12/22,WBCK,,,,40628.00,4564.00,36064.00,11%,3.60,0.50
1/12/22,Cat Country,,,,66133.00,2502.00,63631.00,4%,1.79,0.57
1/12/22,Mix 95.7FM,,,,36351.00,3725.00,32626.00,10%,3.09,0.44
1/12/22,Memedroid,,,,205125.00,12360.00,192765.00,6%,1.99,0.16
1/12/22,Loudwire,,,,22377.00,2067.00,20310.00,9%,2.13,0.29
1/12/22,XXL Mag,,,,17868.00,2107.00,15761.00,12%,2.02,0.25
1/12/22,ScoreStream,,,,2399.00,64.00,2335.00,3%,0.10,0.01
1/12/22,FreeUnblock VPN,,,,1546.00,77.00,1469.00,5%,0.01,0.00
1/12/22,HAR Texas,,,,707220.00,169831.00,537389.00,24%,109.47,8.76
1/12/22,Psiphon Pro,,,,13456214.00,728447.00,12727767.00,5%,84.30,6.74
1/12/22,Bracelet Book,,,,34653.00,1280.00,33373.00,4%,0.46,0.04
1/12/22,Tumblr,,,,87207700.00,15999473.00,71208227.00,18%,8241.79,494.51
1/12/22,Wordfinder by WordTips,,,,459836.00,87721.00,372115.00,19%,151.39,12.11
1/12/22,PricePulse,,,,26024.00,994.00,25030.00,4%,0.68,0.05
1/12/22,Untappd,,,,127119.00,33236.00,93883.00,26%,32.03,2.56
1/12/22,Dice with Buddies,,,,384968.00,41943.00,343025.00,11%,174.38,9.59
1/12/22,Dice with Ellen,,,,2.00,0.00,2.00,0%,0.00,0.00
1/12/22,Astrology Daily,,,,830.00,94.00,736.00,11%,0.21,0.02
1/12/22,Meetup,,,,322081.00,34130.00,287951.00,11%,30.04,2.40
1/12/22,BisManOnline,,,,135.00,30.00,105.00,22%,0.03,0.00
1/12/22,Tokybook ,,,,12186.00,2309.00,9877.00,19%,1.90,0.15
1/12/22,Radio Texas Live,,,,39622.00,2448.00,37174.00,6%,0.98,0.33
1/12/22,KLAQ,,,,151908.00,15390.00,136518.00,10%,9.71,1.64
1/12/22,KICKS 105,,,,14485.00,1082.00,13403.00,7%,0.60,0.14
1/12/22,106.5 WYRK,,,,106144.00,3498.00,102646.00,3%,2.97,0.93
1/12/22,Buffalos 937 WBLK -The Peoples Station,,,,124944.00,8748.00,116196.00,7%,6.66,1.28
1/12/22,K2,,,,22670.00,1076.00,21594.00,5%,0.86,0.21
1/12/22,101.5 WPDH,,,,53721.00,5614.00,48107.00,10%,3.14,0.56
1/12/22,97.3 KKRC,,,,21527.00,2214.00,19313.00,10%,1.70,0.25
1/12/22,The Dawg 973,,,,38166.00,2423.00,35743.00,6%,1.36,0.35
1/12/22,KNUE 1015 East Texas Country Station,,,,11246.00,602.00,10644.00,5%,0.26,0.09
1/11/22,Imgur,,,,6567720.00,189374.00,6378346.00,3%,664.35,61.46
1/11/22,Wattpad,,,,3278339.00,1022361.00,2255978.00,31%,1585.59,220.26
1/11/22,MixerBox,,,,55718.00,21546.00,34172.00,39%,118.14,4.55
1/11/22,Lucktastic,,,,130967.00,30009.00,100958.00,23%,237.07,3.91
1/11/22,MixerBoxLite,,,,1087097.00,43577.00,1043520.00,4%,97.84,16.02
1/11/22,Kidoodle,,,,138762360.00,792307.00,137970053.00,1%,6953.11,1313.45
1/11/22,MocoSpace,,,,475432.00,216100.00,259332.00,45%,275.87,21.13
1/11/22,Online Plus,,,,1522705.00,322147.00,1200558.00,21%,1849.98,60.77
1/11/22,Qlixar,,,,502687.00,209844.00,292843.00,42%,1262.00,37.14
1/11/22,WeatherBug,,,,65870863.00,2357661.00,63513202.00,4%,3425.17,274.01
1/11/22,Droplist,,,,685981.00,325577.00,360404.00,47%,215.87,24.11
1/11/22,Growlr,,,,4356239.00,1987923.00,2368316.00,46%,484.91,50.52
1/11/22,The Times of India,,,,11284233.00,206318.00,11077915.00,2%,183.82,90.41
1/11/22,LiveMixTapes,,,,752705.00,348403.00,404302.00,46%,277.90,22.28
1/11/22,Instant News,,,,25452.00,18752.00,6700.00,74%,297.28,3.22
1/11/22,Dolphin,,,,3706.00,1937.00,1769.00,52%,2.51,0.34
1/11/22,MyDaily,,,,7229.00,5166.00,2063.00,71%,10.23,0.89
1/11/22,Everyday,,,,363.00,286.00,77.00,79%,2.13,0.05
1/11/22,The Feed,,,,148.00,75.00,73.00,51%,0.16,0.01
1/11/22,VladTV,,,,247398.00,88908.00,158490.00,36%,60.96,5.38
1/11/22,Crocodile,,,,11041.00,2362.00,8679.00,21%,6.03,0.44
1/11/22,QuizJP,,,,773.00,0.00,773.00,0%,0.00,0.01
1/11/22,QuizUS,,,,591.00,18.00,573.00,3%,0.12,0.01
1/11/22,PalTalk,,,,1296977.00,864851.00,432126.00,67%,262.08,21.37
1/11/22,Impala - Headlines,,,,808137.00,65288.00,742849.00,8%,670.13,14.81
1/11/22,Steps,,,,287273.00,78249.00,209024.00,27%,46.83,4.74
1/11/22,MyFitnessPal,,,,172741774.00,52258487.00,120483287.00,30%,12822.78,1484.52
1/11/22,ShopKick,,,,1312944.00,205613.00,1107331.00,16%,930.06,48.87
1/11/22,Audiomack,,,,2332813.00,944306.00,1388507.00,40%,3053.80,162.41
1/11/22,Encyclopedia Britannica,,,,8462766.00,437677.00,8025089.00,5%,291.83,20.43
1/11/22,Scrabble Go,,,,10217236.00,191731.00,10025505.00,2%,1148.49,63.17
1/11/22,Camfrog,,,,1036625.00,655458.00,381167.00,63%,72.95,7.77
1/11/22,Flickr,,,,16726047.00,68985.00,16657062.00,0%,31.20,118.78
1/11/22,MeetMe,,,,1871182.00,549579.00,1321603.00,29%,1080.46,118.47
1/11/22,StockTwits,,,,11197142.00,2531727.00,8665415.00,23%,1320.24,105.62
1/11/22,MyMixTapez,,,,6161072.00,2422.00,6158650.00,0%,14.87,43.85
1/11/22,Ultimate Classic Rock,,,,18725.00,632.00,18093.00,3%,0.75,0.18
1/11/22,Barstool Sports,,,,5069604.00,71520.00,4998084.00,1%,14.85,1.19
1/11/22,SwingU,,,,13678.00,1434.00,12244.00,10%,2.67,0.21
1/11/22,Reuters,,,,1434460.00,73513.00,1360947.00,5%,63.05,5.04
1/11/22,Funny Weather,,,,17955.00,909.00,17046.00,5%,4.41,0.43
1/11/22,VPN - Super Unlimited Proxy,,,,3642344.00,15852.00,3626492.00,0%,23.20,27.01
1/11/22,NJ 101.5,,,,826664.00,23596.00,803068.00,3%,26.80,7.50
1/11/22,WGRD,,,,236868.00,6646.00,230222.00,3%,8.69,2.22
1/11/22,NewsTalk,,,,468280.00,12256.00,456024.00,3%,8.92,3.82
1/11/22,WBLM,,,,73626.00,1837.00,71789.00,3%,1.61,0.62
1/11/22,WJON,,,,55521.00,1756.00,53765.00,3%,2.15,0.53
1/11/22,Tide,,,,496417.00,26575.00,469842.00,5%,18.07,4.55
1/11/22,KFR,,,,6878.00,400.00,6478.00,6%,0.48,0.08
1/11/22,WBCK,,,,33249.00,2899.00,30350.00,9%,2.35,0.38
1/11/22,Cat Country,,,,63597.00,1445.00,62152.00,2%,1.89,0.57
1/11/22,Mix 95.7FM,,,,37570.00,3576.00,33994.00,10%,3.06,0.45
1/11/22,Memedroid,,,,190466.00,11983.00,178483.00,6%,2.29,0.18
1/11/22,Loudwire,,,,24380.00,2250.00,22130.00,9%,2.32,0.32
1/11/22,XXL Mag,,,,16144.00,1994.00,14150.00,12%,2.06,0.24
1/11/22,ScoreStream,,,,1579.00,49.00,1530.00,3%,0.06,0.00
1/11/22,FreeUnblock VPN,,,,1543.00,63.00,1480.00,4%,0.01,0.00
1/11/22,HAR Texas,,,,706614.00,168402.00,538212.00,24%,106.82,8.55
1/11/22,Psiphon Pro,,,,13567323.00,455199.00,13112124.00,3%,65.45,5.24
1/11/22,Bracelet Book,,,,41031.00,1557.00,39474.00,4%,0.61,0.05
1/11/22,Tumblr,,,,87629329.00,14816638.00,72812691.00,17%,8453.41,507.20
1/11/22,Wordfinder by WordTips,,,,451359.00,76770.00,374589.00,17%,133.62,10.69
1/11/22,PricePulse,,,,28477.00,1472.00,27005.00,5%,1.15,0.09
1/11/22,Untappd,,,,120010.00,29840.00,90170.00,25%,27.33,2.19
1/11/22,Dice with Buddies,,,,453483.00,33111.00,420372.00,7%,164.46,9.05
1/11/22,Dice with Ellen,,,,3.00,0.00,3.00,0%,0.00,0.00
1/11/22,Astrology Daily,,,,657.00,55.00,602.00,8%,0.06,0.00
1/11/22,Meetup,,,,329153.00,39061.00,290092.00,12%,36.40,2.91
1/11/22,BisManOnline,,,,146.00,39.00,107.00,27%,0.04,0.00
1/11/22,Tokybook ,,,,12581.00,2966.00,9615.00,24%,1.95,0.16
1/11/22,Radio Texas Live,,,,38654.00,2256.00,36398.00,6%,0.88,0.32
1/11/22,KLAQ,,,,150103.00,17863.00,132240.00,12%,10.59,1.67
1/11/22,KICKS 105,,,,13572.00,524.00,13048.00,4%,0.63,0.14
1/11/22,106.5 WYRK,,,,101302.00,3382.00,97920.00,3%,2.52,0.86
1/11/22,Buffalos 937 WBLK -The Peoples Station,,,,113346.00,6455.00,106891.00,6%,5.64,1.14
1/11/22,K2,,,,25483.00,1189.00,24294.00,5%,0.91,0.23
1/11/22,101.5 WPDH,,,,50956.00,5860.00,45096.00,12%,2.98,0.52
1/11/22,97.3 KKRC,,,,21593.00,2160.00,19433.00,10%,0.72,0.19
1/11/22,The Dawg 973,,,,41558.00,2151.00,39407.00,5%,0.88,0.34
1/11/22,KNUE 1015 East Texas Country Station,,,,10606.00,594.00,10012.00,6%,0.18,0.08
1/10/22,Imgur,,,,8359443.00,741723.00,7617720.00,9%,1998.52,124.14
1/10/22,Wattpad,,,,3664018.00,969895.00,2694123.00,26%,1447.78,212.84
1/10/22,MixerBox,,,,56814.00,22499.00,34315.00,40%,117.18,4.74
1/10/22,Lucktastic,,,,135659.00,30054.00,105605.00,22%,241.64,3.96
1/10/22,MixerBoxLite,,,,1158970.00,24530.00,1134440.00,2%,95.15,12.85
1/10/22,Kidoodle,,,,137198161.00,827989.00,136370172.00,1%,7006.53,1304.92
1/10/22,MocoSpace,,,,510254.00,203407.00,306847.00,40%,267.79,20.89
1/10/22,Online Plus,,,,1539242.00,245563.00,1293679.00,16%,1390.23,48.21
1/10/22,Qlixar,,,,488357.00,199497.00,288860.00,41%,1146.00,35.36
1/10/22,WeatherBug,,,,79591305.00,2656617.00,76934688.00,3%,3758.04,300.64
1/10/22,Droplist,,,,389975.00,186134.00,203841.00,48%,120.95,13.52
1/10/22,Growlr,,,,4498300.00,1968435.00,2529865.00,44%,465.62,50.30
1/10/22,The Times of India,,,,11693915.00,221395.00,11472520.00,2%,192.75,93.80
1/10/22,LiveMixTapes,,,,742121.00,339294.00,402827.00,46%,278.40,22.31
1/10/22,Instant News,,,,27830.00,20965.00,6865.00,75%,316.52,3.60
1/10/22,Dolphin,,,,4802.00,2173.00,2629.00,45%,2.32,0.38
1/10/22,MyDaily,,,,6990.00,4987.00,2003.00,71%,9.49,0.86
1/10/22,Everyday,,,,565.00,384.00,181.00,68%,2.31,0.07
1/10/22,The Feed,,,,169.00,64.00,105.00,38%,0.12,0.01
1/10/22,ShopSavvy,,,,16.00,3.00,13.00,19%,0.00,0.00
1/10/22,VladTV,,,,178705.00,64926.00,113779.00,36%,45.35,3.97
1/10/22,Crocodile,,,,16143.00,3810.00,12333.00,24%,9.99,0.71
1/10/22,QuizJP,,,,1138.00,1.00,1137.00,0%,0.01,0.01
1/10/22,QuizUS,,,,291.00,18.00,273.00,6%,0.11,0.01
1/10/22,PalTalk,,,,1298357.00,864285.00,434072.00,67%,243.18,20.06
1/10/22,Impala - Headlines,,,,775253.00,48735.00,726518.00,6%,474.04,11.92
1/10/22,Steps,,,,287335.00,74512.00,212823.00,26%,43.87,4.56
1/10/22,MyFitnessPal,,,,167567515.00,43088628.00,124478887.00,26%,10606.35,1401.67
1/10/22,ShopKick,,,,1278629.00,194066.00,1084563.00,15%,887.05,46.40
1/10/22,Audiomack,,,,2405923.00,919684.00,1486239.00,38%,2907.73,155.79
1/10/22,Encyclopedia Britannica,,,,8277504.00,397019.00,7880485.00,5%,254.58,17.82
1/10/22,Scrabble Go,,,,10392030.00,170480.00,10221550.00,2%,1070.14,58.86
1/10/22,Camfrog,,,,1073782.00,678923.00,394859.00,63%,73.31,7.90
1/10/22,Flickr,,,,19486781.00,70460.00,19416321.00,0%,32.51,138.19
1/10/22,MeetMe,,,,1927617.00,552226.00,1375391.00,29%,961.15,119.38
1/10/22,StockTwits,,,,11674011.00,2484270.00,9189741.00,21%,1229.38,98.35
1/10/22,MyMixTapez,,,,5749998.00,2667.00,5747331.00,0%,15.14,40.99
1/10/22,Ultimate Classic Rock,,,,15030.00,811.00,14219.00,5%,1.10,0.18
1/10/22,Barstool Sports,,,,5055682.00,71372.00,4984310.00,1%,14.90,1.19
1/10/22,SwingU,,,,15005.00,1640.00,13365.00,11%,2.99,0.24
1/10/22,Reuters,,,,1518991.00,60317.00,1458674.00,4%,57.04,4.56
1/10/22,Funny Weather,,,,18754.00,836.00,17918.00,4%,4.52,0.44
1/10/22,VPN - Super Unlimited Proxy,,,,3564260.00,19080.00,3545180.00,1%,26.75,26.69
1/10/22,NJ 101.5,,,,778498.00,21172.00,757326.00,3%,22.84,6.90
1/10/22,WGRD,,,,236755.00,6254.00,230501.00,3%,8.36,2.20
1/10/22,NewsTalk,,,,436406.00,9446.00,426960.00,2%,6.65,3.45
1/10/22,WBLM,,,,58414.00,1319.00,57095.00,2%,0.94,0.47
1/10/22,WJON,,,,48463.00,1378.00,47085.00,3%,1.52,0.44
1/10/22,Tide,,,,215561.00,16131.00,199430.00,7%,12.39,2.26
1/10/22,KFR,,,,4273.00,303.00,3970.00,7%,0.36,0.05
1/10/22,WBCK,,,,33438.00,2679.00,30759.00,8%,2.16,0.37
1/10/22,Cat Country,,,,63591.00,1195.00,62396.00,2%,1.21,0.52
1/10/22,Mix 95.7FM,,,,43319.00,2679.00,40640.00,6%,2.42,0.45
1/10/22,Memedroid,,,,205275.00,10928.00,194347.00,5%,1.81,0.14
1/10/22,Loudwire,,,,18530.00,1342.00,17188.00,7%,1.31,0.21
1/10/22,XXL Mag,,,,15046.00,1654.00,13392.00,11%,1.37,0.19
1/10/22,ScoreStream,,,,822.00,20.00,802.00,2%,0.01,0.00
1/10/22,FreeUnblock VPN,,,,1701.00,71.00,1630.00,4%,0.01,0.00
1/10/22,HAR Texas,,,,692702.00,105271.00,587431.00,15%,82.07,6.57
1/10/22,Psiphon Pro,,,,13509737.00,454340.00,13055397.00,3%,62.33,4.99
1/10/22,Bracelet Book,,,,39195.00,1459.00,37736.00,4%,0.44,0.04
1/10/22,Tumblr,,,,89090584.00,7243585.00,81846999.00,8%,3027.98,181.68
1/10/22,Wordfinder by WordTips,,,,498828.00,113301.00,385527.00,23%,170.11,13.61
1/10/22,PricePulse,,,,31862.00,1721.00,30141.00,5%,1.40,0.11
1/10/22,Untappd,,,,143039.00,34527.00,108512.00,24%,29.35,2.35
1/10/22,Dice with Buddies,,,,444932.00,29824.00,415108.00,7%,190.10,10.46
1/10/22,Dice with Ellen,,,,3.00,0.00,3.00,0%,0.00,0.00
1/10/22,Astrology Daily,,,,658.00,73.00,585.00,11%,0.14,0.01
1/10/22,Meetup,,,,340788.00,34182.00,306606.00,10%,29.81,2.38
1/10/22,BisManOnline,,,,125.00,56.00,69.00,45%,0.08,0.01
1/10/22,Tokybook ,,,,12592.00,2998.00,9594.00,24%,2.10,0.17
1/10/22,Radio Texas Live,,,,35295.00,1749.00,33546.00,5%,0.71,0.28
1/10/22,KLAQ,,,,148811.00,16842.00,131969.00,11%,9.94,1.62
1/10/22,KICKS 105,,,,15418.00,1108.00,14310.00,7%,0.61,0.14
1/10/22,106.5 WYRK,,,,99058.00,5330.00,93728.00,5%,2.94,0.86
1/10/22,Buffalos 937 WBLK -The Peoples Station,,,,114831.00,6300.00,108531.00,5%,5.78,1.16
1/10/22,K2,,,,18742.00,657.00,18085.00,4%,0.55,0.17
1/10/22,101.5 WPDH,,,,44564.00,6250.00,38314.00,14%,2.79,0.46
1/10/22,97.3 KKRC,,,,21811.00,2998.00,18813.00,14%,0.95,0.20
1/10/22,The Dawg 973,,,,44470.00,2867.00,41603.00,6%,1.12,0.37
1/10/22,KNUE 1015 East Texas Country Station,,,,9882.00,774.00,9108.00,8%,0.35,0.09
1/9/22,Imgur,,,,10702658.00,989687.00,9712971.00,9%,2669.37,162.84
1/9/22,Wattpad,,,,3792280.00,980843.00,2811437.00,26%,1406.26,215.85
1/9/22,MixerBox,,,,55400.00,20670.00,34730.00,37%,108.75,4.38
1/9/22,Lucktastic,,,,136518.00,30753.00,105765.00,23%,245.86,4.03
1/9/22,MixerBoxLite,,,,1144260.00,31181.00,1113079.00,3%,103.72,14.03
1/9/22,Kidoodle,,,,156570420.00,874112.00,155696308.00,1%,7239.82,1451.87
1/9/22,MocoSpace,,,,490474.00,180555.00,309919.00,37%,239.41,18.93
1/9/22,Online Plus,,,,1487778.00,240607.00,1247171.00,16%,1482.75,47.14
1/9/22,Qlixar,,,,451617.00,156307.00,295310.00,35%,902.60,28.05
1/9/22,WeatherBug,,,,109729727.00,4541863.00,105187864.00,4%,5927.79,474.22
1/9/22,Droplist,,,,356173.00,161377.00,194796.00,45%,107.33,12.10
1/9/22,Growlr,,,,4744860.00,2152964.00,2591896.00,45%,510.20,53.86
1/9/22,The Times of India,,,,9132062.00,168263.00,8963799.00,2%,140.05,72.55
1/9/22,LiveMixTapes,,,,729702.00,320127.00,409575.00,44%,260.00,21.07
1/9/22,Instant News,,,,28400.00,18689.00,9711.00,66%,279.04,3.23
1/9/22,Dolphin,,,,4712.00,2254.00,2458.00,48%,2.24,0.40
1/9/22,MyDaily,,,,6627.00,4673.00,1954.00,71%,9.20,0.80
1/9/22,Everyday,,,,640.00,411.00,229.00,64%,2.15,0.07
1/9/22,The Feed,,,,141.00,30.00,111.00,21%,0.06,0.01
1/9/22,ShopSavvy,,,,12.00,8.00,4.00,67%,0.00,0.00
1/9/22,VladTV,,,,159898.00,55832.00,104066.00,35%,39.21,3.47
1/9/22,Crocodile,,,,11179.00,2418.00,8761.00,22%,6.15,0.45
1/9/22,QuizJP,,,,534.00,4.00,530.00,1%,0.03,0.00
1/9/22,QuizUS,,,,850.00,19.00,831.00,2%,0.08,0.01
1/9/22,PalTalk,,,,1281179.00,843136.00,438043.00,66%,257.05,21.06
1/9/22,Impala - Headlines,,,,727852.00,44500.00,683352.00,6%,440.52,10.98
1/9/22,Steps,,,,272376.00,73003.00,199373.00,27%,41.02,4.27
1/9/22,Timer+,,,,4.00,3.00,1.00,75%,0.00,0.00
1/9/22,MyFitnessPal,,,,125905157.00,30541449.00,95363708.00,24%,7779.25,1056.51
1/9/22,ShopKick,,,,1321135.00,181641.00,1139494.00,14%,789.38,44.30
1/9/22,Audiomack,,,,2434431.00,833523.00,1600908.00,34%,2483.24,135.37
1/9/22,Encyclopedia Britannica,,,,7661180.00,365722.00,7295458.00,5%,238.41,16.69
1/9/22,Scrabble Go,,,,11331075.00,195346.00,11135729.00,2%,1247.48,68.61
1/9/22,Camfrog,,,,1068001.00,685739.00,382262.00,64%,75.50,7.96
1/9/22,Flickr,,,,25306661.00,70263.00,25236398.00,0%,31.89,178.89
1/9/22,MeetMe,,,,1905999.00,514964.00,1391035.00,27%,839.12,112.06
1/9/22,StockTwits,,,,4127268.00,866305.00,3260963.00,21%,454.43,36.35
1/9/22,MyMixTapez,,,,5617887.00,2733.00,5615154.00,0%,15.79,40.10
1/9/22,Ultimate Classic Rock,,,,15985.00,589.00,15396.00,4%,0.70,0.16
1/9/22,Barstool Sports,,,,5018319.00,48665.00,4969654.00,1%,10.82,0.87
1/9/22,SwingU,,,,27039.00,2855.00,24184.00,11%,4.85,0.39
1/9/22,Reuters,,,,1321276.00,60012.00,1261264.00,5%,57.84,4.63
1/9/22,Funny Weather,,,,17493.00,847.00,16646.00,5%,4.32,0.42
1/9/22,VPN - Super Unlimited Proxy,,,,3422518.00,15378.00,3407140.00,0%,21.13,25.33
1/9/22,NJ 101.5,,,,210665.00,8164.00,202501.00,4%,9.28,2.07
1/9/22,WGRD,,,,10949.00,298.00,10651.00,3%,0.48,0.11
1/9/22,NewsTalk,,,,87489.00,1454.00,86035.00,2%,1.42,0.70
1/9/22,WBLM,,,,24560.00,709.00,23851.00,3%,0.60,0.21
1/9/22,WJON,,,,27719.00,1044.00,26675.00,4%,1.25,0.27
1/9/22,Tide,,,,32732.00,2286.00,30446.00,7%,2.21,0.37
1/9/22,KFR,,,,2890.00,192.00,2698.00,7%,0.19,0.03
1/9/22,WBCK,,,,9449.00,653.00,8796.00,7%,0.50,0.10
1/9/22,Cat Country,,,,8755.00,210.00,8545.00,2%,0.09,0.07
1/9/22,Mix 95.7FM,,,,11844.00,716.00,11128.00,6%,0.56,0.12
1/9/22,Memedroid,,,,198590.00,9030.00,189560.00,5%,1.65,0.13
1/9/22,Loudwire,,,,18270.00,1097.00,17173.00,6%,1.10,0.20
1/9/22,XXL Mag,,,,12028.00,1137.00,10891.00,9%,1.10,0.15
1/9/22,ScoreStream,,,,2230.00,60.00,2170.00,3%,0.08,0.01
1/9/22,FreeUnblock VPN,,,,1736.00,98.00,1638.00,6%,0.01,0.00
1/9/22,HAR Texas,,,,785826.00,128977.00,656849.00,16%,94.31,7.54
1/9/22,Psiphon Pro,,,,13405623.00,318630.00,13086993.00,2%,61.91,4.95
1/9/22,Bracelet Book,,,,51971.00,1434.00,50537.00,3%,0.61,0.05
1/9/22,Tumblr,,,,90417247.00,5798332.00,84618915.00,6%,1051.45,63.09
1/9/22,Wordfinder by WordTips,,,,555831.00,131310.00,424521.00,24%,194.06,15.52
1/9/22,PricePulse,,,,28933.00,1768.00,27165.00,6%,1.70,0.14
1/9/22,Untappd,,,,268747.00,78912.00,189835.00,29%,67.17,5.37
1/9/22,Dice with Buddies,,,,492947.00,32518.00,460429.00,7%,206.41,11.35
1/9/22,Astrology Daily,,,,715.00,63.00,652.00,9%,0.09,0.01
1/9/22,Meetup,,,,372939.00,36970.00,335969.00,10%,31.63,2.53
1/9/22,BisManOnline,,,,106.00,38.00,68.00,36%,0.03,0.00
1/9/22,Tokybook ,,,,9737.00,1995.00,7742.00,20%,1.25,0.10
1/9/22,Radio Texas Live,,,,37315.00,1520.00,35795.00,4%,0.54,0.29
1/9/22,KLAQ,,,,9529.00,903.00,8626.00,9%,0.57,0.10
1/9/22,KICKS 105,,,,6702.00,621.00,6081.00,9%,0.48,0.08
1/9/22,106.5 WYRK,,,,30027.00,1637.00,28390.00,5%,0.88,0.26
1/9/22,Buffalos 937 WBLK -The Peoples Station,,,,32825.00,2091.00,30734.00,6%,1.78,0.34
1/9/22,K2,,,,8939.00,149.00,8790.00,2%,0.07,0.07
1/9/22,101.5 WPDH,,,,24932.00,3114.00,21818.00,12%,1.62,0.27
1/9/22,97.3 KKRC,,,,9499.00,1318.00,8181.00,14%,0.38,0.08
1/9/22,The Dawg 973,,,,158930.00,9172.00,149758.00,6%,4.30,1.35
1/9/22,KNUE 1015 East Texas Country Station,,,,6717.00,599.00,6118.00,9%,0.28,0.06
1/8/22,Imgur,,,,9820482.00,964097.00,8856385.00,10%,2682.60,154.39
1/8/22,Wattpad,,,,3427113.00,925630.00,2501483.00,27%,1489.42,202.64
1/8/22,MixerBox,,,,61411.00,22562.00,38849.00,37%,121.06,4.78
1/8/22,Lucktastic,,,,140746.00,32005.00,108741.00,23%,259.22,4.18
1/8/22,MixerBoxLite,,,,1188094.00,31908.00,1156186.00,3%,110.91,14.47
1/8/22,Kidoodle,,,,162506090.00,856940.00,161649150.00,1%,7181.17,1490.60
1/8/22,MocoSpace,,,,479329.00,188068.00,291261.00,39%,238.72,18.75
1/8/22,Online Plus,,,,1519753.00,230847.00,1288906.00,15%,1337.99,45.69
1/8/22,Qlixar,,,,461757.00,156013.00,305744.00,34%,911.80,28.05
1/8/22,WeatherBug,,,,89827646.00,3359780.00,86467866.00,4%,4561.01,364.88
1/8/22,Droplist,,,,448152.00,207812.00,240340.00,46%,139.89,15.67
1/8/22,Growlr,,,,4513429.00,2176773.00,2336656.00,48%,523.01,52.97
1/8/22,The Times of India,,,,8981135.00,171920.00,8809215.00,2%,145.53,71.85
1/8/22,LiveMixTapes,,,,811358.00,348966.00,462392.00,43%,267.95,21.99
1/8/22,Instant News,,,,34206.00,18929.00,15277.00,55%,271.28,3.29
1/8/22,Dolphin,,,,4452.00,2008.00,2444.00,45%,2.00,0.35
1/8/22,MyDaily,,,,5659.00,3935.00,1724.00,70%,7.35,0.68
1/8/22,Everyday,,,,510.00,340.00,170.00,67%,1.84,0.06
1/8/22,The Feed,,,,206.00,61.00,145.00,30%,0.11,0.01
1/8/22,ShopSavvy,,,,43.00,21.00,22.00,49%,0.01,0.00
1/8/22,VladTV,,,,190641.00,65597.00,125044.00,34%,45.69,4.07
1/8/22,Crocodile,,,,4191.00,1610.00,2581.00,38%,4.08,0.29
1/8/22,QuizJP,,,,972.00,0.00,972.00,0%,0.00,0.01
1/8/22,QuizUS,,,,723.00,18.00,705.00,2%,0.27,0.01
1/8/22,PalTalk,,,,1296296.00,852427.00,443869.00,66%,270.75,22.06
1/8/22,Impala - Headlines,,,,770342.00,43653.00,726689.00,6%,434.89,11.05
1/8/22,Steps,,,,273598.00,75400.00,198198.00,28%,42.25,4.34
1/8/22,MyFitnessPal,,,,117400982.00,29119048.00,88281934.00,25%,7829.77,1009.46
1/8/22,ShopKick,,,,1314237.00,182182.00,1132055.00,14%,816.07,44.36
1/8/22,Audiomack,,,,2587077.00,883047.00,1704030.00,34%,2693.72,146.61
1/8/22,Encyclopedia Britannica,,,,7376611.00,371255.00,7005356.00,5%,234.85,16.44
1/8/22,Scrabble Go,,,,10495201.00,181572.00,10313629.00,2%,1136.03,62.48
1/8/22,Camfrog,,,,1070992.00,688643.00,382349.00,64%,74.34,7.88
1/8/22,Flickr,,,,23671172.00,67728.00,23603444.00,0%,31.46,167.43
1/8/22,MeetMe,,,,1759286.00,521952.00,1237334.00,30%,807.64,112.27
1/8/22,StockTwits,,,,4771947.00,1017161.00,3754786.00,21%,529.63,42.37
1/8/22,MyMixTapez,,,,6521208.00,2050.00,6519158.00,0%,10.39,46.15
1/8/22,Ultimate Classic Rock,,,,22029.00,713.00,21316.00,3%,0.92,0.21
1/8/22,Barstool Sports,,,,4063200.00,50032.00,4013168.00,1%,10.80,0.86
1/8/22,SwingU,,,,26136.00,2543.00,23593.00,10%,4.62,0.37
1/8/22,Reuters,,,,1396035.00,55954.00,1340081.00,4%,52.04,4.16
1/8/22,Funny Weather,,,,19346.00,1089.00,18257.00,6%,5.00,0.48
1/8/22,VPN - Super Unlimited Proxy,,,,3350682.00,13672.00,3337010.00,0%,17.96,24.62
1/8/22,NJ 101.5,,,,261091.00,7146.00,253945.00,3%,9.51,2.44
1/8/22,WGRD,,,,31254.00,1344.00,29910.00,4%,1.91,0.34
1/8/22,NewsTalk,,,,110623.00,1739.00,108884.00,2%,1.59,0.87
1/8/22,WBLM,,,,34991.00,969.00,34022.00,3%,0.70,0.29
1/8/22,WJON,,,,28525.00,1021.00,27504.00,4%,1.09,0.27
1/8/22,Tide,,,,49335.00,3369.00,45966.00,7%,3.08,0.54
1/8/22,KFR,,,,2762.00,85.00,2677.00,3%,0.09,0.03
1/8/22,WBCK,,,,17458.00,1379.00,16079.00,8%,1.15,0.19
1/8/22,Cat Country,,,,14020.00,368.00,13652.00,3%,0.34,0.12
1/8/22,Mix 95.7FM,,,,9746.00,495.00,9251.00,5%,0.42,0.09
1/8/22,Memedroid,,,,183371.00,11253.00,172118.00,6%,1.93,0.15
1/8/22,Loudwire,,,,23556.00,2173.00,21383.00,9%,2.34,0.31
1/8/22,XXL Mag,,,,14441.00,1661.00,12780.00,12%,1.55,0.20
1/8/22,ScoreStream,,,,4202.00,79.00,4123.00,2%,0.10,0.01
1/8/22,FreeUnblock VPN,,,,1761.00,70.00,1691.00,4%,0.00,0.00
1/8/22,HAR Texas,,,,792114.00,136222.00,655892.00,17%,107.64,8.61
1/8/22,Psiphon Pro,,,,13157900.00,206500.00,12951400.00,2%,49.72,3.98
1/8/22,Bracelet Book,,,,48753.00,1523.00,47230.00,3%,0.54,0.04
1/8/22,Tumblr,,,,87307935.00,5735633.00,81572302.00,7%,1197.62,71.86
1/8/22,Wordfinder by WordTips,,,,503140.00,126218.00,376922.00,25%,178.49,14.28
1/8/22,PricePulse,,,,27727.00,1109.00,26618.00,4%,0.94,0.08
1/8/22,Untappd,,,,312840.00,98197.00,214643.00,31%,95.04,7.60
1/8/22,Dice with Buddies,,,,434769.00,27393.00,407376.00,6%,170.05,9.35
1/8/22,Dice with Ellen,,,,3.00,0.00,3.00,0%,0.00,0.00
1/8/22,Astrology Daily,,,,856.00,77.00,779.00,9%,0.11,0.01
1/8/22,Meetup,,,,400326.00,37767.00,362559.00,9%,36.61,2.93
1/8/22,BisManOnline,,,,80.00,15.00,65.00,19%,0.03,0.00
1/8/22,Tokybook ,,,,9385.00,1324.00,8061.00,14%,0.85,0.07
1/8/22,Radio Texas Live,,,,32176.00,1321.00,30855.00,4%,0.53,0.25
1/8/22,KLAQ,,,,13952.00,1596.00,12356.00,11%,0.99,0.16
1/8/22,KICKS 105,,,,5349.00,242.00,5107.00,5%,0.11,0.04
1/8/22,106.5 WYRK,,,,49358.00,2352.00,47006.00,5%,1.22,0.41
1/8/22,Buffalos 937 WBLK -The Peoples Station,,,,64757.00,2817.00,61940.00,4%,2.26,0.59
1/8/22,K2,,,,14083.00,331.00,13752.00,2%,0.22,0.11
1/8/22,101.5 WPDH,,,,24238.00,2836.00,21402.00,12%,1.38,0.25
1/8/22,97.3 KKRC,,,,9598.00,1318.00,8280.00,14%,0.48,0.09
1/8/22,The Dawg 973,,,,28257.00,1881.00,26376.00,7%,0.88,0.25
1/8/22,KNUE 1015 East Texas Country Station,,,,9864.00,997.00,8867.00,10%,0.31,0.08
1/7/22,Imgur,,,,9563581.00,968089.00,8595492.00,10%,2591.39,152.84
1/7/22,Wattpad,,,,3354079.00,977680.00,2376399.00,29%,1551.85,212.17
1/7/22,MixerBox,,,,59087.00,22540.00,36547.00,38%,120.24,4.76
1/7/22,Lucktastic,,,,147126.00,33449.00,113677.00,23%,271.81,4.37
1/7/22,MixerBoxLite,,,,1102566.00,29960.00,1072606.00,3%,108.41,13.50
1/7/22,Kidoodle,,,,144820257.00,788736.00,144031521.00,1%,5895.10,1302.98
1/7/22,MocoSpace,,,,458793.00,174371.00,284422.00,38%,240.83,18.85
1/7/22,Online Plus,,,,1583499.00,223198.00,1360301.00,14%,1330.19,44.75
1/7/22,Qlixar,,,,469702.00,188942.00,280760.00,40%,1101.17,33.52
1/7/22,WeatherBug,,,,102910113.00,3578577.00,99331536.00,3%,4973.73,397.90
1/7/22,Droplist,,,,391705.00,178418.00,213287.00,46%,113.98,12.89
1/7/22,Growlr,,,,4260120.00,2020079.00,2240041.00,47%,484.83,49.62
1/7/22,The Times of India,,,,8177794.00,183799.00,7993995.00,2%,152.01,66.60
1/7/22,LiveMixTapes,,,,832119.00,312375.00,519744.00,38%,256.77,21.61
1/7/22,Instant News,,,,32774.00,19997.00,12777.00,61%,278.36,3.46
1/7/22,Dolphin,,,,5585.00,2518.00,3067.00,45%,2.20,0.44
1/7/22,MyDaily,,,,5558.00,3131.00,2427.00,56%,6.70,0.54
1/7/22,Everyday,,,,1356.00,354.00,1002.00,26%,1.93,0.07
1/7/22,The Feed,,,,183.00,63.00,120.00,34%,0.13,0.01
1/7/22,ShopSavvy,,,,1.00,1.00,0.00,100%,0.00,0.00
1/7/22,VladTV,,,,205396.00,65299.00,140097.00,32%,47.46,4.30
1/7/22,Crocodile,,,,8131.00,1764.00,6367.00,22%,4.71,0.33
1/7/22,QuizJP,,,,1738.00,0.00,1738.00,0%,0.00,0.01
1/7/22,QuizUS,,,,805.00,71.00,734.00,9%,0.63,0.02
1/7/22,PalTalk,,,,1207786.00,791733.00,416053.00,66%,245.95,20.13
1/7/22,Impala - Headlines,,,,795984.00,44522.00,751462.00,6%,478.11,11.33
1/7/22,Steps,,,,279061.00,74021.00,205040.00,27%,41.47,4.34
1/7/22,Timer+,,,,1.00,1.00,0.00,100%,0.00,0.00
1/7/22,MyFitnessPal,,,,132109713.00,32938444.00,99171269.00,25%,8620.45,1125.22
1/7/22,ShopKick,,,,1227499.00,181947.00,1045552.00,15%,809.41,43.71
1/7/22,Audiomack,,,,2585532.00,941533.00,1643999.00,36%,3121.41,167.58
1/7/22,Encyclopedia Britannica,,,,7867714.00,424522.00,7443192.00,5%,276.00,19.32
1/7/22,Scrabble Go,,,,10085690.00,189348.00,9896342.00,2%,1179.15,64.85
1/7/22,Camfrog,,,,1033149.00,654682.00,378467.00,63%,73.39,7.79
1/7/22,Flickr,,,,22187148.00,67084.00,22120064.00,0%,30.48,156.97
1/7/22,MeetMe,,,,1698555.00,503925.00,1194630.00,30%,798.33,108.40
1/7/22,StockTwits,,,,11727582.00,2474667.00,9252915.00,21%,1259.88,100.79
1/7/22,MyMixTapez,,,,7188939.00,3221.00,7185718.00,0%,17.41,51.17
1/7/22,Ultimate Classic Rock,,,,17107.00,667.00,16440.00,4%,0.94,0.18
1/7/22,Barstool Sports,,,,6111207.00,59036.00,6052171.00,1%,13.52,1.08
1/7/22,SwingU,,,,19201.00,1969.00,17232.00,10%,3.09,0.25
1/7/22,Reuters,,,,1542329.00,70104.00,1472225.00,5%,60.73,4.86
1/7/22,Funny Weather,,,,24718.00,1337.00,23381.00,5%,7.13,0.66
1/7/22,VPN - Super Unlimited Proxy,,,,3645696.00,14949.00,3630747.00,0%,19.58,26.79
1/7/22,NJ 101.5,,,,811507.00,17579.00,793928.00,2%,23.54,7.21
1/7/22,WGRD,,,,153251.00,3238.00,150013.00,2%,4.84,1.39
1/7/22,NewsTalk,,,,414440.00,5868.00,408572.00,1%,5.03,3.21
1/7/22,WBLM,,,,63471.00,1208.00,62263.00,2%,1.13,0.51
1/7/22,WJON,,,,61237.00,2828.00,58409.00,5%,3.44,0.65
1/7/22,Tide,,,,106382.00,5981.00,100401.00,6%,5.29,1.07
1/7/22,KFR,,,,5761.00,592.00,5169.00,10%,0.80,0.09
1/7/22,WBCK,,,,39002.00,3197.00,35805.00,8%,2.47,0.42
1/7/22,Cat Country,,,,61341.00,899.00,60442.00,1%,1.03,0.50
1/7/22,Mix 95.7FM,,,,28465.00,1927.00,26538.00,7%,1.62,0.30
1/7/22,Memedroid,,,,201671.00,11564.00,190107.00,6%,1.91,0.15
1/7/22,Loudwire,,,,27040.00,2259.00,24781.00,8%,2.22,0.33
1/7/22,XXL Mag,,,,12471.00,1269.00,11202.00,10%,0.93,0.14
1/7/22,ScoreStream,,,,1852.00,52.00,1800.00,3%,0.06,0.00
1/7/22,FreeUnblock VPN,,,,1756.00,38.00,1718.00,2%,0.00,0.00
1/7/22,HAR Texas,,,,673506.00,113721.00,559785.00,17%,105.12,8.41
1/7/22,Psiphon Pro,,,,13974366.00,31604.00,13942762.00,0%,30.73,2.46
1/7/22,Bracelet Book,,,,36171.00,1035.00,35136.00,3%,0.35,0.03
1/7/22,Tumblr,,,,87234043.00,13372584.00,73861459.00,15%,3739.13,224.35
1/7/22,Wordfinder by WordTips,,,,453231.00,112434.00,340797.00,25%,167.22,13.38
1/7/22,PricePulse,,,,27379.00,865.00,26514.00,3%,0.84,0.07
1/7/22,Untappd,,,,235646.00,63583.00,172063.00,27%,58.48,4.68
1/7/22,Dice with Buddies,,,,442664.00,26127.00,416537.00,6%,163.76,9.01
1/7/22,Astrology Daily,,,,1054.00,24.00,1030.00,2%,0.06,0.00
1/7/22,Meetup,,,,320801.00,22761.00,298040.00,7%,24.02,1.92
1/7/22,BisManOnline,,,,147.00,24.00,123.00,16%,0.02,0.00
1/7/22,Tokybook ,,,,11352.00,2584.00,8768.00,23%,1.57,0.13
1/7/22,Radio Texas Live,,,,33959.00,289.00,33670.00,1%,0.45,0.27
1/7/22,KLAQ,,,,134499.00,4045.00,130454.00,3%,6.07,1.34
1/7/22,KICKS 105,,,,17087.00,411.00,16676.00,2%,0.57,0.16
1/7/22,106.5 WYRK,,,,99015.00,905.00,98110.00,1%,1.41,0.79
1/7/22,Buffalos 937 WBLK -The Peoples Station,,,,109211.00,2098.00,107113.00,2%,3.16,0.97
1/7/22,K2,,,,21623.00,408.00,21215.00,2%,0.66,0.19
1/7/22,101.5 WPDH,,,,50139.00,1343.00,48796.00,3%,1.93,0.48
1/7/22,97.3 KKRC,,,,17025.00,319.00,16706.00,2%,0.40,0.14
1/7/22,The Dawg 973,,,,34393.00,396.00,33997.00,1%,0.61,0.28
1/7/22,KNUE 1015 East Texas Country Station,,,,9139.00,141.00,8998.00,2%,0.19,0.08
1/6/22,Imgur,,,,9429250.00,925835.00,8503415.00,10%,2437.01,148.06
1/6/22,Wattpad,,,,3466092.00,1008075.00,2458017.00,29%,1531.02,218.82
1/6/22,MixerBox,,,,58504.00,21400.00,37104.00,37%,115.78,4.54
1/6/22,Lucktastic,,,,123416.00,34950.00,88466.00,28%,287.05,4.29
1/6/22,MixerBoxLite,,,,1109779.00,29953.00,1079826.00,3%,104.06,13.55
1/6/22,Kidoodle,,,,145554949.00,636111.00,144918838.00,0%,4674.96,1248.18
1/6/22,MocoSpace,,,,474701.00,191299.00,283402.00,40%,267.27,20.69
1/6/22,Online Plus,,,,1584170.00,218033.00,1366137.00,14%,1212.06,43.90
1/6/22,Qlixar,,,,474181.00,177035.00,297146.00,37%,1018.75,31.58
1/6/22,WeatherBug,,,,130010414.00,5218586.00,124791828.00,4%,6759.43,540.75
1/6/22,Droplist,,,,669690.00,286890.00,382800.00,43%,192.34,21.91
1/6/22,Growlr,,,,4331211.00,1968031.00,2363180.00,45%,480.09,50.15
1/6/22,The Times of India,,,,10286018.00,185021.00,10100997.00,2%,152.55,81.39
1/6/22,LiveMixTapes,,,,808861.00,263693.00,545168.00,33%,229.61,19.89
1/6/22,Instant News,,,,37416.00,20661.00,16755.00,55%,250.79,3.60
1/6/22,Dolphin,,,,4390.00,2020.00,2370.00,46%,2.22,0.36
1/6/22,MyDaily,,,,5990.00,3331.00,2659.00,56%,6.95,0.58
1/6/22,Everyday,,,,487.00,328.00,159.00,67%,1.67,0.06
1/6/22,The Feed,,,,75.00,56.00,19.00,75%,0.10,0.01
1/6/22,VladTV,,,,241948.00,71675.00,170273.00,30%,51.40,4.79
1/6/22,Crocodile,,,,10071.00,1611.00,8460.00,16%,4.24,0.32
1/6/22,QuizJP,,,,1005.00,0.00,1005.00,0%,0.00,0.01
1/6/22,QuizUS,,,,619.00,22.00,597.00,4%,0.22,0.01
1/6/22,PalTalk,,,,1218296.00,782327.00,435969.00,64%,247.85,20.40
1/6/22,Impala - Headlines,,,,787137.00,44762.00,742375.00,6%,503.86,11.32
1/6/22,Steps,,,,283046.00,84479.00,198567.00,30%,42.95,4.40
1/6/22,MyFitnessPal,,,,150259674.00,37356659.00,112903015.00,25%,9541.41,1267.39
1/6/22,ShopKick,,,,876497.00,144137.00,732360.00,16%,651.30,33.95
1/6/22,Audiomack,,,,2631584.00,870101.00,1761483.00,33%,2805.04,152.58
1/6/22,Encyclopedia Britannica,,,,8149283.00,462595.00,7686688.00,6%,298.16,20.87
1/6/22,Scrabble Go,,,,9914193.00,184817.00,9729376.00,2%,1168.03,64.24
1/6/22,Camfrog,,,,1069528.00,705022.00,364506.00,66%,79.73,8.13
1/6/22,Flickr,,,,19860543.00,71676.00,19788867.00,0%,32.08,140.77
1/6/22,MeetMe,,,,1778680.00,506798.00,1271882.00,28%,867.60,109.50
1/6/22,StockTwits,,,,12806860.00,2760421.00,10046439.00,22%,1369.24,109.54
1/6/22,MyMixTapez,,,,5967320.00,2429.00,5964891.00,0%,12.83,42.40
1/6/22,Ultimate Classic Rock,,,,17148.00,912.00,16236.00,5%,1.12,0.19
1/6/22,Barstool Sports,,,,5230940.00,20909.00,5210031.00,0%,6.20,0.50
1/6/22,SwingU,,,,19355.00,2088.00,17267.00,11%,3.26,0.26
1/6/22,Reuters,,,,1601949.00,62145.00,1539804.00,4%,55.62,4.45
1/6/22,Funny Weather,,,,23615.00,973.00,22642.00,4%,4.93,0.50
1/6/22,VPN - Super Unlimited Proxy,,,,3647855.00,17498.00,3630357.00,0%,23.09,27.03
1/6/22,NJ 101.5,,,,804982.00,17410.00,787572.00,2%,21.15,6.99
1/6/22,WGRD,,,,159457.00,5241.00,154216.00,3%,7.56,1.61
1/6/22,NewsTalk,,,,454077.00,6174.00,447903.00,1%,4.88,3.48
1/6/22,WBLM,,,,64934.00,1231.00,63703.00,2%,1.12,0.52
1/6/22,WJON,,,,49220.00,1551.00,47669.00,3%,1.61,0.45
1/6/22,Tide,,,,136996.00,7915.00,129081.00,6%,7.54,1.43
1/6/22,KFR,,,,5957.00,289.00,5668.00,5%,0.35,0.06
1/6/22,WBCK,,,,35623.00,897.00,34726.00,3%,0.83,0.30
1/6/22,Cat Country,,,,66000.00,1207.00,64793.00,2%,1.47,0.56
1/6/22,Mix 95.7FM,,,,32575.00,559.00,32016.00,2%,0.84,0.28
1/6/22,Memedroid,,,,188164.00,12116.00,176048.00,6%,2.02,0.16
1/6/22,Loudwire,,,,23014.00,1130.00,21884.00,5%,1.12,0.23
1/6/22,XXL Mag,,,,17936.00,2022.00,15914.00,11%,2.12,0.26
1/6/22,ScoreStream,,,,1184.00,29.00,1155.00,2%,0.02,0.00
1/6/22,FreeUnblock VPN,,,,1951.00,32.00,1919.00,2%,0.01,0.00
1/6/22,HAR Texas,,,,667268.00,119217.00,548051.00,18%,112.83,9.03
1/6/22,Psiphon Pro,,,,13852746.00,15190.00,13837556.00,0%,30.09,2.41
1/6/22,Bracelet Book,,,,36949.00,1284.00,35665.00,3%,0.45,0.04
1/6/22,Tumblr,,,,88236786.00,13033223.00,75203563.00,15%,3855.52,231.33
1/6/22,Wordfinder by WordTips,,,,474300.00,109889.00,364411.00,23%,160.95,12.88
1/6/22,PricePulse,,,,28162.00,847.00,27315.00,3%,1.02,0.08
1/6/22,Untappd,,,,182434.00,44329.00,138105.00,24%,39.18,3.13
1/6/22,Dice with Buddies,,,,415158.00,29302.00,385856.00,7%,186.55,10.26
1/6/22,Dice with Ellen,,,,253.00,0.00,253.00,0%,0.00,0.00
1/6/22,Astrology Daily,,,,856.00,23.00,833.00,3%,0.03,0.00
1/6/22,Meetup,,,,318672.00,22779.00,295893.00,7%,25.05,2.00
1/6/22,BisManOnline,,,,124.00,29.00,95.00,23%,0.03,0.00
1/6/22,Tokybook ,,,,11025.00,2105.00,8920.00,19%,1.55,0.12
1/6/22,Radio Texas Live,,,,39136.00,373.00,38763.00,1%,0.63,0.32
1/6/22,KLAQ,,,,138931.00,4486.00,134445.00,3%,7.13,1.44
1/6/22,KICKS 105,,,,18597.00,292.00,18305.00,2%,0.36,0.15
1/6/22,106.5 WYRK,,,,107132.00,1745.00,105387.00,2%,2.78,0.93
1/6/22,Buffalos 937 WBLK -The Peoples Station,,,,108557.00,2427.00,106130.00,2%,3.76,1.01
1/6/22,K2,,,,23140.00,252.00,22888.00,1%,0.32,0.18
1/6/22,101.5 WPDH,,,,57048.00,2149.00,54899.00,4%,3.24,0.61
1/6/22,97.3 KKRC,,,,20047.00,179.00,19868.00,1%,0.24,0.16
1/6/22,The Dawg 973,,,,37013.00,448.00,36565.00,1%,0.71,0.31
1/6/22,KNUE 1015 East Texas Country Station,,,,11086.00,299.00,10787.00,3%,0.35,0.10
1/5/22,Imgur,,,,8874451.00,895470.00,7978981.00,10%,2613.45,141.52
1/5/22,Wattpad,,,,3547199.00,1086767.00,2460432.00,31%,1730.81,234.58
1/5/22,MixerBox,,,,60034.00,21698.00,38336.00,36%,123.25,4.61
1/5/22,Lucktastic,,,,136723.00,42190.00,94533.00,31%,377.67,5.07
1/5/22,MixerBoxLite,,,,1043537.00,30018.00,1013519.00,3%,105.50,13.10
1/5/22,Kidoodle,,,,263543660.00,720742.00,262822918.00,0%,5262.30,2102.88
1/5/22,MocoSpace,,,,463562.00,184643.00,278919.00,40%,256.99,19.94
1/5/22,Online Plus,,,,1559734.00,228853.00,1330881.00,15%,1283.56,45.56
1/5/22,Qlixar,,,,464470.00,178723.00,285747.00,38%,1062.16,31.81
1/5/22,WeatherBug,,,,105097288.00,4607410.00,100489878.00,4%,5578.24,446.26
1/5/22,Droplist,,,,523928.00,264021.00,259907.00,50%,167.69,18.59
1/5/22,Growlr,,,,4299524.00,1962631.00,2336893.00,46%,500.66,51.40
1/5/22,The Times of India,,,,8304554.00,192269.00,8112285.00,2%,160.12,67.99
1/5/22,LiveMixTapes,,,,807087.00,276791.00,530296.00,34%,234.61,20.13
1/5/22,Instant News,,,,30814.00,21310.00,9504.00,69%,304.96,3.67
1/5/22,Dolphin,,,,4887.00,2391.00,2496.00,49%,2.15,0.42
1/5/22,MyDaily,,,,5424.00,2848.00,2576.00,53%,6.61,0.50
1/5/22,Everyday,,,,717.00,350.00,367.00,49%,1.66,0.06
1/5/22,The Feed,,,,159.00,44.00,115.00,28%,0.12,0.01
1/5/22,ShopSavvy,,,,12.00,8.00,4.00,67%,0.05,0.00
1/5/22,VladTV,,,,240793.00,71084.00,169709.00,30%,51.13,4.77
1/5/22,Crocodile,,,,12293.00,1558.00,10735.00,13%,3.96,0.32
1/5/22,QuizJP,,,,616.00,13.00,603.00,2%,0.09,0.01
1/5/22,QuizUS,,,,482.00,17.00,465.00,4%,0.13,0.01
1/5/22,PalTalk,,,,1274117.00,848313.00,425804.00,67%,263.42,21.42
1/5/22,Impala - Headlines,,,,767940.00,60881.00,707059.00,8%,599.19,13.89
1/5/22,Steps,,,,284591.00,94310.00,190281.00,33%,50.95,4.90
1/5/22,MyFitnessPal,,,,154373629.00,41793524.00,112580105.00,27%,9891.83,1282.65
1/5/22,ShopKick,,,,906669.00,162453.00,744216.00,18%,748.35,37.70
1/5/22,Audiomack,,,,2691951.00,881443.00,1810508.00,33%,3034.44,164.40
1/5/22,Encyclopedia Britannica,,,,8105111.00,416435.00,7688676.00,5%,270.39,18.93
1/5/22,Scrabble Go,,,,9985259.00,182489.00,9802770.00,2%,1209.00,66.50
1/5/22,Camfrog,,,,1015218.00,682949.00,332269.00,67%,73.80,7.49
1/5/22,Flickr,,,,22576299.00,67578.00,22508721.00,0%,30.24,159.68
1/5/22,MeetMe,,,,1758887.00,521022.00,1237865.00,30%,1049.25,112.07
1/5/22,StockTwits,,,,13020264.00,3274657.00,9745607.00,25%,1539.72,123.18
1/5/22,MyMixTapez,,,,6253625.00,2808.00,6250817.00,0%,15.21,44.52
1/5/22,Ultimate Classic Rock,,,,16229.00,825.00,15404.00,5%,0.87,0.17
1/5/22,Barstool Sports,,,,5499355.00,47008.00,5452347.00,1%,12.85,1.03
1/5/22,SwingU,,,,21794.00,2273.00,19521.00,10%,3.54,0.28
1/5/22,Reuters,,,,1396339.00,78562.00,1317777.00,6%,70.01,5.60
1/5/22,Funny Weather,,,,18420.00,836.00,17584.00,5%,4.11,0.41
1/5/22,VPN - Super Unlimited Proxy,,,,4734095.00,18690.00,4715405.00,0%,25.51,34.79
1/5/22,NJ 101.5,,,,859931.00,31047.00,828884.00,4%,33.82,8.17
1/5/22,WGRD,,,,181854.00,6318.00,175536.00,3%,9.88,1.92
1/5/22,NewsTalk,,,,449678.00,7822.00,441856.00,2%,6.79,3.57
1/5/22,WBLM,,,,65670.00,1673.00,63997.00,3%,1.77,0.57
1/5/22,WJON,,,,50429.00,2184.00,48245.00,4%,2.20,0.49
1/5/22,Tide,,,,116454.00,6986.00,109468.00,6%,5.87,1.18
1/5/22,KFR,,,,7068.00,261.00,6807.00,4%,0.29,0.07
1/5/22,WBCK,,,,36758.00,799.00,35959.00,2%,0.86,0.31
1/5/22,Cat Country,,,,66124.00,1495.00,64629.00,2%,1.83,0.58
1/5/22,Mix 95.7FM,,,,36453.00,695.00,35758.00,2%,0.90,0.31
1/5/22,Memedroid,,,,185008.00,11658.00,173350.00,6%,1.83,0.15
1/5/22,Loudwire,,,,24731.00,1428.00,23303.00,6%,1.61,0.28
1/5/22,XXL Mag,,,,13520.00,1468.00,12052.00,11%,1.34,0.18
1/5/22,ScoreStream,,,,2593.00,63.00,2530.00,2%,0.10,0.01
1/5/22,FreeUnblock VPN,,,,1987.00,30.00,1957.00,2%,0.00,0.00
1/5/22,HAR Texas,,,,652078.00,108135.00,543943.00,17%,95.30,7.62
1/5/22,Psiphon Pro,,,,13751201.00,17014.00,13734187.00,0%,30.23,2.42
1/5/22,Bracelet Book,,,,38117.00,1190.00,36927.00,3%,0.47,0.04
1/5/22,Tumblr,,,,87620502.00,11573633.00,76046869.00,13%,3115.05,186.90
1/5/22,Wordfinder by WordTips,,,,472620.00,105668.00,366952.00,22%,179.94,14.40
1/5/22,PricePulse,,,,29182.00,872.00,28310.00,3%,1.02,0.08
1/5/22,Untappd,,,,174516.00,44093.00,130423.00,25%,37.44,3.00
1/5/22,Dice with Buddies,,,,511044.00,35449.00,475595.00,7%,232.32,12.78
1/5/22,Dice with Ellen,,,,133694.00,6153.00,127541.00,5%,35.12,1.93
1/5/22,Astrology Daily,,,,1163.00,26.00,1137.00,2%,0.09,0.01
1/5/22,Meetup,,,,308464.00,45817.00,262647.00,15%,49.75,3.98
1/5/22,BisManOnline,,,,162.00,62.00,100.00,38%,0.04,0.00
1/5/22,Tokybook ,,,,11875.00,2119.00,9756.00,18%,1.59,0.13
1/5/22,Radio Texas Live,,,,36916.00,498.00,36418.00,1%,0.63,0.30
1/5/22,KLAQ,,,,141936.00,5109.00,136827.00,4%,7.49,1.48
1/5/22,KICKS 105,,,,14145.00,260.00,13885.00,2%,0.37,0.12
1/5/22,106.5 WYRK,,,,108638.00,1760.00,106878.00,2%,3.15,0.97
1/5/22,Buffalos 937 WBLK -The Peoples Station,,,,132702.00,3185.00,129517.00,2%,4.81,1.24
1/5/22,K2,,,,23201.00,321.00,22880.00,1%,0.52,0.20
1/5/22,101.5 WPDH,,,,42459.00,1955.00,40504.00,5%,2.80,0.48
1/5/22,97.3 KKRC,,,,23786.00,365.00,23421.00,2%,0.46,0.20
1/5/22,The Dawg 973,,,,46539.00,828.00,45711.00,2%,1.51,0.43
1/5/22,KNUE 1015 East Texas Country Station,,,,10125.00,221.00,9904.00,2%,0.27,0.09
1/4/22,Imgur,,,,7284413.00,566334.00,6718079.00,8%,2217.20,101.26
1/4/22,Wattpad,,,,3803607.00,1077593.00,2726014.00,28%,1701.87,234.60
1/4/22,MixerBox,,,,57446.00,19743.00,37703.00,34%,107.27,4.21
1/4/22,Lucktastic,,,,80716.00,27494.00,53222.00,34%,237.02,3.23
1/4/22,MixerBoxLite,,,,981933.00,30440.00,951493.00,3%,108.51,12.75
1/4/22,Kidoodle,,,,357851977.00,661665.00,357190312.00,0%,4982.68,2749.47
1/4/22,MocoSpace,,,,484845.00,209024.00,275821.00,43%,352.00,26.57
1/4/22,Online Plus,,,,1577791.00,235958.00,1341833.00,15%,1319.44,46.82
1/4/22,Qlixar,,,,463241.00,161148.00,302093.00,35%,969.27,28.91
1/4/22,WeatherBug,,,,82216460.00,3416434.00,78800026.00,4%,4829.73,386.38
1/4/22,Droplist,,,,773557.00,386686.00,386871.00,50%,250.98,27.81
1/4/22,Growlr,,,,4337654.00,1923028.00,2414626.00,44%,475.66,50.20
1/4/22,The Times of India,,,,5597457.00,163003.00,5434454.00,3%,140.59,47.88
1/4/22,LiveMixTapes,,,,764897.00,267662.00,497235.00,35%,223.45,19.12
1/4/22,Instant News,,,,27434.00,20202.00,7232.00,74%,287.82,3.47
1/4/22,Dolphin,,,,5077.00,2384.00,2693.00,47%,2.26,0.42
1/4/22,MyDaily,,,,5678.00,3176.00,2502.00,56%,6.72,0.55
1/4/22,Everyday,,,,1528.00,368.00,1160.00,24%,1.77,0.07
1/4/22,The Feed,,,,182.00,65.00,117.00,36%,0.12,0.01
1/4/22,VladTV,,,,200287.00,52851.00,147436.00,26%,40.52,3.87
1/4/22,Crocodile,,,,12037.00,1441.00,10596.00,12%,3.47,0.30
1/4/22,QuizJP,,,,1654.00,1.00,1653.00,0%,0.01,0.01
1/4/22,QuizUS,,,,592.00,54.00,538.00,9%,0.35,0.01
1/4/22,PalTalk,,,,1248835.00,839606.00,409229.00,67%,248.48,20.26
1/4/22,Impala - Headlines,,,,746170.00,58170.00,688000.00,8%,509.51,13.33
1/4/22,Steps,,,,283514.00,95323.00,188191.00,34%,49.53,4.78
1/4/22,MyFitnessPal,,,,162053877.00,45637624.00,116416253.00,28%,10855.95,1357.71
1/4/22,ShopKick,,,,1133736.00,156663.00,977073.00,14%,705.83,38.17
1/4/22,Audiomack,,,,2506516.00,909260.00,1597256.00,36%,3340.11,178.19
1/4/22,Encyclopedia Britannica,,,,8022786.00,409704.00,7613082.00,5%,249.84,17.49
1/4/22,Scrabble Go,,,,9866990.00,281029.00,9585961.00,3%,1846.86,101.58
1/4/22,Camfrog,,,,1046137.00,713078.00,333059.00,68%,74.63,7.56
1/4/22,Flickr,,,,20177952.00,67882.00,20110070.00,0%,32.34,143.03
1/4/22,MeetMe,,,,1900227.00,487061.00,1413166.00,26%,857.93,106.55
1/4/22,StockTwits,,,,12404932.00,2922527.00,9482405.00,24%,1363.53,109.08
1/4/22,MyMixTapez,,,,6018942.00,1882.00,6017060.00,0%,9.52,42.60
1/4/22,Ultimate Classic Rock,,,,15763.00,728.00,15035.00,5%,0.71,0.15
1/4/22,Barstool Sports,,,,6082026.00,54284.00,6027742.00,1%,14.66,1.17
1/4/22,SwingU,,,,18582.00,1870.00,16712.00,10%,2.56,0.20
1/4/22,Reuters,,,,1398436.00,74717.00,1323719.00,5%,69.17,5.53
1/4/22,Funny Weather,,,,17699.00,715.00,16984.00,4%,3.61,0.37
1/4/22,VPN - Super Unlimited Proxy,,,,3734350.00,69804.00,3664546.00,2%,44.37,28.76
1/4/22,NJ 101.5,,,,818353.00,30132.00,788221.00,4%,31.33,7.71
1/4/22,WGRD,,,,169258.00,5656.00,163602.00,3%,8.41,1.73
1/4/22,NewsTalk,,,,443269.00,7830.00,435439.00,2%,6.67,3.51
1/4/22,WBLM,,,,72179.00,1827.00,70352.00,3%,1.62,0.61
1/4/22,WJON,,,,55427.00,2202.00,53225.00,4%,2.57,0.55
1/4/22,Tide,,,,116074.00,7300.00,108774.00,6%,6.61,1.22
1/4/22,KFR,,,,6792.00,295.00,6497.00,4%,0.44,0.08
1/4/22,WBCK,,,,36927.00,786.00,36141.00,2%,0.83,0.31
1/4/22,Cat Country,,,,64184.00,1141.00,63043.00,2%,1.66,0.56
1/4/22,Mix 95.7FM,,,,41506.00,652.00,40854.00,2%,0.86,0.35
1/4/22,Memedroid,,,,190204.00,11447.00,178757.00,6%,1.86,0.15
1/4/22,Loudwire,,,,23646.00,1271.00,22375.00,5%,1.46,0.26
1/4/22,XXL Mag,,,,13619.00,1408.00,12211.00,10%,1.43,0.19
1/4/22,ScoreStream,,,,1418.00,23.00,1395.00,2%,0.02,0.00
1/4/22,FreeUnblock VPN,,,,2077.00,28.00,2049.00,1%,0.01,0.00
1/4/22,HAR Texas,,,,645915.00,85142.00,560773.00,13%,70.13,5.61
1/4/22,Psiphon Pro,,,,13763308.00,13292.00,13750016.00,0%,25.04,2.00
1/4/22,Bracelet Book,,,,42003.00,1091.00,40912.00,3%,0.35,0.03
1/4/22,Tumblr,,,,89806383.00,10774486.00,79031897.00,12%,2266.92,136.02
1/4/22,Wordfinder by WordTips,,,,475623.00,95555.00,380068.00,20%,154.85,12.39
1/4/22,PricePulse,,,,29354.00,746.00,28608.00,3%,0.83,0.07
1/4/22,Untappd,,,,169979.00,42183.00,127796.00,25%,32.97,2.64
1/4/22,Dice with Buddies,,,,413713.00,31284.00,382429.00,8%,197.63,10.87
1/4/22,Dice with Ellen,,,,196706.00,8767.00,187939.00,4%,47.51,2.61
1/4/22,Astrology Daily,,,,1742.00,49.00,1693.00,3%,0.09,0.01
1/4/22,Meetup,,,,316654.00,50994.00,265660.00,16%,57.30,4.58
1/4/22,BisManOnline,,,,152.00,67.00,85.00,44%,0.28,0.02
1/4/22,Tokybook ,,,,11542.00,2062.00,9480.00,18%,1.51,0.12
1/4/22,Radio Texas Live,,,,37614.00,373.00,37241.00,1%,0.64,0.31
1/4/22,KLAQ,,,,134290.00,4768.00,129522.00,4%,7.27,1.42
1/4/22,KICKS 105,,,,14362.00,219.00,14143.00,2%,0.26,0.12
1/4/22,106.5 WYRK,,,,95684.00,1467.00,94217.00,2%,2.93,0.86
1/4/22,Buffalos 937 WBLK -The Peoples Station,,,,117226.00,2731.00,114495.00,2%,4.14,1.09
1/4/22,K2,,,,19723.00,303.00,19420.00,2%,0.48,0.17
1/4/22,101.5 WPDH,,,,48471.00,1671.00,46800.00,3%,2.42,0.50
1/4/22,97.3 KKRC,,,,21472.00,494.00,20978.00,2%,0.67,0.19
1/4/22,The Dawg 973,,,,47349.00,793.00,46556.00,2%,1.22,0.41
1/4/22,KNUE 1015 East Texas Country Station,,,,13131.00,161.00,12970.00,1%,0.23,0.11
1/3/22,Imgur,,,,8069932.00,476484.00,7593448.00,6%,1651.61,97.59
1/3/22,Wattpad,,,,4262631.00,1082935.00,3179696.00,25%,1666.11,238.84
1/3/22,MixerBox,,,,55832.00,17475.00,38357.00,31%,93.70,3.76
1/3/22,Lucktastic,,,,11153.00,3194.00,7959.00,29%,31.65,0.39
1/3/22,MixerBoxLite,,,,910977.00,32229.00,878748.00,4%,110.74,12.60
1/3/22,Kidoodle,,,,244580561.00,547791.00,244032770.00,0%,4293.26,1922.89
1/3/22,MocoSpace,,,,517098.00,193442.00,323656.00,37%,370.28,28.19
1/3/22,Online Plus,,,,1614885.00,179591.00,1435294.00,11%,1030.71,37.71
1/3/22,Qlixar,,,,462780.00,160923.00,301857.00,35%,981.30,28.87
1/3/22,WeatherBug,,,,129940673.00,4897341.00,125043332.00,4%,6740.38,539.23
1/3/22,Droplist,,,,695886.00,356225.00,339661.00,51%,212.73,23.65
1/3/22,Growlr,,,,4642314.00,2000410.00,2641904.00,43%,487.92,52.65
1/3/22,The Times of India,,,,4644344.00,142471.00,4501873.00,3%,120.02,39.91
1/3/22,LiveMixTapes,,,,717626.00,237206.00,480420.00,33%,193.71,16.92
1/3/22,Instant News,,,,28331.00,19271.00,9060.00,68%,256.35,3.32
1/3/22,Dolphin,,,,4916.00,2222.00,2694.00,45%,2.47,0.39
1/3/22,MyDaily,,,,6479.00,3431.00,3048.00,53%,7.17,0.60
1/3/22,Everyday,,,,3712.00,512.00,3200.00,14%,2.04,0.10
1/3/22,The Feed,,,,142.00,53.00,89.00,37%,0.21,0.01
1/3/22,ShopSavvy,,,,4.00,0.00,4.00,0%,0.00,0.00
1/3/22,VladTV,,,,181481.00,45464.00,136017.00,25%,35.03,3.40
1/3/22,Crocodile,,,,14983.00,1974.00,13009.00,13%,5.02,0.40
1/3/22,QuizJP,,,,737.00,0.00,737.00,0%,0.00,0.01
1/3/22,QuizUS,,,,662.00,50.00,612.00,8%,0.31,0.01
1/3/22,PalTalk,,,,1159750.00,745719.00,414031.00,64%,228.61,18.90
1/3/22,Impala - Headlines,,,,728038.00,45701.00,682337.00,6%,412.32,11.18
1/3/22,Steps,,,,276688.00,80886.00,195802.00,29%,39.91,4.16
1/3/22,MyFitnessPal,,,,135724729.00,38025095.00,97699634.00,28%,8848.26,1126.31
1/3/22,ShopKick,,,,1034356.00,73190.00,961166.00,7%,299.90,21.36
1/3/22,Audiomack,,,,2412108.00,853933.00,1558175.00,35%,3052.24,163.52
1/3/22,Encyclopedia Britannica,,,,7636151.00,332000.00,7304151.00,4%,184.06,12.88
1/3/22,Scrabble Go,,,,10270235.00,343151.00,9927084.00,3%,2150.91,118.30
1/3/22,Camfrog,,,,1040285.00,701176.00,339109.00,67%,74.11,7.56
1/3/22,Flickr,,,,22977525.00,70422.00,22907103.00,0%,32.73,162.64
1/3/22,MeetMe,,,,2043815.00,498529.00,1545286.00,24%,804.90,109.78
1/3/22,StockTwits,,,,11724632.00,2771390.00,8953242.00,24%,1340.27,107.22
1/3/22,MyMixTapez,,,,5868141.00,1942.00,5866199.00,0%,10.08,41.57
1/3/22,Ultimate Classic Rock,,,,12640.00,553.00,12087.00,4%,0.48,0.12
1/3/22,Barstool Sports,,,,4402108.00,67904.00,4334204.00,2%,19.65,1.57
1/3/22,SwingU,,,,21969.00,2635.00,19334.00,12%,3.51,0.28
1/3/22,Reuters,,,,1214013.00,59074.00,1154939.00,5%,56.99,4.56
1/3/22,Funny Weather,,,,21206.00,864.00,20342.00,4%,4.53,0.46
1/3/22,VPN - Super Unlimited Proxy,,,,2989542.00,102571.00,2886971.00,3%,55.83,24.12
1/3/22,NJ 101.5,,,,832034.00,33728.00,798306.00,4%,35.04,8.04
1/3/22,WGRD,,,,156130.00,4258.00,151872.00,3%,7.08,1.56
1/3/22,NewsTalk,,,,401465.00,6801.00,394664.00,2%,6.86,3.24
1/3/22,WBLM,,,,56434.00,1121.00,55313.00,2%,1.06,0.46
1/3/22,WJON,,,,48493.00,1938.00,46555.00,4%,2.37,0.49
1/3/22,Tide,,,,140600.00,5840.00,134760.00,4%,4.53,1.26
1/3/22,KFR,,,,5222.00,342.00,4880.00,7%,0.56,0.07
1/3/22,WBCK,,,,35145.00,1343.00,33802.00,4%,1.63,0.35
1/3/22,Cat Country,,,,57524.00,1034.00,56490.00,2%,1.46,0.50
1/3/22,Mix 95.7FM,,,,32946.00,789.00,32157.00,2%,0.92,0.29
1/3/22,Memedroid,,,,199092.00,7391.00,191701.00,4%,1.04,0.08
1/3/22,Loudwire,,,,19898.00,901.00,18997.00,5%,0.92,0.20
1/3/22,XXL Mag,,,,16399.00,1980.00,14419.00,12%,1.89,0.23
1/3/22,ScoreStream,,,,1100.00,39.00,1061.00,4%,0.04,0.00
1/3/22,FreeUnblock VPN,,,,2177.00,44.00,2133.00,2%,0.02,0.00
1/3/22,HAR Texas,,,,633054.00,69192.00,563862.00,11%,57.53,4.60
1/3/22,Psiphon Pro,,,,13372545.00,7717.00,13364828.00,0%,14.36,1.15
1/3/22,Bracelet Book,,,,51718.00,751.00,50967.00,1%,0.30,0.02
1/3/22,Tumblr,,,,90612428.00,10899652.00,79712776.00,12%,2519.95,151.20
1/3/22,Wordfinder by WordTips,,,,501182.00,92417.00,408765.00,18%,144.75,11.58
1/3/22,PricePulse,,,,23761.00,410.00,23351.00,2%,0.33,0.03
1/3/22,Untappd,,,,194173.00,43269.00,150904.00,22%,34.24,2.74
1/3/22,Dice with Buddies,,,,406900.00,35295.00,371605.00,9%,218.61,12.02
1/3/22,Dice with Ellen,,,,219430.00,7968.00,211462.00,4%,47.08,2.59
1/3/22,Astrology Daily,,,,1924.00,37.00,1887.00,2%,0.07,0.01
1/3/22,Meetup,,,,336089.00,45352.00,290737.00,13%,49.11,3.93
1/3/22,BisManOnline,,,,182.00,89.00,93.00,49%,0.05,0.00
1/3/22,Tokybook ,,,,11499.00,1969.00,9530.00,17%,1.47,0.12
1/3/22,Radio Texas Live,,,,35751.00,381.00,35370.00,1%,0.51,0.28
1/3/22,KLAQ,,,,128783.00,4205.00,124578.00,3%,6.18,1.30
1/3/22,KICKS 105,,,,12419.00,492.00,11927.00,4%,0.76,0.14
1/3/22,106.5 WYRK,,,,90513.00,1394.00,89119.00,2%,2.25,0.78
1/3/22,Buffalos 937 WBLK -The Peoples Station,,,,104788.00,2242.00,102546.00,2%,3.17,0.94
1/3/22,K2,,,,20053.00,584.00,19469.00,3%,0.95,0.20
1/3/22,101.5 WPDH,,,,52986.00,1828.00,51158.00,3%,2.55,0.54
1/3/22,97.3 KKRC,,,,19847.00,589.00,19258.00,3%,0.99,0.20
1/3/22,The Dawg 973,,,,37980.00,506.00,37474.00,1%,0.76,0.32
1/3/22,KNUE 1015 East Texas Country Station,,,,9835.00,979.00,8856.00,10%,1.80,0.19
1/2/22,Imgur,,,,10918254.00,971624.00,9946630.00,9%,3607.36,162.28
1/2/22,Wattpad,,,,4424694.00,1153315.00,3271379.00,26%,1742.33,253.56
1/2/22,MixerBox,,,,57201.00,16515.00,40686.00,29%,92.99,3.59
1/2/22,Lucktastic,,,,21334.00,5584.00,15750.00,26%,52.02,0.70
1/2/22,MixerBoxLite,,,,830745.00,39677.00,791068.00,5%,135.09,13.47
1/2/22,Kidoodle,,,,231187198.00,496255.00,230690943.00,0%,3934.31,1811.55
1/2/22,MocoSpace,,,,499222.00,184739.00,314483.00,37%,338.40,25.89
1/2/22,Online Plus,,,,1514357.00,134583.00,1379774.00,9%,774.87,29.78
1/2/22,Qlixar,,,,409025.00,128416.00,280609.00,31%,780.19,23.23
1/2/22,WeatherBug,,,,153934190.00,5392238.00,148541952.00,4%,7692.92,615.43
1/2/22,Droplist,,,,530145.00,260025.00,270120.00,49%,168.16,18.71
1/2/22,Growlr,,,,4996547.00,2132773.00,2863774.00,43%,510.57,55.79
1/2/22,The Times of India,,,,5434176.00,186492.00,5247684.00,3%,139.37,46.49
1/2/22,LiveMixTapes,,,,779755.00,255024.00,524731.00,33%,220.68,19.12
1/2/22,Instant News,,,,23542.00,18720.00,4822.00,80%,213.99,3.21
1/2/22,Dolphin,,,,5137.00,2241.00,2896.00,44%,2.31,0.40
1/2/22,MyDaily,,,,6380.00,3040.00,3340.00,48%,5.60,0.53
1/2/22,Everyday,,,,4222.00,477.00,3745.00,11%,2.07,0.10
1/2/22,The Feed,,,,172.00,25.00,147.00,15%,0.04,0.00
1/2/22,ShopSavvy,,,,15.00,9.00,6.00,60%,0.06,0.00
1/2/22,VladTV,,,,169714.00,42678.00,127036.00,25%,33.33,3.22
1/2/22,Crocodile,,,,21191.00,1972.00,19219.00,9%,4.89,0.43
1/2/22,QuizJP,,,,981.00,0.00,981.00,0%,0.00,0.01
1/2/22,QuizUS,,,,667.00,43.00,624.00,6%,0.49,0.01
1/2/22,PalTalk,,,,1233095.00,812743.00,420352.00,66%,244.17,20.03
1/2/22,Impala - Headlines,,,,654229.00,31294.00,622935.00,5%,313.95,8.43
1/2/22,Steps,,,,264996.00,79474.00,185522.00,30%,38.07,3.96
1/2/22,MyFitnessPal,,,,95225878.00,29594552.00,65631326.00,31%,7177.79,818.31
1/2/22,ShopKick,,,,1149888.00,70267.00,1079621.00,6%,302.56,21.61
1/2/22,Audiomack,,,,2365088.00,796445.00,1568643.00,34%,2633.35,142.65
1/2/22,Encyclopedia Britannica,,,,7032782.00,260199.00,6772583.00,4%,138.63,9.70
1/2/22,Scrabble Go,,,,10858841.00,365957.00,10492884.00,3%,2325.83,127.92
1/2/22,Camfrog,,,,1018531.00,689525.00,329006.00,68%,78.06,7.77
1/2/22,Flickr,,,,27416446.00,69746.00,27346700.00,0%,33.61,193.78
1/2/22,MeetMe,,,,2017292.00,500640.00,1516652.00,25%,852.47,109.90
1/2/22,StockTwits,,,,3987161.00,939153.00,3048008.00,24%,488.24,39.06
1/2/22,MyMixTapez,,,,5773032.00,1917.00,5771115.00,0%,9.95,40.90
1/2/22,Ultimate Classic Rock,,,,11883.00,481.00,11402.00,4%,0.60,0.12
1/2/22,Barstool Sports,,,,3411545.00,32410.00,3379135.00,1%,9.98,0.80
1/2/22,SwingU,,,,29068.00,3566.00,25502.00,12%,4.98,0.40
1/2/22,Reuters,,,,1102997.00,58128.00,1044869.00,5%,53.29,4.26
1/2/22,Funny Weather,,,,21315.00,912.00,20403.00,4%,4.05,0.43
1/2/22,VPN - Super Unlimited Proxy,,,,3359450.00,105286.00,3254164.00,3%,57.90,26.83
1/2/22,NJ 101.5,,,,200935.00,6373.00,194562.00,3%,7.64,1.90
1/2/22,WGRD,,,,10239.00,280.00,9959.00,3%,0.34,0.09
1/2/22,NewsTalk,,,,67230.00,599.00,66631.00,1%,0.63,0.51
1/2/22,WBLM,,,,18204.00,365.00,17839.00,2%,0.38,0.15
1/2/22,WJON,,,,22151.00,593.00,21558.00,3%,0.64,0.20
1/2/22,Tide,,,,11834.00,1066.00,10768.00,9%,0.82,0.13
1/2/22,KFR,,,,2044.00,62.00,1982.00,3%,0.08,0.02
1/2/22,WBCK,,,,8873.00,166.00,8707.00,2%,0.16,0.07
1/2/22,Cat Country,,,,6196.00,69.00,6127.00,1%,0.06,0.05
1/2/22,Mix 95.7FM,,,,8299.00,102.00,8197.00,1%,0.11,0.07
1/2/22,Memedroid,,,,183398.00,8320.00,175078.00,5%,1.14,0.09
1/2/22,Loudwire,,,,17671.00,557.00,17114.00,3%,0.48,0.15
1/2/22,XXL Mag,,,,14617.00,1444.00,13173.00,10%,1.21,0.18
1/2/22,ScoreStream,,,,1296.00,27.00,1269.00,2%,0.02,0.00
1/2/22,FreeUnblock VPN,,,,1843.00,42.00,1801.00,2%,0.02,0.00
1/2/22,HAR Texas,,,,662344.00,65714.00,596630.00,10%,54.19,4.34
1/2/22,Psiphon Pro,,,,13397134.00,7672.00,13389462.00,0%,13.11,1.05
1/2/22,Bracelet Book,,,,47426.00,869.00,46557.00,2%,0.36,0.03
1/2/22,Tumblr,,,,90124136.00,10228293.00,79895843.00,11%,2469.06,148.14
1/2/22,Wordfinder by WordTips,,,,523925.00,92305.00,431620.00,18%,146.35,11.71
1/2/22,PricePulse,,,,26946.00,315.00,26631.00,1%,0.37,0.03
1/2/22,Untappd,,,,259447.00,62216.00,197231.00,24%,49.26,3.94
1/2/22,Dice with Buddies,,,,409881.00,32880.00,377001.00,8%,208.13,11.45
1/2/22,Dice with Ellen,,,,212755.00,7403.00,205352.00,3%,42.98,2.36
1/2/22,Astrology Daily,,,,976.00,18.00,958.00,2%,0.03,0.00
1/2/22,Meetup,,,,356156.00,60548.00,295608.00,17%,66.64,5.33
1/2/22,BisManOnline,,,,129.00,63.00,66.00,49%,0.02,0.00
1/2/22,Tokybook ,,,,9433.00,1494.00,7939.00,16%,0.59,0.05
1/2/22,Radio Texas Live,,,,30499.00,254.00,30245.00,1%,0.34,0.24
1/2/22,KLAQ,,,,14959.00,351.00,14608.00,2%,0.47,0.14
1/2/22,KICKS 105,,,,5370.00,38.00,5332.00,1%,0.03,0.04
1/2/22,106.5 WYRK,,,,28708.00,363.00,28345.00,1%,0.54,0.24
1/2/22,Buffalos 937 WBLK -The Peoples Station,,,,40515.00,554.00,39961.00,1%,0.71,0.33
1/2/22,K2,,,,9173.00,86.00,9087.00,1%,0.15,0.07
1/2/22,101.5 WPDH,,,,22540.00,1205.00,21335.00,5%,1.79,0.27
1/2/22,97.3 KKRC,,,,5306.00,24.00,5282.00,0%,0.01,0.04
1/2/22,The Dawg 973,,,,122945.00,1122.00,121823.00,1%,1.59,0.96
1/2/22,KNUE 1015 East Texas Country Station,,,,5838.00,63.00,5775.00,1%,0.06,0.04
1/1/22,Imgur,,,,10624531.00,1141623.00,9482908.00,11%,4019.20,176.77
1/1/22,Wattpad,,,,3432484.00,1074243.00,2358241.00,31%,1766.42,231.36
1/1/22,MixerBox,,,,60779.00,21286.00,39493.00,35%,116.66,4.53
1/1/22,Lucktastic,,,,19132.00,5230.00,13902.00,27%,46.81,0.65
1/1/22,MixerBoxLite,,,,840429.00,41063.00,799366.00,5%,142.74,13.81
1/1/22,Kidoodle,,,,187922861.00,432726.00,187490135.00,0%,3481.14,1486.49
1/1/22,MocoSpace,,,,455802.00,206547.00,249255.00,45%,360.04,26.95
1/1/22,Online Plus,,,,1654177.00,163796.00,1490381.00,10%,979.19,35.30
1/1/22,Qlixar,,,,449783.00,139019.00,310764.00,31%,898.53,25.19
1/1/22,WeatherBug,,,,146842107.00,6280950.00,140561157.00,4%,9125.17,730.01
1/1/22,Droplist,,,,223873.00,117147.00,106726.00,52%,74.72,8.22
1/1/22,Growlr,,,,4630509.00,2089929.00,2540580.00,45%,560.82,57.04
1/1/22,The Times of India,,,,5119936.00,180406.00,4939530.00,4%,141.77,44.50
1/1/22,LiveMixTapes,,,,816476.00,302659.00,513817.00,37%,255.49,21.48
1/1/22,Instant News,,,,27852.00,19166.00,8686.00,69%,225.78,3.30
1/1/22,Dolphin,,,,5375.00,2453.00,2922.00,46%,2.60,0.43
1/1/22,MyDaily,,,,6188.00,3145.00,3043.00,51%,7.03,0.55
1/1/22,Everyday,,,,4235.00,378.00,3857.00,9%,2.26,0.08
1/1/22,The Feed,,,,184.00,34.00,150.00,18%,0.07,0.01
1/1/22,ShopSavvy,,,,8.00,1.00,7.00,13%,0.00,0.00
1/1/22,VladTV,,,,153238.00,42616.00,110622.00,28%,35.71,3.27
1/1/22,Crocodile,,,,21044.00,3073.00,17971.00,15%,7.77,0.61
1/1/22,QuizJP,,,,829.00,7.00,822.00,1%,0.05,0.01
1/1/22,QuizUS,,,,487.00,25.00,462.00,5%,0.17,0.01
1/1/22,PalTalk,,,,1315784.00,907222.00,408562.00,69%,295.55,23.55
1/1/22,Impala - Headlines,,,,742290.00,42781.00,699509.00,6%,440.70,10.77
1/1/22,Steps,,,,272246.00,88796.00,183450.00,33%,48.20,4.66
1/1/22,Timer+,,,,2.00,2.00,0.00,100%,0.00,0.00
1/1/22,MyFitnessPal,,,,69727376.00,23635221.00,46092155.00,34%,6070.89,626.19
1/1/22,ShopKick,,,,1096350.00,92742.00,1003608.00,8%,406.84,25.57
1/1/22,Audiomack,,,,2513939.00,904311.00,1609628.00,36%,2971.25,159.83
1/1/22,Encyclopedia Britannica,,,,6471395.00,251311.00,6220084.00,4%,162.09,11.35
1/1/22,Scrabble Go,,,,9031710.00,261452.00,8770258.00,3%,1704.19,93.73
1/1/22,Camfrog,,,,1109588.00,772842.00,336746.00,70%,93.52,8.90
1/1/22,Flickr,,,,23316626.00,69924.00,23246702.00,0%,36.52,165.28
1/1/22,MeetMe,,,,1420738.00,420308.00,1000430.00,30%,747.69,90.29
1/1/22,StockTwits,,,,3724416.00,993049.00,2731367.00,27%,506.33,40.51
1/1/22,MyMixTapez,,,,6252793.00,1687.00,6251106.00,0%,8.20,44.17
1/1/22,Ultimate Classic Rock,,,,11372.00,434.00,10938.00,4%,0.35,0.10
1/1/22,Barstool Sports,,,,3049818.00,19416.00,3030402.00,1%,6.76,0.54
1/1/22,SwingU,,,,20654.00,2859.00,17795.00,14%,4.76,0.38
1/1/22,Reuters,,,,1089594.00,63513.00,1026081.00,6%,64.66,5.17
1/1/22,Funny Weather,,,,19442.00,832.00,18610.00,4%,4.52,0.45
1/1/22,VPN - Super Unlimited Proxy,,,,3444199.00,112116.00,3332083.00,3%,73.75,28.49
1/1/22,NJ 101.5,,,,175432.00,4970.00,170462.00,3%,6.34,1.64
1/1/22,WGRD,,,,10441.00,494.00,9947.00,5%,0.68,0.12
1/1/22,NewsTalk,,,,99687.00,1508.00,98179.00,2%,1.29,0.78
1/1/22,WBLM,,,,39191.00,926.00,38265.00,2%,0.72,0.32
1/1/22,WJON,,,,23420.00,861.00,22559.00,4%,1.00,0.23
1/1/22,Tide,,,,87278.00,5323.00,81955.00,6%,4.44,0.88
1/1/22,KFR,,,,1793.00,79.00,1714.00,4%,0.09,0.02
1/1/22,WBCK,,,,8490.00,230.00,8260.00,3%,0.25,0.08
1/1/22,Cat Country,,,,9912.00,173.00,9739.00,2%,0.17,0.08
1/1/22,Mix 95.7FM,,,,8341.00,158.00,8183.00,2%,0.23,0.07
1/1/22,Memedroid,,,,190881.00,11846.00,179035.00,6%,1.81,0.14
1/1/22,Loudwire,,,,15657.00,710.00,14947.00,5%,0.70,0.15
1/1/22,XXL Mag,,,,12636.00,1236.00,11400.00,10%,1.05,0.15
1/1/22,ScoreStream,,,,1046.00,29.00,1017.00,3%,0.03,0.00
1/1/22,FreeUnblock VPN,,,,1965.00,23.00,1942.00,1%,0.00,0.00
1/1/22,HAR Texas,,,,492679.00,64788.00,427891.00,13%,60.56,4.84
1/1/22,Psiphon Pro,,,,13467618.00,9725.00,13457893.00,0%,14.96,1.20
1/1/22,Bracelet Book,,,,45962.00,952.00,45010.00,2%,0.44,0.04
1/1/22,Tumblr,,,,89307857.00,10542854.00,78765003.00,12%,2785.98,167.16
1/1/22,Wordfinder by WordTips,,,,468098.00,101062.00,367036.00,22%,176.09,14.09
1/1/22,PricePulse,,,,27189.00,762.00,26427.00,3%,1.12,0.09
1/1/22,Untappd,,,,356320.00,103729.00,252591.00,29%,96.39,7.71
1/1/22,Dice with Buddies,,,,369608.00,19408.00,350200.00,5%,121.13,6.66
1/1/22,Dice with Ellen,,,,198811.00,8410.00,190401.00,4%,46.76,2.57
1/1/22,Astrology Daily,,,,1045.00,26.00,1019.00,2%,0.07,0.01
1/1/22,Meetup,,,,343067.00,68727.00,274340.00,20%,83.67,6.69
1/1/22,BisManOnline,,,,83.00,16.00,67.00,19%,0.01,0.00
1/1/22,Tokybook ,,,,12170.00,1634.00,10536.00,13%,0.53,0.04
1/1/22,Radio Texas Live,,,,30129.00,228.00,29901.00,1%,0.29,0.23
1/1/22,KLAQ,,,,12269.00,547.00,11722.00,4%,0.81,0.14
1/1/22,KICKS 105,,,,6655.00,42.00,6613.00,1%,0.15,0.06
1/1/22,106.5 WYRK,,,,36952.00,679.00,36273.00,2%,0.99,0.32
1/1/22,Buffalos 937 WBLK -The Peoples Station,,,,69691.00,1507.00,68184.00,2%,2.14,0.63
1/1/22,K2,,,,15931.00,216.00,15715.00,1%,0.29,0.13
1/1/22,101.5 WPDH,,,,27407.00,779.00,26628.00,3%,1.08,0.26
1/1/22,97.3 KKRC,,,,8192.00,85.00,8107.00,1%,0.09,0.06
1/1/22,The Dawg 973,,,,39193.00,574.00,38619.00,1%,0.86,0.33
1/1/22,KNUE 1015 East Texas Country Station,,,,5314.00,57.00,5257.00,1%,0.08,0.04