Date,Publisher,Billing Type,Filled Rate,Unfilled Rate,Total Auctions,Successful,Unfilled,Completed Auctions Rate,Publisher Revenue,Nimbus Revenue
3/16/22,Imgur,,,,6543761.00,576467.00,5967294.00,9%,1553.87,98.42
3/16/22,Wattpad,,,,1940769.00,641739.00,1299030.00,33%,1193.46,137.44
3/16/22,MixerBox,,,,30501.00,11551.00,18950.00,38%,67.59,2.44
3/16/22,MixerBoxLite,,,,890789.00,100329.00,790460.00,11%,61.15,25.60
3/16/22,Kidoodle,,,,102492540.00,623704.00,101868836.00,1%,4934.93,959.83
3/16/22,MocoSpace,,,,334871.00,248795.00,86076.00,74%,444.07,31.69
3/16/22,Online Plus,,,,2442813.00,579369.00,1863444.00,24%,1869.45,107.81
3/16/22,Qlixar,,,,997880.00,291757.00,706123.00,29%,1146.16,53.13
3/16/22,WeatherBug,,,,48117601.00,1338335.00,46779266.00,3%,1988.29,159.06
3/16/22,Droplist,,,,418328.00,170500.00,247828.00,41%,111.00,12.83
3/16/22,Growlr,,,,2907261.00,1373313.00,1533948.00,47%,502.64,45.92
3/16/22,The Times of India,,,,5054956.00,6174.00,5048782.00,0%,5.89,35.75
3/16/22,LiveMixTapes,,,,441467.00,196874.00,244593.00,45%,200.34,15.74
3/16/22,Instant News,,,,26529.00,19892.00,6637.00,75%,374.89,3.41
3/16/22,Dolphin,,,,2574.00,1299.00,1275.00,50%,1.52,0.23
3/16/22,MyDaily,,,,5126.00,4019.00,1107.00,78%,7.95,0.69
3/16/22,Everyday,,,,633.00,435.00,198.00,69%,2.40,0.07
3/16/22,First News,,,,798503.00,258366.00,540137.00,32%,497.18,46.62
3/16/22,The Feed,,,,226.00,61.00,165.00,27%,0.21,0.01
3/16/22,VladTV,,,,109182.00,43221.00,65961.00,40%,37.36,3.08
3/16/22,Crocodile,,,,3167.00,1380.00,1787.00,44%,3.45,0.24
3/16/22,QuizJP,,,,576.00,1.00,575.00,0%,0.01,0.00
3/16/22,QuizUS,,,,391.00,0.00,391.00,0%,0.00,0.00
3/16/22,PalTalk,,,,1171389.00,900960.00,270429.00,77%,242.08,18.84
3/16/22,Impala - Headlines,,,,421189.00,25770.00,395419.00,6%,115.69,6.36
3/16/22,Steps,,,,222297.00,52231.00,170066.00,24%,44.70,4.32
3/16/22,Timer+,,,,2.00,1.00,1.00,50%,0.00,0.00
3/16/22,MyFitnessPal,,,,922968.00,303301.00,619667.00,33%,91.46,8.91
3/16/22,ShopKick,,,,1595262.00,453973.00,1141289.00,28%,2505.44,98.78
3/16/22,Audiomack,,,,2736221.00,752180.00,1984041.00,27%,2138.25,120.80
3/16/22,Encyclopedia Britannica,,,,6559198.00,125061.00,6434137.00,2%,132.45,9.27
3/16/22,Scrabble Go,,,,3914227.00,831009.00,3083218.00,21%,4420.68,243.14
3/16/22,Wheel of Fortune,,,,172588.00,14686.00,157902.00,9%,133.45,7.34
3/16/22,Camfrog,,,,843755.00,588678.00,255077.00,70%,54.00,5.57
3/16/22,Flickr,,,,13176200.00,37882.00,13138318.00,0%,19.25,93.32
3/16/22,MeetMe,,,,1149485.00,316077.00,833408.00,28%,550.10,68.70
3/16/22,StockTwits,,,,7084506.00,433975.00,6650531.00,6%,143.22,11.46
3/16/22,Ultimate Classic Rock,,,,11118.00,681.00,10437.00,6%,0.93,0.14
3/16/22,Barstool Sports,,,,2520525.00,102309.00,2418216.00,4%,22.19,1.78
3/16/22,SwingU,,,,14367.00,2138.00,12229.00,15%,4.07,0.33
3/16/22,Reuters,,,,1878009.00,29562.00,1848447.00,2%,27.83,2.23
3/16/22,Funny Weather,,,,5283.00,971.00,4312.00,18%,2.91,0.23
3/16/22,VPN - Super Unlimited Proxy,,,,4684184.00,34972.00,4649212.00,1%,54.96,36.39
3/16/22,NJ 101.5,,,,528429.00,9922.00,518507.00,2%,27.21,5.53
3/16/22,WGRD,,,,227328.00,9770.00,217558.00,4%,16.27,2.66
3/16/22,NewsTalk,,,,222040.00,9180.00,212860.00,4%,10.42,2.22
3/16/22,WBLM,,,,42932.00,1924.00,41008.00,4%,2.23,0.44
3/16/22,WJON,,,,30362.00,1716.00,28646.00,6%,2.39,0.37
3/16/22,Tide,,,,26619.00,3604.00,23015.00,14%,3.00,0.37
3/16/22,KFR,,,,2751.00,309.00,2442.00,11%,0.43,0.05
3/16/22,WBCK,,,,22862.00,1344.00,21518.00,6%,1.54,0.26
3/16/22,Cat Country,,,,55610.00,3025.00,52585.00,5%,4.34,0.67
3/16/22,Mix 95.7FM,,,,18302.00,1039.00,17263.00,6%,1.30,0.21
3/16/22,Memedroid,,,,581206.00,5098.00,576108.00,1%,1.44,0.12
3/16/22,Loudwire,,,,14786.00,2235.00,12551.00,15%,3.27,0.32
3/16/22,XXL Mag,,,,7574.00,1650.00,5924.00,22%,1.59,0.15
3/16/22,ScoreStream,,,,616.00,39.00,577.00,6%,0.06,0.00
3/16/22,FreeUnblock VPN,,,,363.00,20.00,343.00,6%,0.00,0.00
3/16/22,HAR Texas,,,,432205.00,93439.00,338766.00,22%,89.48,7.16
3/16/22,Psiphon Pro,,,,13321564.00,1186244.00,12135320.00,9%,262.51,21.00
3/16/22,Bracelet Book,,,,20147.00,962.00,19185.00,5%,0.41,0.03
3/16/22,Tumblr,,,,52338624.00,2937137.00,49401487.00,6%,6244.29,374.66
3/16/22,Wordfinder by WordTips,,,,326380.00,84155.00,242225.00,26%,99.83,7.99
3/16/22,PricePulse,,,,15181.00,360.00,14821.00,2%,0.22,0.02
3/16/22,Untappd,,,,212819.00,20411.00,192408.00,10%,16.78,1.34
3/16/22,Dice with Buddies,,,,306193.00,21981.00,284212.00,7%,54.99,3.02
3/16/22,Yahtzee with Buddies,,,,1889520.00,99766.00,1789754.00,5%,406.02,22.33
3/16/22,Daily Mail Online / Mail Online,,,,10096654.00,392789.00,9703865.00,4%,400.32,28.02
3/16/22,Astrology Daily,,,,316.00,36.00,280.00,11%,0.07,0.01
3/16/22,Meetup,,,,138490.00,30946.00,107544.00,22%,49.21,3.94
3/16/22,BisManOnline,,,,9237.00,3349.00,5888.00,36%,3.26,0.26
3/16/22,Tokybook ,,,,12207.00,2741.00,9466.00,22%,2.10,0.17
3/16/22,Radio Texas Live,,,,17908.00,620.00,17288.00,3%,0.54,0.16
3/16/22,KLAQ,,,,79852.00,12028.00,67824.00,15%,8.68,1.08
3/16/22,KICKS 105,,,,7825.00,448.00,7377.00,6%,0.35,0.08
3/16/22,106.5 WYRK,,,,80171.00,4141.00,76030.00,5%,3.83,0.80
3/16/22,Buffalos 937 WBLK -The Peoples Station,,,,97320.00,6206.00,91114.00,6%,9.03,1.27
3/16/22,K2,,,,20957.00,617.00,20340.00,3%,0.67,0.19
3/16/22,101.5 WPDH,,,,35959.00,4456.00,31503.00,12%,3.46,0.46
3/16/22,97.3 KKRC,,,,14478.00,1314.00,13164.00,9%,1.69,0.21
3/16/22,The Dawg 973,,,,27818.00,1516.00,26302.00,5%,1.60,0.30
3/16/22,The Beet,,,,741.00,56.00,685.00,8%,0.02,0.01
3/16/22,KNUE 1015 East Texas Country Station,,,,7164.00,440.00,6724.00,6%,0.29,0.07
3/16/22,MyLaps,,,,10835.00,2635.00,8200.00,24%,0.17,0.01
3/16/22,Highway 98.9,,,,33553.00,1719.00,31834.00,5%,1.70,0.34
3/16/22,News Talk KIT,,,,31287.00,965.00,30322.00,3%,1.19,0.30
3/16/22,The Game 730 AM,,,,28070.00,2209.00,25861.00,8%,1.11,0.26
3/16/22,99.1 WFMK,,,,10445.00,464.00,9981.00,4%,0.36,0.10
3/16/22,981 Minnesotas New Country,,,,22236.00,906.00,21330.00,4%,1.01,0.22
3/16/22,97X,,,,65552.00,2057.00,63495.00,3%,2.03,0.59
3/16/22,KHAK 981,,,,29659.00,1070.00,28589.00,4%,1.46,0.30
3/16/22,FMX 945,,,,8679.00,1577.00,7102.00,18%,0.61,0.09
3/16/22,GNA,,,,36618.00,1322.00,35296.00,4%,1.27,0.34
3/16/22,Hudson Valley Post,,,,4036.00,362.00,3674.00,9%,0.59,0.07
3/16/22,92.9 Jack FM,,,,6138.00,339.00,5799.00,6%,0.28,0.06
3/15/22,Imgur,,,,10731014.00,647948.00,10083066.00,6%,1744.76,133.78
3/15/22,Wattpad,,,,2873778.00,1036733.00,1837045.00,36%,1930.59,220.21
3/15/22,MixerBox,,,,53951.00,20126.00,33825.00,37%,121.80,4.26
3/15/22,MixerBoxLite,,,,1170834.00,138656.00,1032178.00,12%,96.66,34.96
3/15/22,Kidoodle,,,,171584119.00,988498.00,170595621.00,1%,8147.12,1601.53
3/15/22,MocoSpace,,,,480308.00,351976.00,128332.00,73%,649.52,46.36
3/15/22,Online Plus,,,,4008204.00,1050761.00,2957443.00,26%,3365.85,193.42
3/15/22,Qlixar,,,,1737613.00,513966.00,1223647.00,30%,1992.68,93.49
3/15/22,WeatherBug,,,,75002940.00,2044447.00,72958493.00,3%,2972.61,237.81
3/15/22,Droplist,,,,279040.00,113712.00,165328.00,41%,70.49,8.21
3/15/22,Growlr,,,,4108613.00,2055337.00,2053276.00,50%,753.36,67.11
3/15/22,The Times of India,,,,9677572.00,139863.00,9537709.00,1%,158.46,77.86
3/15/22,LiveMixTapes,,,,785796.00,337411.00,448385.00,43%,349.73,27.62
3/15/22,Instant News,,,,45475.00,35046.00,10429.00,77%,658.05,6.01
3/15/22,Dolphin,,,,4699.00,2137.00,2562.00,45%,2.95,0.38
3/15/22,MyDaily,,,,10087.00,7018.00,3069.00,70%,14.38,1.21
3/15/22,Everyday,,,,1128.00,758.00,370.00,67%,4.43,0.13
3/15/22,First News,,,,1287692.00,459739.00,827953.00,36%,953.83,82.30
3/15/22,The Feed,,,,408.00,79.00,329.00,19%,0.19,0.02
3/15/22,ShopSavvy,,,,5.00,4.00,1.00,80%,0.00,0.00
3/15/22,VladTV,,,,193374.00,80763.00,112611.00,42%,72.56,5.87
3/15/22,Crocodile,,,,10944.00,2602.00,8342.00,24%,6.74,0.48
3/15/22,QuizJP,,,,619.00,1.00,618.00,0%,0.01,0.00
3/15/22,QuizUS,,,,330.00,2.00,328.00,1%,0.02,0.00
3/15/22,PalTalk,,,,1969251.00,1534607.00,434644.00,78%,353.84,27.81
3/15/22,Impala - Headlines,,,,710165.00,56301.00,653864.00,8%,244.16,12.84
3/15/22,Steps,,,,367296.00,94364.00,272932.00,26%,80.22,7.53
3/15/22,MyFitnessPal,,,,1652566.00,595499.00,1057067.00,36%,181.22,16.46
3/15/22,ShopKick,,,,2398253.00,570859.00,1827394.00,24%,3135.59,126.96
3/15/22,Audiomack,,,,4288109.00,1216643.00,3071466.00,28%,3584.33,200.72
3/15/22,Encyclopedia Britannica,,,,8924646.00,201611.00,8723035.00,2%,199.52,13.97
3/15/22,Scrabble Go,,,,6982316.00,1497443.00,5484873.00,21%,6933.39,381.34
3/15/22,Wheel of Fortune,,,,263238.00,20662.00,242576.00,8%,172.27,9.47
3/15/22,Camfrog,,,,1326925.00,945673.00,381252.00,71%,83.02,8.48
3/15/22,Flickr,,,,19755028.00,58416.00,19696612.00,0%,29.40,139.93
3/15/22,MeetMe,,,,1679040.00,459824.00,1219216.00,27%,785.46,99.92
3/15/22,StockTwits,,,,11109311.00,706359.00,10402952.00,6%,214.64,17.17
3/15/22,Ultimate Classic Rock,,,,15941.00,883.00,15058.00,6%,1.12,0.18
3/15/22,Barstool Sports,,,,4444169.00,237439.00,4206730.00,5%,51.23,4.10
3/15/22,SwingU,,,,21919.00,3839.00,18080.00,18%,6.59,0.53
3/15/22,Reuters,,,,2497889.00,40249.00,2457640.00,2%,45.06,3.60
3/15/22,Funny Weather,,,,8309.00,1532.00,6777.00,18%,4.71,0.38
3/15/22,VPN - Super Unlimited Proxy,,,,6622879.00,86050.00,6536829.00,1%,116.02,53.88
3/15/22,NJ 101.5,,,,789761.00,14538.00,775223.00,2%,39.22,8.17
3/15/22,WGRD,,,,246601.00,11109.00,235492.00,5%,17.77,2.89
3/15/22,NewsTalk,,,,472624.00,19759.00,452865.00,4%,19.43,4.53
3/15/22,WBLM,,,,68847.00,4801.00,64046.00,7%,5.02,0.80
3/15/22,WJON,,,,50611.00,3308.00,47303.00,7%,4.57,0.65
3/15/22,Tide,,,,45762.00,7244.00,38518.00,16%,5.23,0.64
3/15/22,KFR,,,,4760.00,411.00,4349.00,9%,0.54,0.07
3/15/22,WBCK,,,,40545.00,2332.00,38213.00,6%,2.43,0.44
3/15/22,Cat Country,,,,72455.00,3826.00,68629.00,5%,4.82,0.82
3/15/22,Mix 95.7FM,,,,30339.00,1105.00,29234.00,4%,1.55,0.31
3/15/22,Memedroid,,,,898238.00,10332.00,887906.00,1%,2.72,0.22
3/15/22,Loudwire,,,,23918.00,4045.00,19873.00,17%,5.30,0.51
3/15/22,XXL Mag,,,,14433.00,3478.00,10955.00,24%,3.68,0.33
3/15/22,ScoreStream,,,,825.00,11.00,814.00,1%,0.01,0.00
3/15/22,FreeUnblock VPN,,,,489.00,29.00,460.00,6%,0.00,0.00
3/15/22,HAR Texas,,,,712667.00,164749.00,547918.00,23%,149.81,11.98
3/15/22,Psiphon Pro,,,,15448681.00,1264628.00,14184053.00,8%,358.30,28.66
3/15/22,Bracelet Book,,,,38111.00,1839.00,36272.00,5%,0.71,0.06
3/15/22,Tumblr,,,,81739207.00,4114658.00,77624549.00,5%,8550.47,513.03
3/15/22,Wordfinder by WordTips,,,,493192.00,142418.00,350774.00,29%,170.02,13.60
3/15/22,PricePulse,,,,24051.00,611.00,23440.00,3%,0.40,0.03
3/15/22,Untappd,,,,656166.00,46107.00,610059.00,7%,38.69,3.10
3/15/22,Dice with Buddies,,,,407957.00,32810.00,375147.00,8%,75.09,4.13
3/15/22,Dice with Ellen,,,,1.00,0.00,1.00,0%,0.00,0.00
3/15/22,Yahtzee with Buddies,,,,2382672.00,155301.00,2227371.00,7%,619.92,34.10
3/15/22,Daily Mail Online / Mail Online,,,,15398111.00,595818.00,14802293.00,4%,547.10,38.30
3/15/22,Astrology Daily,,,,442.00,45.00,397.00,10%,0.11,0.01
3/15/22,Meetup,,,,219681.00,53517.00,166164.00,24%,89.08,7.13
3/15/22,BisManOnline,,,,15415.00,5100.00,10315.00,33%,5.19,0.42
3/15/22,Tokybook ,,,,19233.00,5551.00,13682.00,29%,4.41,0.35
3/15/22,Radio Texas Live,,,,40428.00,1629.00,38799.00,4%,1.33,0.36
3/15/22,KLAQ,,,,108838.00,17007.00,91831.00,16%,12.34,1.51
3/15/22,KICKS 105,,,,14077.00,632.00,13445.00,4%,0.57,0.13
3/15/22,106.5 WYRK,,,,112535.00,8637.00,103898.00,8%,7.76,1.27
3/15/22,Buffalos 937 WBLK -The Peoples Station,,,,120257.00,8891.00,111366.00,7%,10.71,1.53
3/15/22,K2,,,,29616.00,743.00,28873.00,3%,0.80,0.26
3/15/22,101.5 WPDH,,,,56494.00,8206.00,48288.00,15%,5.79,0.74
3/15/22,97.3 KKRC,,,,25515.00,2301.00,23214.00,9%,1.90,0.30
3/15/22,The Dawg 973,,,,47156.00,2236.00,44920.00,5%,1.84,0.44
3/15/22,The Beet,,,,2250.00,171.00,2079.00,8%,0.24,0.03
3/15/22,KNUE 1015 East Texas Country Station,,,,12760.00,468.00,12292.00,4%,0.21,0.10
3/15/22,MyLaps,,,,19536.00,4569.00,14967.00,23%,0.36,0.03
3/15/22,Highway 98.9,,,,37318.00,2419.00,34899.00,6%,1.67,0.36
3/15/22,News Talk KIT,,,,40753.00,1084.00,39669.00,3%,1.20,0.36
3/15/22,The Game 730 AM,,,,45044.00,3335.00,41709.00,7%,1.62,0.41
3/15/22,99.1 WFMK,,,,15972.00,540.00,15432.00,3%,0.41,0.14
3/15/22,981 Minnesotas New Country,,,,31423.00,1965.00,29458.00,6%,2.02,0.35
3/15/22,97X,,,,81826.00,2508.00,79318.00,3%,1.95,0.69
3/15/22,KHAK 981,,,,42551.00,1160.00,41391.00,3%,1.45,0.39
3/15/22,FMX 945,,,,15390.00,3512.00,11878.00,23%,1.26,0.17
3/15/22,GNA,,,,50330.00,2690.00,47640.00,5%,2.27,0.49
3/15/22,Hudson Valley Post,,,,5869.00,508.00,5361.00,9%,0.87,0.10
3/15/22,92.9 Jack FM,,,,8934.00,744.00,8190.00,8%,0.65,0.10
3/14/22,Imgur,,,,10972620.00,702951.00,10269669.00,6%,1850.02,140.62
3/14/22,Wattpad,,,,3109991.00,1141953.00,1968038.00,37%,1993.94,242.17
3/14/22,MixerBox,,,,50810.00,18497.00,32313.00,36%,105.69,3.93
3/14/22,MixerBoxLite,,,,1159500.00,136580.00,1022920.00,12%,90.98,34.48
3/14/22,Kidoodle,,,,169125063.00,1031215.00,168093848.00,1%,7771.37,1565.23
3/14/22,MocoSpace,,,,481291.00,351521.00,129770.00,73%,638.38,45.59
3/14/22,Online Plus,,,,3965169.00,1043209.00,2921960.00,26%,3255.27,191.96
3/14/22,Qlixar,,,,1710236.00,486271.00,1223965.00,28%,1849.82,88.79
3/14/22,WeatherBug,,,,67975320.00,1658042.00,66317278.00,2%,2506.62,200.53
3/14/22,Droplist,,,,404792.00,161990.00,242802.00,40%,101.44,11.84
3/14/22,Growlr,,,,4261815.00,2141408.00,2120407.00,50%,753.73,67.60
3/14/22,The Times of India,,,,8709228.00,133819.00,8575409.00,2%,149.17,70.47
3/14/22,LiveMixTapes,,,,759982.00,307933.00,452049.00,41%,315.15,25.22
3/14/22,Instant News,,,,43691.00,37577.00,6114.00,86%,708.16,6.42
3/14/22,Dolphin,,,,3716.00,1617.00,2099.00,44%,2.24,0.29
3/14/22,MyDaily,,,,9174.00,6773.00,2401.00,74%,14.53,1.16
3/14/22,Everyday,,,,1174.00,837.00,337.00,71%,5.61,0.14
3/14/22,First News,,,,1287271.00,438500.00,848771.00,34%,912.56,78.79
3/14/22,The Feed,,,,155.00,68.00,87.00,44%,0.21,0.01
3/14/22,ShopSavvy,,,,3.00,2.00,1.00,67%,0.04,0.00
3/14/22,VladTV,,,,194317.00,79867.00,114450.00,41%,78.72,6.31
3/14/22,Crocodile,,,,8666.00,3479.00,5187.00,40%,9.67,0.62
3/14/22,QuizJP,,,,442.00,1.00,441.00,0%,0.01,0.00
3/14/22,QuizUS,,,,477.00,3.00,474.00,1%,0.02,0.00
3/14/22,PalTalk,,,,1878816.00,1443571.00,435245.00,77%,349.19,27.49
3/14/22,Impala - Headlines,,,,698496.00,58041.00,640455.00,8%,251.29,13.07
3/14/22,Steps,,,,362502.00,94072.00,268430.00,26%,77.65,7.31
3/14/22,MyFitnessPal,,,,1696355.00,586467.00,1109888.00,35%,177.54,16.65
3/14/22,ShopKick,,,,2550811.00,554082.00,1996729.00,22%,3017.83,124.79
3/14/22,Audiomack,,,,4068700.00,1105882.00,2962818.00,27%,3284.10,184.94
3/14/22,Encyclopedia Britannica,,,,8869520.00,236009.00,8633511.00,3%,208.10,14.57
3/14/22,Scrabble Go,,,,7572318.00,1420643.00,6151675.00,19%,6940.39,381.72
3/14/22,Wheel of Fortune,,,,284543.00,23641.00,260902.00,8%,180.14,9.91
3/14/22,Camfrog,,,,1357369.00,973194.00,384175.00,72%,80.40,8.32
3/14/22,Flickr,,,,20829821.00,58668.00,20771153.00,0%,29.65,147.47
3/14/22,MeetMe,,,,1760882.00,450973.00,1309909.00,26%,762.39,98.81
3/14/22,StockTwits,,,,11588882.00,486280.00,11102602.00,4%,167.98,13.44
3/14/22,Ultimate Classic Rock,,,,16392.00,1236.00,15156.00,8%,1.67,0.22
3/14/22,Barstool Sports,,,,3963382.00,193169.00,3770213.00,5%,41.70,3.34
3/14/22,SwingU,,,,21374.00,3807.00,17567.00,18%,7.02,0.56
3/14/22,Reuters,,,,2326301.00,42332.00,2283969.00,2%,47.88,3.83
3/14/22,Funny Weather,,,,8194.00,1565.00,6629.00,19%,4.70,0.38
3/14/22,VPN - Super Unlimited Proxy,,,,7198112.00,66377.00,7131735.00,1%,71.91,54.96
3/14/22,NJ 101.5,,,,734248.00,14392.00,719856.00,2%,42.43,8.01
3/14/22,WGRD,,,,243915.00,11024.00,232891.00,5%,17.50,2.86
3/14/22,NewsTalk,,,,429189.00,17485.00,411704.00,4%,17.69,4.12
3/14/22,WBLM,,,,74074.00,3026.00,71048.00,4%,3.10,0.71
3/14/22,WJON,,,,49762.00,4113.00,45649.00,8%,5.86,0.73
3/14/22,Tide,,,,63612.00,8354.00,55258.00,13%,6.86,0.87
3/14/22,KFR,,,,3633.00,366.00,3267.00,10%,0.49,0.06
3/14/22,WBCK,,,,38184.00,2004.00,36180.00,5%,2.10,0.40
3/14/22,Cat Country,,,,63507.00,3154.00,60353.00,5%,3.42,0.66
3/14/22,Mix 95.7FM,,,,27602.00,767.00,26835.00,3%,1.13,0.27
3/14/22,Memedroid,,,,382426.00,15979.00,366447.00,4%,3.47,0.28
3/14/22,Loudwire,,,,25459.00,3041.00,22418.00,12%,4.22,0.45
3/14/22,XXL Mag,,,,12050.00,2397.00,9653.00,20%,2.48,0.24
3/14/22,ScoreStream,,,,804.00,46.00,758.00,6%,0.06,0.00
3/14/22,FreeUnblock VPN,,,,630.00,47.00,583.00,7%,0.00,0.00
3/14/22,HAR Texas,,,,680137.00,147725.00,532412.00,22%,151.07,12.09
3/14/22,Psiphon Pro,,,,15495365.00,1628655.00,13866710.00,11%,728.52,58.28
3/14/22,Bracelet Book,,,,37262.00,1749.00,35513.00,5%,0.77,0.06
3/14/22,Tumblr,,,,82111979.00,4032620.00,78079359.00,5%,8267.80,496.07
3/14/22,Wordfinder by WordTips,,,,518386.00,135440.00,382946.00,26%,169.99,13.60
3/14/22,PricePulse,,,,24815.00,644.00,24171.00,3%,0.48,0.04
3/14/22,Untappd,,,,674733.00,42287.00,632446.00,6%,34.70,2.78
3/14/22,Dice with Buddies,,,,395380.00,30443.00,364937.00,8%,67.80,3.73
3/14/22,Yahtzee with Buddies,,,,2332672.00,160696.00,2171976.00,7%,639.78,35.19
3/14/22,Daily Mail Online / Mail Online,,,,14783451.00,580061.00,14203390.00,4%,524.17,36.69
3/14/22,Astrology Daily,,,,458.00,49.00,409.00,11%,0.07,0.01
3/14/22,Meetup,,,,233440.00,49167.00,184273.00,21%,80.36,6.43
3/14/22,BisManOnline,,,,13978.00,6127.00,7851.00,44%,6.30,0.50
3/14/22,Tokybook ,,,,20655.00,5349.00,15306.00,26%,2.94,0.24
3/14/22,1point3acres,,,,8.00,0.00,8.00,0%,0.00,0.00
3/14/22,Radio Texas Live,,,,36660.00,1714.00,34946.00,5%,1.10,0.32
3/14/22,KLAQ,,,,115975.00,16450.00,99525.00,14%,11.75,1.52
3/14/22,KICKS 105,,,,13307.00,968.00,12339.00,7%,0.91,0.15
3/14/22,106.5 WYRK,,,,110043.00,6645.00,103398.00,6%,5.89,1.14
3/14/22,Buffalos 937 WBLK -The Peoples Station,,,,111254.00,6053.00,105201.00,5%,8.45,1.33
3/14/22,K2,,,,20012.00,481.00,19531.00,2%,0.63,0.18
3/14/22,101.5 WPDH,,,,50951.00,6815.00,44136.00,13%,4.86,0.65
3/14/22,97.3 KKRC,,,,20992.00,2255.00,18737.00,11%,2.38,0.30
3/14/22,The Dawg 973,,,,43943.00,1973.00,41970.00,4%,1.79,0.42
3/14/22,The Beet,,,,1390.00,119.00,1271.00,9%,0.16,0.02
3/14/22,KNUE 1015 East Texas Country Station,,,,11458.00,393.00,11065.00,3%,0.27,0.10
3/14/22,MyLaps,,,,34815.00,8615.00,26200.00,25%,0.61,0.05
3/14/22,Highway 98.9,,,,38008.00,1775.00,36233.00,5%,1.38,0.35
3/14/22,News Talk KIT,,,,40438.00,1307.00,39131.00,3%,1.50,0.38
3/14/22,The Game 730 AM,,,,42321.00,3842.00,38479.00,9%,2.07,0.41
3/14/22,99.1 WFMK,,,,14395.00,588.00,13807.00,4%,0.66,0.14
3/14/22,981 Minnesotas New Country,,,,39288.00,2104.00,37184.00,5%,2.25,0.42
3/14/22,97X,,,,79755.00,2034.00,77721.00,3%,2.59,0.73
3/14/22,KHAK 981,,,,43615.00,1547.00,42068.00,4%,1.91,0.43
3/14/22,FMX 945,,,,13762.00,2772.00,10990.00,20%,1.12,0.16
3/14/22,GNA,,,,46751.00,2135.00,44616.00,5%,1.71,0.43
3/14/22,Hudson Valley Post,,,,5510.00,468.00,5042.00,8%,0.82,0.09
3/14/22,92.9 Jack FM,,,,9344.00,683.00,8661.00,7%,0.64,0.11
3/13/22,Imgur,,,,12145537.00,650432.00,11495105.00,5%,1718.11,143.85
3/13/22,Wattpad,,,,3036028.00,1013419.00,2022609.00,33%,1733.16,216.84
3/13/22,MixerBox,,,,51929.00,18649.00,33280.00,36%,113.58,3.96
3/13/22,MixerBoxLite,,,,1263350.00,159312.00,1104038.00,13%,105.63,39.59
3/13/22,Kidoodle,,,,179587867.00,1613021.00,177974846.00,1%,12128.39,1852.24
3/13/22,MocoSpace,,,,476282.00,349864.00,126418.00,73%,633.49,45.23
3/13/22,Online Plus,,,,3943801.00,762268.00,3181533.00,19%,2351.89,145.49
3/13/22,Qlixar,,,,1670327.00,328780.00,1341547.00,20%,1219.21,62.60
3/13/22,WeatherBug,,,,69051894.00,1736795.00,67315099.00,3%,2454.21,196.34
3/13/22,Droplist,,,,363389.00,140880.00,222509.00,39%,93.80,10.94
3/13/22,Growlr,,,,4513901.00,2273017.00,2240884.00,50%,785.88,70.70
3/13/22,The Times of India,,,,10245949.00,231832.00,10014117.00,2%,221.49,85.60
3/13/22,LiveMixTapes,,,,791124.00,315729.00,475395.00,40%,325.46,26.11
3/13/22,Instant News,,,,41921.00,35620.00,6301.00,85%,666.83,6.09
3/13/22,Dolphin,,,,4718.00,2219.00,2499.00,47%,2.89,0.39
3/13/22,MyDaily,,,,10018.00,7205.00,2813.00,72%,13.65,1.24
3/13/22,Everyday,,,,1250.00,859.00,391.00,69%,5.44,0.15
3/13/22,First News,,,,1353279.00,444785.00,908494.00,33%,972.08,80.16
3/13/22,The Feed,,,,209.00,113.00,96.00,54%,0.29,0.02
3/13/22,ShopSavvy,,,,8.00,1.00,7.00,13%,0.00,0.00
3/13/22,VladTV,,,,179766.00,70229.00,109537.00,39%,69.97,5.66
3/13/22,Crocodile,,,,6786.00,3027.00,3759.00,45%,7.73,0.53
3/13/22,QuizJP,,,,357.00,0.00,357.00,0%,0.00,0.00
3/13/22,QuizUS,,,,231.00,3.00,228.00,1%,0.04,0.00
3/13/22,PalTalk,,,,1867213.00,1415420.00,451793.00,76%,350.08,27.67
3/13/22,Impala - Headlines,,,,664046.00,45337.00,618709.00,7%,195.19,10.80
3/13/22,Steps,,,,342306.00,83114.00,259192.00,24%,65.99,6.43
3/13/22,MyFitnessPal,,,,1301262.00,438880.00,862382.00,34%,131.74,12.62
3/13/22,ShopKick,,,,2719033.00,605063.00,2113970.00,22%,3302.11,135.81
3/13/22,Audiomack,,,,3585498.00,929784.00,2655714.00,26%,2608.53,149.02
3/13/22,Encyclopedia Britannica,,,,8044340.00,201997.00,7842343.00,3%,189.83,13.29
3/13/22,Scrabble Go,,,,8679352.00,1622551.00,7056801.00,19%,6890.65,378.99
3/13/22,Wheel of Fortune,,,,315158.00,25349.00,289809.00,8%,190.17,10.46
3/13/22,Camfrog,,,,1410652.00,1026250.00,384402.00,73%,82.66,8.48
3/13/22,Flickr,,,,23425712.00,59475.00,23366237.00,0%,29.77,165.65
3/13/22,MeetMe,,,,1791343.00,438224.00,1353119.00,24%,750.11,96.56
3/13/22,StockTwits,,,,3044884.00,115302.00,2929582.00,4%,50.83,4.07
3/13/22,Ultimate Classic Rock,,,,13720.00,845.00,12875.00,6%,1.24,0.18
3/13/22,Barstool Sports,,,,3961194.00,86265.00,3874929.00,2%,18.29,1.46
3/13/22,SwingU,,,,32665.00,4801.00,27864.00,15%,8.77,0.70
3/13/22,Reuters,,,,2638875.00,47589.00,2591286.00,2%,52.48,4.20
3/13/22,Funny Weather,,,,9132.00,1681.00,7451.00,18%,4.75,0.38
3/13/22,VPN - Super Unlimited Proxy,,,,6398950.00,56072.00,6342878.00,1%,70.83,49.36
3/13/22,NJ 101.5,,,,224236.00,6409.00,217827.00,3%,17.75,2.77
3/13/22,WGRD,,,,14048.00,1105.00,12943.00,8%,1.55,0.20
3/13/22,NewsTalk,,,,68709.00,2674.00,66035.00,4%,2.89,0.66
3/13/22,WBLM,,,,33689.00,1593.00,32096.00,5%,1.33,0.32
3/13/22,WJON,,,,21501.00,2233.00,19268.00,10%,3.04,0.35
3/13/22,Tide,,,,10529.00,1883.00,8646.00,18%,1.64,0.18
3/13/22,KFR,,,,2492.00,154.00,2338.00,6%,0.19,0.03
3/13/22,WBCK,,,,10355.00,462.00,9893.00,4%,0.47,0.10
3/13/22,Cat Country,,,,8810.00,256.00,8554.00,3%,0.28,0.08
3/13/22,Mix 95.7FM,,,,11006.00,110.00,10896.00,1%,0.12,0.08
3/13/22,Memedroid,,,,168101.00,12510.00,155591.00,7%,2.62,0.21
3/13/22,Loudwire,,,,19276.00,1307.00,17969.00,7%,1.61,0.24
3/13/22,XXL Mag,,,,15567.00,3478.00,12089.00,22%,4.39,0.39
3/13/22,ScoreStream,,,,1651.00,72.00,1579.00,4%,0.07,0.01
3/13/22,FreeUnblock VPN,,,,611.00,42.00,569.00,7%,0.00,0.00
3/13/22,HAR Texas,,,,731951.00,141189.00,590762.00,19%,163.09,13.05
3/13/22,Psiphon Pro,,,,14483185.00,1320915.00,13162270.00,9%,333.45,26.68
3/13/22,Bracelet Book,,,,47916.00,1963.00,45953.00,4%,0.91,0.07
3/13/22,Tumblr,,,,83078205.00,4391243.00,78686962.00,5%,9511.92,570.72
3/13/22,Wordfinder by WordTips,,,,560220.00,131038.00,429182.00,23%,164.51,13.16
3/13/22,PricePulse,,,,23112.00,620.00,22492.00,3%,0.51,0.04
3/13/22,Untappd,,,,1257112.00,92897.00,1164215.00,7%,75.99,6.08
3/13/22,Dice with Buddies,,,,395116.00,29247.00,365869.00,7%,74.70,4.11
3/13/22,Yahtzee with Buddies,,,,2234022.00,152241.00,2081781.00,7%,648.45,35.66
3/13/22,Daily Mail Online / Mail Online,,,,14453514.00,555490.00,13898024.00,4%,514.33,36.00
3/13/22,Astrology Daily,,,,396.00,40.00,356.00,10%,0.13,0.01
3/13/22,Meetup,,,,248396.00,49989.00,198407.00,20%,79.38,6.35
3/13/22,BisManOnline,,,,13332.00,5494.00,7838.00,41%,5.82,0.47
3/13/22,Tokybook ,,,,15138.00,4308.00,10830.00,28%,2.21,0.18
3/13/22,1point3acres,,,,29.00,0.00,29.00,0%,0.00,0.00
3/13/22,Radio Texas Live,,,,43076.00,2087.00,40989.00,5%,1.46,0.39
3/13/22,KLAQ,,,,15777.00,2409.00,13368.00,15%,2.01,0.23
3/13/22,KICKS 105,,,,5721.00,233.00,5488.00,4%,0.16,0.05
3/13/22,106.5 WYRK,,,,34607.00,2112.00,32495.00,6%,1.92,0.36
3/13/22,Buffalos 937 WBLK -The Peoples Station,,,,42646.00,2517.00,40129.00,6%,3.04,0.49
3/13/22,K2,,,,11981.00,493.00,11488.00,4%,0.32,0.10
3/13/22,101.5 WPDH,,,,25791.00,3140.00,22651.00,12%,2.29,0.32
3/13/22,97.3 KKRC,,,,4774.00,807.00,3967.00,17%,0.72,0.08
3/13/22,The Dawg 973,,,,175852.00,8532.00,167320.00,5%,7.80,1.72
3/13/22,The Beet,,,,748.00,71.00,677.00,9%,0.06,0.01
3/13/22,KNUE 1015 East Texas Country Station,,,,11862.00,250.00,11612.00,2%,0.20,0.10
3/13/22,MyLaps,,,,306996.00,61444.00,245552.00,20%,6.30,0.50
3/13/22,Highway 98.9,,,,2729.00,16.00,2713.00,1%,0.02,0.02
3/13/22,News Talk KIT,,,,11597.00,193.00,11404.00,2%,0.16,0.09
3/13/22,The Game 730 AM,,,,5047.00,243.00,4804.00,5%,0.18,0.05
3/13/22,99.1 WFMK,,,,3984.00,108.00,3876.00,3%,0.10,0.03
3/13/22,981 Minnesotas New Country,,,,40098.00,1453.00,38645.00,4%,1.42,0.37
3/13/22,97X,,,,14404.00,373.00,14031.00,3%,0.47,0.13
3/13/22,KHAK 981,,,,17931.00,344.00,17587.00,2%,0.44,0.15
3/13/22,FMX 945,,,,7202.00,803.00,6399.00,11%,0.31,0.07
3/13/22,GNA,,,,22916.00,946.00,21970.00,4%,0.73,0.20
3/13/22,Hudson Valley Post,,,,3535.00,217.00,3318.00,6%,0.32,0.05
3/13/22,92.9 Jack FM,,,,3741.00,326.00,3415.00,9%,0.23,0.04
3/12/22,Imgur,,,,11315068.00,647530.00,10667538.00,6%,1750.86,137.84
3/12/22,Wattpad,,,,2705473.00,934859.00,1770614.00,35%,1614.97,199.37
3/12/22,MixerBox,,,,52992.00,18883.00,34109.00,36%,114.61,4.02
3/12/22,MixerBoxLite,,,,1325278.00,157825.00,1167453.00,12%,103.90,39.74
3/12/22,Kidoodle,,,,189375278.00,1774336.00,187600942.00,1%,13053.60,1965.89
3/12/22,MocoSpace,,,,465210.00,344587.00,120623.00,74%,597.50,42.67
3/12/22,Online Plus,,,,3883133.00,800354.00,3082779.00,21%,2462.72,151.47
3/12/22,Qlixar,,,,1687706.00,327061.00,1360645.00,19%,1129.90,62.40
3/12/22,WeatherBug,,,,115464182.00,3850266.00,111613916.00,3%,5112.15,408.97
3/12/22,Droplist,,,,353852.00,140403.00,213449.00,40%,78.56,9.35
3/12/22,Growlr,,,,4526522.00,2294754.00,2231768.00,51%,789.63,70.90
3/12/22,The Times of India,,,,7737431.00,156873.00,7580558.00,2%,163.73,64.53
3/12/22,LiveMixTapes,,,,842873.00,327909.00,514964.00,39%,341.52,27.51
3/12/22,Instant News,,,,42513.00,35207.00,7306.00,83%,675.75,6.02
3/12/22,Dolphin,,,,4256.00,1758.00,2498.00,41%,2.19,0.31
3/12/22,MyDaily,,,,11840.00,8120.00,3720.00,69%,14.19,1.40
3/12/22,Everyday,,,,1267.00,742.00,525.00,59%,4.47,0.13
3/12/22,First News,,,,1339479.00,440152.00,899327.00,33%,1013.51,79.32
3/12/22,The Feed,,,,435.00,120.00,315.00,28%,0.30,0.02
3/12/22,ShopSavvy,,,,14.00,8.00,6.00,57%,0.01,0.00
3/12/22,VladTV,,,,181084.00,68109.00,112975.00,38%,67.65,5.53
3/12/22,Crocodile,,,,5944.00,2736.00,3208.00,46%,7.15,0.48
3/12/22,QuizJP,,,,544.00,1.00,543.00,0%,0.01,0.00
3/12/22,QuizUS,,,,283.00,1.00,282.00,0%,0.01,0.00
3/12/22,PalTalk,,,,1868557.00,1413786.00,454771.00,76%,355.47,28.07
3/12/22,Impala - Headlines,,,,702486.00,47891.00,654595.00,7%,210.38,11.41
3/12/22,Steps,,,,337463.00,81541.00,255922.00,24%,63.96,6.27
3/12/22,Timer+,,,,1.00,1.00,0.00,100%,0.00,0.00
3/12/22,MyFitnessPal,,,,1273299.00,432996.00,840303.00,34%,135.14,12.64
3/12/22,ShopKick,,,,2581960.00,549592.00,2032368.00,21%,3067.07,124.14
3/12/22,Audiomack,,,,3469037.00,930157.00,2538880.00,27%,2529.94,144.27
3/12/22,Encyclopedia Britannica,,,,7891788.00,194577.00,7697211.00,2%,190.82,13.36
3/12/22,Scrabble Go,,,,7327038.00,1317649.00,6009389.00,18%,6199.29,340.96
3/12/22,Wheel of Fortune,,,,304038.00,22257.00,281781.00,7%,160.62,8.83
3/12/22,Camfrog,,,,1461840.00,1063634.00,398206.00,73%,86.96,8.87
3/12/22,Flickr,,,,18426617.00,58446.00,18368171.00,0%,29.79,130.66
3/12/22,MeetMe,,,,1741073.00,456385.00,1284688.00,26%,805.98,99.63
3/12/22,StockTwits,,,,3305880.00,131674.00,3174206.00,4%,54.09,4.33
3/12/22,Ultimate Classic Rock,,,,14377.00,872.00,13505.00,6%,1.18,0.18
3/12/22,Barstool Sports,,,,3485876.00,80695.00,3405181.00,2%,18.37,1.47
3/12/22,SwingU,,,,30777.00,4385.00,26392.00,14%,7.90,0.63
3/12/22,Reuters,,,,2459070.00,40428.00,2418642.00,2%,44.15,3.53
3/12/22,Funny Weather,,,,10029.00,2053.00,7976.00,20%,6.68,0.52
3/12/22,VPN - Super Unlimited Proxy,,,,5713635.00,36838.00,5676797.00,1%,48.12,43.11
3/12/22,NJ 101.5,,,,281066.00,7074.00,273992.00,3%,19.84,3.31
3/12/22,WGRD,,,,33090.00,1901.00,31189.00,6%,3.29,0.45
3/12/22,NewsTalk,,,,90160.00,4005.00,86155.00,4%,3.07,0.82
3/12/22,WBLM,,,,40698.00,1911.00,38787.00,5%,2.11,0.42
3/12/22,WJON,,,,33056.00,4201.00,28855.00,13%,5.67,0.60
3/12/22,Tide,,,,11887.00,2462.00,9425.00,21%,2.19,0.22
3/12/22,KFR,,,,2284.00,162.00,2122.00,7%,0.20,0.03
3/12/22,WBCK,,,,20139.00,939.00,19200.00,5%,0.96,0.20
3/12/22,Cat Country,,,,15743.00,611.00,15132.00,4%,0.74,0.16
3/12/22,Mix 95.7FM,,,,10649.00,441.00,10208.00,4%,0.61,0.11
3/12/22,Memedroid,,,,152862.00,11020.00,141842.00,7%,2.46,0.20
3/12/22,Loudwire,,,,20901.00,2897.00,18004.00,14%,3.90,0.40
3/12/22,XXL Mag,,,,14627.00,2704.00,11923.00,18%,2.71,0.27
3/12/22,ScoreStream,,,,2465.00,55.00,2410.00,2%,0.04,0.00
3/12/22,FreeUnblock VPN,,,,570.00,31.00,539.00,5%,0.01,0.00
3/12/22,HAR Texas,,,,777009.00,155302.00,621707.00,20%,180.99,14.48
3/12/22,Psiphon Pro,,,,13935319.00,1046556.00,12888763.00,8%,205.07,16.41
3/12/22,Bracelet Book,,,,42609.00,1586.00,41023.00,4%,0.65,0.05
3/12/22,Tumblr,,,,79911781.00,4485838.00,75425943.00,6%,9728.07,583.68
3/12/22,Wordfinder by WordTips,,,,530208.00,132371.00,397837.00,25%,162.82,13.03
3/12/22,PricePulse,,,,22676.00,545.00,22131.00,2%,0.36,0.03
3/12/22,Untappd,,,,1187419.00,148692.00,1038727.00,13%,110.42,8.83
3/12/22,Dice with Buddies,,,,372546.00,25906.00,346640.00,7%,73.19,4.03
3/12/22,Yahtzee with Buddies,,,,2173303.00,131311.00,2041992.00,6%,556.39,30.60
3/12/22,Daily Mail Online / Mail Online,,,,12259824.00,483277.00,11776547.00,4%,448.63,31.40
3/12/22,Astrology Daily,,,,458.00,47.00,411.00,10%,0.13,0.01
3/12/22,Meetup,,,,254485.00,52284.00,202201.00,21%,82.46,6.60
3/12/22,BisManOnline,,,,13227.00,5368.00,7859.00,41%,4.93,0.39
3/12/22,Tokybook ,,,,14212.00,3421.00,10791.00,24%,2.35,0.19
3/12/22,1point3acres,,,,35.00,3.00,32.00,9%,0.00,0.00
3/12/22,Radio Texas Live,,,,39318.00,2339.00,36979.00,6%,1.43,0.36
3/12/22,KLAQ,,,,28751.00,4238.00,24513.00,15%,2.90,0.37
3/12/22,KICKS 105,,,,7931.00,241.00,7690.00,3%,0.20,0.07
3/12/22,106.5 WYRK,,,,53526.00,2921.00,50605.00,5%,2.40,0.52
3/12/22,Buffalos 937 WBLK -The Peoples Station,,,,65704.00,5209.00,60495.00,8%,5.32,0.80
3/12/22,K2,,,,17359.00,676.00,16683.00,4%,0.58,0.16
3/12/22,101.5 WPDH,,,,24595.00,3074.00,21521.00,13%,2.37,0.32
3/12/22,97.3 KKRC,,,,8392.00,1171.00,7221.00,14%,1.05,0.12
3/12/22,The Dawg 973,,,,35410.00,1612.00,33798.00,5%,1.41,0.34
3/12/22,The Beet,,,,872.00,96.00,776.00,11%,0.14,0.02
3/12/22,KNUE 1015 East Texas Country Station,,,,11051.00,399.00,10652.00,4%,0.45,0.11
3/12/22,MyLaps,,,,196763.00,33528.00,163235.00,17%,3.80,0.30
3/12/22,Highway 98.9,,,,3461.00,84.00,3377.00,2%,0.09,0.03
3/12/22,News Talk KIT,,,,13927.00,290.00,13637.00,2%,0.34,0.12
3/12/22,The Game 730 AM,,,,3037.00,278.00,2759.00,9%,0.22,0.03
3/12/22,99.1 WFMK,,,,5899.00,260.00,5639.00,4%,0.26,0.06
3/12/22,981 Minnesotas New Country,,,,14682.00,432.00,14250.00,3%,0.35,0.12
3/12/22,97X,,,,19408.00,712.00,18696.00,4%,0.71,0.18
3/12/22,KHAK 981,,,,20183.00,577.00,19606.00,3%,0.57,0.18
3/12/22,FMX 945,,,,11194.00,1666.00,9528.00,15%,0.74,0.12
3/12/22,GNA,,,,31551.00,1643.00,29908.00,5%,1.08,0.28
3/12/22,Hudson Valley Post,,,,4732.00,384.00,4348.00,8%,0.55,0.07
3/12/22,92.9 Jack FM,,,,4213.00,330.00,3883.00,8%,0.19,0.04
3/11/22,Imgur,,,,10382693.00,693797.00,9688896.00,7%,1901.71,135.66
3/11/22,Wattpad,,,,2471320.00,933957.00,1537363.00,38%,1750.88,197.55
3/11/22,MixerBox,,,,56046.00,20685.00,35361.00,37%,120.86,4.38
3/11/22,MixerBoxLite,,,,1239946.00,143343.00,1096603.00,12%,96.57,36.34
3/11/22,Kidoodle,,,,174448492.00,1482237.00,172966255.00,1%,11736.77,1797.60
3/11/22,MocoSpace,,,,463444.00,342867.00,120577.00,74%,612.57,43.72
3/11/22,Online Plus,,,,3729580.00,1069582.00,2659998.00,29%,3315.02,195.13
3/11/22,Qlixar,,,,1724387.00,426463.00,1297924.00,25%,1495.88,78.99
3/11/22,WeatherBug,,,,105656193.00,3449047.00,102207146.00,3%,5077.72,406.22
3/11/22,Droplist,,,,312010.00,128377.00,183633.00,41%,75.82,8.87
3/11/22,Growlr,,,,4235496.00,2114439.00,2121057.00,50%,746.98,67.14
3/11/22,The Times of India,,,,12686326.00,297601.00,12388725.00,2%,266.81,105.40
3/11/22,LiveMixTapes,,,,893529.00,378787.00,514742.00,42%,415.06,32.66
3/11/22,Instant News,,,,42862.00,37266.00,5596.00,87%,695.16,6.36
3/11/22,Dolphin,,,,4248.00,1833.00,2415.00,43%,2.21,0.32
3/11/22,MyDaily,,,,8993.00,6548.00,2445.00,73%,14.00,1.13
3/11/22,Everyday,,,,4294.00,1111.00,3183.00,26%,5.91,0.20
3/11/22,First News,,,,1221744.00,422358.00,799386.00,35%,986.37,75.80
3/11/22,The Feed,,,,243.00,117.00,126.00,48%,0.36,0.02
3/11/22,VladTV,,,,190184.00,69244.00,120940.00,36%,67.25,5.55
3/11/22,Crocodile,,,,7485.00,3721.00,3764.00,50%,10.07,0.65
3/11/22,QuizJP,,,,543.00,5.00,538.00,1%,0.03,0.00
3/11/22,QuizUS,,,,320.00,6.00,314.00,2%,0.05,0.00
3/11/22,PalTalk,,,,1827277.00,1391582.00,435695.00,76%,335.87,26.56
3/11/22,Impala - Headlines,,,,728063.00,67739.00,660324.00,9%,292.68,14.82
3/11/22,Steps,,,,353049.00,87155.00,265894.00,25%,70.61,6.80
3/11/22,MyFitnessPal,,,,1489220.00,524754.00,964466.00,35%,163.00,14.90
3/11/22,ShopKick,,,,2636489.00,632703.00,2003786.00,24%,3540.20,140.56
3/11/22,Audiomack,,,,3484967.00,992668.00,2492299.00,28%,2819.33,158.41
3/11/22,Encyclopedia Britannica,,,,8512684.00,226881.00,8285803.00,3%,220.98,15.47
3/11/22,Scrabble Go,,,,6957113.00,1229695.00,5727418.00,18%,6100.30,335.52
3/11/22,Wheel of Fortune,,,,258345.00,16366.00,241979.00,6%,104.64,5.76
3/11/22,Camfrog,,,,1362652.00,996551.00,366101.00,73%,83.51,8.41
3/11/22,Flickr,,,,16284558.00,59813.00,16224745.00,0%,30.88,115.73
3/11/22,MeetMe,,,,1580763.00,428651.00,1152112.00,27%,748.86,93.26
3/11/22,StockTwits,,,,10254692.00,408818.00,9845874.00,4%,145.13,11.61
3/11/22,Ultimate Classic Rock,,,,13669.00,996.00,12673.00,7%,1.26,0.18
3/11/22,Barstool Sports,,,,4107986.00,101768.00,4006218.00,2%,22.51,1.80
3/11/22,SwingU,,,,27688.00,4053.00,23635.00,15%,6.70,0.54
3/11/22,Reuters,,,,2388339.00,40772.00,2347567.00,2%,47.66,3.81
3/11/22,Funny Weather,,,,9563.00,1792.00,7771.00,19%,5.39,0.43
3/11/22,VPN - Super Unlimited Proxy,,,,5762340.00,41990.00,5720350.00,1%,53.48,43.79
3/11/22,NJ 101.5,,,,756249.00,13385.00,742864.00,2%,37.50,7.83
3/11/22,WGRD,,,,162604.00,8174.00,154430.00,5%,12.50,1.96
3/11/22,NewsTalk,,,,440561.00,20928.00,419633.00,5%,19.63,4.31
3/11/22,WBLM,,,,72801.00,3370.00,69431.00,5%,3.39,0.72
3/11/22,WJON,,,,57910.00,5962.00,51948.00,10%,8.51,0.96
3/11/22,Tide,,,,69392.00,7577.00,61815.00,11%,6.52,0.89
3/11/22,KFR,,,,4414.00,454.00,3960.00,10%,0.55,0.07
3/11/22,WBCK,,,,44671.00,2241.00,42430.00,5%,2.32,0.46
3/11/22,Cat Country,,,,66005.00,2741.00,63264.00,4%,3.29,0.67
3/11/22,Mix 95.7FM,,,,26894.00,1040.00,25854.00,4%,1.52,0.29
3/11/22,Memedroid,,,,170539.00,11684.00,158855.00,7%,2.46,0.20
3/11/22,Loudwire,,,,26092.00,4139.00,21953.00,16%,5.44,0.53
3/11/22,XXL Mag,,,,14775.00,2764.00,12011.00,19%,2.58,0.26
3/11/22,ScoreStream,,,,1951.00,31.00,1920.00,2%,0.02,0.00
3/11/22,FreeUnblock VPN,,,,604.00,50.00,554.00,8%,0.00,0.00
3/11/22,HAR Texas,,,,717011.00,153730.00,563281.00,21%,163.14,13.05
3/11/22,Psiphon Pro,,,,14083779.00,1245902.00,12837877.00,9%,246.02,19.68
3/11/22,Bracelet Book,,,,35088.00,1319.00,33769.00,4%,0.42,0.03
3/11/22,Tumblr,,,,80914496.00,4358252.00,76556244.00,5%,9995.73,599.74
3/11/22,Wordfinder by WordTips,,,,459639.00,123437.00,336202.00,27%,149.21,11.94
3/11/22,PricePulse,,,,22859.00,554.00,22305.00,2%,0.31,0.02
3/11/22,Untappd,,,,605044.00,130461.00,474583.00,22%,92.93,7.43
3/11/22,Dice with Buddies,,,,364215.00,28306.00,335909.00,8%,78.29,4.31
3/11/22,Yahtzee with Buddies,,,,2150248.00,114636.00,2035612.00,5%,402.23,22.12
3/11/22,Daily Mail Online / Mail Online,,,,9138626.00,397500.00,8741126.00,4%,368.90,25.82
3/11/22,Astrology Daily,,,,432.00,49.00,383.00,11%,0.06,0.00
3/11/22,Meetup,,,,234593.00,58454.00,176139.00,25%,98.04,7.84
3/11/22,BisManOnline,,,,13163.00,5375.00,7788.00,41%,5.06,0.40
3/11/22,Tokybook ,,,,16314.00,5089.00,11225.00,31%,4.46,0.36
3/11/22,1point3acres,,,,46.00,1.00,45.00,2%,0.00,0.00
3/11/22,Radio Texas Live,,,,30860.00,2116.00,28744.00,7%,1.11,0.28
3/11/22,KLAQ,,,,165983.00,23899.00,142084.00,14%,16.15,2.13
3/11/22,KICKS 105,,,,11016.00,177.00,10839.00,2%,0.18,0.09
3/11/22,106.5 WYRK,,,,100819.00,7921.00,92898.00,8%,7.03,1.14
3/11/22,Buffalos 937 WBLK -The Peoples Station,,,,122702.00,7842.00,114860.00,6%,9.90,1.50
3/11/22,K2,,,,26996.00,1268.00,25728.00,5%,1.45,0.28
3/11/22,101.5 WPDH,,,,50638.00,6707.00,43931.00,13%,4.67,0.63
3/11/22,97.3 KKRC,,,,20587.00,1842.00,18745.00,9%,1.26,0.22
3/11/22,The Dawg 973,,,,38435.00,2106.00,36329.00,5%,1.83,0.38
3/11/22,The Beet,,,,1563.00,174.00,1389.00,11%,0.17,0.02
3/11/22,KNUE 1015 East Texas Country Station,,,,11535.00,430.00,11105.00,4%,0.39,0.11
3/11/22,MyLaps,,,,40102.00,11918.00,28184.00,30%,1.30,0.10
3/11/22,Highway 98.9,,,,38342.00,2511.00,35831.00,7%,1.78,0.38
3/11/22,News Talk KIT,,,,39197.00,1000.00,38197.00,3%,1.14,0.35
3/11/22,The Game 730 AM,,,,35228.00,3753.00,31475.00,11%,1.51,0.33
3/11/22,99.1 WFMK,,,,16603.00,618.00,15985.00,4%,0.63,0.16
3/11/22,981 Minnesotas New Country,,,,20550.00,780.00,19770.00,4%,0.70,0.19
3/11/22,97X,,,,118589.00,4192.00,114397.00,4%,4.35,1.11
3/11/22,KHAK 981,,,,39600.00,1604.00,37996.00,4%,1.60,0.38
3/11/22,FMX 945,,,,12786.00,2497.00,10289.00,20%,0.96,0.14
3/11/22,GNA,,,,45394.00,2377.00,43017.00,5%,1.46,0.40
3/11/22,Hudson Valley Post,,,,7205.00,857.00,6348.00,12%,1.50,0.15
3/11/22,92.9 Jack FM,,,,7690.00,679.00,7011.00,9%,0.72,0.10
3/10/22,Imgur,,,,11361500.00,569757.00,10791743.00,5%,1593.00,130.71
3/10/22,Wattpad,,,,2507540.00,958847.00,1548693.00,38%,1766.97,202.61
3/10/22,MixerBox,,,,55752.00,19998.00,35754.00,36%,115.52,4.25
3/10/22,MixerBoxLite,,,,1215589.00,135864.00,1079725.00,11%,96.77,34.73
3/10/22,Kidoodle,,,,167067915.00,1484338.00,165583577.00,1%,10603.50,1689.26
3/10/22,MocoSpace,,,,469838.00,339522.00,130316.00,72%,623.55,44.56
3/10/22,Online Plus,,,,3679859.00,985440.00,2694419.00,27%,3026.25,181.00
3/10/22,Qlixar,,,,1685064.00,383126.00,1301938.00,23%,1373.60,71.64
3/10/22,WeatherBug,,,,86603828.00,2634675.00,83969153.00,3%,3873.78,309.90
3/10/22,Droplist,,,,600818.00,235865.00,364953.00,39%,138.78,16.43
3/10/22,Growlr,,,,4111071.00,1923885.00,2187186.00,47%,669.60,62.18
3/10/22,The Times of India,,,,17092601.00,231996.00,16860605.00,1%,219.57,133.39
3/10/22,LiveMixTapes,,,,830491.00,268419.00,562072.00,32%,293.86,24.50
3/10/22,Instant News,,,,42925.00,33988.00,8937.00,79%,584.40,5.82
3/10/22,Dolphin,,,,5041.00,2118.00,2923.00,42%,2.78,0.37
3/10/22,MyDaily,,,,8235.00,6173.00,2062.00,75%,13.75,1.06
3/10/22,Everyday,,,,968.00,662.00,306.00,68%,4.24,0.11
3/10/22,First News,,,,1220398.00,390371.00,830027.00,32%,940.84,70.51
3/10/22,The Feed,,,,139.00,63.00,76.00,45%,0.22,0.01
3/10/22,ShopSavvy,,,,2.00,2.00,0.00,100%,0.00,0.00
3/10/22,VladTV,,,,185541.00,58762.00,126779.00,32%,58.67,4.99
3/10/22,Crocodile,,,,8220.00,3797.00,4423.00,46%,10.47,0.67
3/10/22,QuizJP,,,,717.00,12.00,705.00,2%,0.08,0.01
3/10/22,QuizUS,,,,369.00,1.00,368.00,0%,0.01,0.00
3/10/22,PalTalk,,,,1915211.00,1475783.00,439428.00,77%,354.27,27.87
3/10/22,Impala - Headlines,,,,721393.00,75029.00,646364.00,10%,324.03,15.99
3/10/22,Steps,,,,355899.00,94845.00,261054.00,27%,73.37,6.96
3/10/22,MyFitnessPal,,,,1672004.00,454682.00,1217322.00,27%,116.82,14.36
3/10/22,ShopKick,,,,2342739.00,567646.00,1775093.00,24%,3169.78,125.95
3/10/22,Audiomack,,,,2992234.00,1041655.00,1950579.00,35%,2996.91,163.50
3/10/22,Encyclopedia Britannica,,,,9116767.00,255797.00,8860970.00,3%,259.64,18.17
3/10/22,Scrabble Go,,,,7238671.00,1146402.00,6092269.00,16%,4739.49,260.67
3/10/22,Wheel of Fortune,,,,258075.00,13455.00,244620.00,5%,78.26,4.30
3/10/22,Camfrog,,,,1363761.00,979472.00,384289.00,72%,78.35,8.17
3/10/22,Flickr,,,,13689003.00,59897.00,13629106.00,0%,27.65,97.34
3/10/22,MeetMe,,,,1667024.00,449204.00,1217820.00,27%,787.18,97.84
3/10/22,StockTwits,,,,10645450.00,399875.00,10245575.00,4%,146.49,11.72
3/10/22,Ultimate Classic Rock,,,,15201.00,1141.00,14060.00,8%,1.29,0.19
3/10/22,Barstool Sports,,,,3963085.00,68703.00,3894382.00,2%,15.81,1.26
3/10/22,SwingU,,,,21504.00,3438.00,18066.00,16%,6.41,0.51
3/10/22,Reuters,,,,2330926.00,40005.00,2290921.00,2%,42.61,3.41
3/10/22,Funny Weather,,,,9345.00,1520.00,7825.00,16%,4.62,0.38
3/10/22,VPN - Super Unlimited Proxy,,,,5571824.00,35823.00,5536001.00,1%,43.92,41.83
3/10/22,NJ 101.5,,,,757318.00,16213.00,741105.00,2%,45.57,8.38
3/10/22,WGRD,,,,169629.00,5688.00,163941.00,3%,9.34,1.80
3/10/22,NewsTalk,,,,474847.00,21217.00,453630.00,4%,20.26,4.59
3/10/22,WBLM,,,,73658.00,3478.00,70180.00,5%,3.62,0.74
3/10/22,WJON,,,,53564.00,4127.00,49437.00,8%,6.32,0.79
3/10/22,Tide,,,,48143.00,5510.00,42633.00,11%,4.46,0.61
3/10/22,KFR,,,,4848.00,508.00,4340.00,10%,0.55,0.07
3/10/22,WBCK,,,,40257.00,2115.00,38142.00,5%,2.29,0.43
3/10/22,Cat Country,,,,70047.00,2685.00,67362.00,4%,2.77,0.67
3/10/22,Mix 95.7FM,,,,26038.00,514.00,25524.00,2%,0.70,0.23
3/10/22,Memedroid,,,,175025.00,11506.00,163519.00,7%,2.64,0.21
3/10/22,Loudwire,,,,25155.00,3900.00,21255.00,16%,4.62,0.47
3/10/22,XXL Mag,,,,13293.00,2488.00,10805.00,19%,2.42,0.25
3/10/22,ScoreStream,,,,2353.00,60.00,2293.00,3%,0.05,0.00
3/10/22,FreeUnblock VPN,,,,650.00,42.00,608.00,6%,0.00,0.00
3/10/22,HAR Texas,,,,708896.00,125052.00,583844.00,18%,130.43,10.43
3/10/22,Psiphon Pro,,,,14307688.00,1033969.00,13273719.00,7%,249.68,19.97
3/10/22,Bracelet Book,,,,32845.00,979.00,31866.00,3%,0.33,0.03
3/10/22,Tumblr,,,,80782966.00,3737526.00,77045440.00,5%,8204.73,492.28
3/10/22,Wordfinder by WordTips,,,,475080.00,108423.00,366657.00,23%,128.34,10.27
3/10/22,PricePulse,,,,24129.00,593.00,23536.00,2%,0.31,0.02
3/10/22,Untappd,,,,433112.00,60683.00,372429.00,14%,50.01,4.00
3/10/22,Dice with Buddies,,,,370815.00,26494.00,344321.00,7%,76.00,4.18
3/10/22,Yahtzee with Buddies,,,,2214513.00,94545.00,2119968.00,4%,231.58,12.74
3/10/22,Daily Mail Online / Mail Online,,,,4212466.00,172718.00,4039748.00,4%,155.67,10.90
3/10/22,Astrology Daily,,,,462.00,58.00,404.00,13%,0.11,0.01
3/10/22,Meetup,,,,147645.00,42403.00,105242.00,29%,72.13,5.77
3/10/22,BisManOnline,,,,14252.00,4883.00,9369.00,34%,4.62,0.37
3/10/22,Tokybook ,,,,17686.00,5149.00,12537.00,29%,5.08,0.41
3/10/22,1point3acres,,,,55.00,1.00,54.00,2%,0.00,0.00
3/10/22,Radio Texas Live,,,,32373.00,2314.00,30059.00,7%,1.54,0.32
3/10/22,KLAQ,,,,162669.00,22477.00,140192.00,14%,15.15,2.04
3/10/22,KICKS 105,,,,13384.00,764.00,12620.00,6%,0.54,0.13
3/10/22,106.5 WYRK,,,,116912.00,8468.00,108444.00,7%,7.49,1.28
3/10/22,Buffalos 937 WBLK -The Peoples Station,,,,123826.00,8077.00,115749.00,7%,8.72,1.42
3/10/22,K2,,,,31477.00,1486.00,29991.00,5%,1.54,0.32
3/10/22,101.5 WPDH,,,,49979.00,6359.00,43620.00,13%,4.53,0.62
3/10/22,97.3 KKRC,,,,20101.00,2166.00,17935.00,11%,1.72,0.25
3/10/22,The Dawg 973,,,,46895.00,2466.00,44429.00,5%,1.84,0.44
3/10/22,The Beet,,,,1623.00,134.00,1489.00,8%,0.22,0.03
3/10/22,KNUE 1015 East Texas Country Station,,,,10686.00,497.00,10189.00,5%,0.51,0.11
3/10/22,MyLaps,,,,11747.00,2830.00,8917.00,24%,0.28,0.02
3/10/22,Highway 98.9,,,,45864.00,3460.00,42404.00,8%,2.46,0.47
3/10/22,News Talk KIT,,,,43045.00,1043.00,42002.00,2%,1.09,0.37
3/10/22,The Game 730 AM,,,,35315.00,3959.00,31356.00,11%,1.76,0.34
3/10/22,99.1 WFMK,,,,16445.00,691.00,15754.00,4%,0.59,0.15
3/10/22,981 Minnesotas New Country,,,,28007.00,1235.00,26772.00,4%,1.05,0.26
3/10/22,97X,,,,131535.00,4496.00,127039.00,3%,3.87,1.16
3/10/22,KHAK 981,,,,41906.00,1573.00,40333.00,4%,1.65,0.40
3/10/22,FMX 945,,,,12674.00,2360.00,10314.00,19%,0.85,0.13
3/10/22,GNA,,,,54512.00,3336.00,51176.00,6%,2.12,0.51
3/10/22,Hudson Valley Post,,,,6581.00,702.00,5879.00,11%,1.04,0.11
3/10/22,92.9 Jack FM,,,,7207.00,573.00,6634.00,8%,0.58,0.09
3/9/22,Imgur,,,,11597497.00,631227.00,10966270.00,5%,1880.78,137.71
3/9/22,Wattpad,,,,2603531.00,956271.00,1647260.00,37%,1738.95,202.79
3/9/22,MixerBox,,,,53745.00,18947.00,34798.00,35%,107.26,4.03
3/9/22,MixerBoxLite,,,,1234757.00,133886.00,1100871.00,11%,93.16,34.48
3/9/22,Kidoodle,,,,165750510.00,1584350.00,164166160.00,1%,11852.12,1741.77
3/9/22,MocoSpace,,,,435729.00,314561.00,121168.00,72%,571.24,40.83
3/9/22,Online Plus,,,,3748324.00,1025579.00,2722745.00,27%,3138.53,187.96
3/9/22,Qlixar,,,,1680395.00,364438.00,1315957.00,22%,1363.60,68.53
3/9/22,WeatherBug,,,,87476050.00,2656724.00,84819326.00,3%,3920.36,313.63
3/9/22,Droplist,,,,718143.00,295025.00,423118.00,41%,187.14,21.68
3/9/22,Growlr,,,,3991531.00,1920656.00,2070875.00,48%,668.76,61.31
3/9/22,The Times of India,,,,10438760.00,184653.00,10254107.00,2%,194.01,85.36
3/9/22,LiveMixTapes,,,,767390.00,265367.00,502023.00,35%,266.64,22.18
3/9/22,Instant News,,,,48582.00,36459.00,12123.00,75%,625.20,6.26
3/9/22,Dolphin,,,,4445.00,2143.00,2302.00,48%,2.76,0.38
3/9/22,MyDaily,,,,9435.00,6849.00,2586.00,73%,15.06,1.18
3/9/22,Everyday,,,,1094.00,755.00,339.00,69%,4.42,0.13
3/9/22,First News,,,,1180443.00,388043.00,792400.00,33%,912.01,69.93
3/9/22,The Feed,,,,165.00,76.00,89.00,46%,0.21,0.01
3/9/22,VladTV,,,,183776.00,62284.00,121492.00,34%,58.05,4.91
3/9/22,Crocodile,,,,12727.00,4334.00,8393.00,34%,11.69,0.78
3/9/22,QuizJP,,,,402.00,1.00,401.00,0%,0.01,0.00
3/9/22,QuizUS,,,,268.00,8.00,260.00,3%,0.06,0.00
3/9/22,PalTalk,,,,1832481.00,1385472.00,447009.00,76%,347.60,27.46
3/9/22,Impala - Headlines,,,,724676.00,66955.00,657721.00,9%,293.80,14.67
3/9/22,Steps,,,,351293.00,95941.00,255352.00,27%,70.98,6.76
3/9/22,Timer+,,,,1.00,0.00,1.00,0%,0.00,0.00
3/9/22,MyFitnessPal,,,,1718626.00,506571.00,1212055.00,29%,141.73,15.57
3/9/22,ShopKick,,,,2405826.00,585270.00,1820556.00,24%,3210.46,129.79
3/9/22,Audiomack,,,,2656581.00,1111525.00,1545056.00,42%,3104.83,166.06
3/9/22,Encyclopedia Britannica,,,,9287466.00,310326.00,8977140.00,3%,391.14,27.38
3/9/22,Scrabble Go,,,,7924137.00,999596.00,6924541.00,13%,3169.57,174.33
3/9/22,Wheel of Fortune,,,,257408.00,14945.00,242463.00,6%,91.14,5.01
3/9/22,Camfrog,,,,1383490.00,1036174.00,347316.00,75%,89.05,8.66
3/9/22,Flickr,,,,18872077.00,58790.00,18813287.00,0%,27.20,133.60
3/9/22,MeetMe,,,,1607717.00,431377.00,1176340.00,27%,745.47,93.94
3/9/22,StockTwits,,,,10953835.00,413734.00,10540101.00,4%,158.13,12.65
3/9/22,Ultimate Classic Rock,,,,14628.00,1146.00,13482.00,8%,1.32,0.19
3/9/22,Barstool Sports,,,,5109900.00,68817.00,5041083.00,1%,15.61,1.25
3/9/22,SwingU,,,,18517.00,2878.00,15639.00,16%,5.72,0.46
3/9/22,Reuters,,,,2813471.00,46471.00,2767000.00,2%,45.93,3.67
3/9/22,Funny Weather,,,,8057.00,1431.00,6626.00,18%,3.98,0.32
3/9/22,VPN - Super Unlimited Proxy,,,,5752837.00,30481.00,5722356.00,1%,36.64,42.62
3/9/22,NJ 101.5,,,,812255.00,13813.00,798442.00,2%,39.22,8.33
3/9/22,WGRD,,,,179055.00,7829.00,171226.00,4%,12.65,2.08
3/9/22,NewsTalk,,,,484869.00,18502.00,466367.00,4%,19.24,4.61
3/9/22,WBLM,,,,70687.00,4074.00,66613.00,6%,3.89,0.74
3/9/22,WJON,,,,54569.00,4182.00,50387.00,8%,5.99,0.77
3/9/22,Tide,,,,46967.00,5349.00,41618.00,11%,4.03,0.57
3/9/22,KFR,,,,5100.00,630.00,4470.00,12%,0.74,0.08
3/9/22,WBCK,,,,40419.00,1891.00,38528.00,5%,1.89,0.40
3/9/22,Cat Country,,,,76500.00,2707.00,73793.00,4%,3.06,0.73
3/9/22,Mix 95.7FM,,,,30359.00,1115.00,29244.00,4%,1.76,0.33
3/9/22,Memedroid,,,,177239.00,10736.00,166503.00,6%,2.29,0.18
3/9/22,Loudwire,,,,25643.00,4294.00,21349.00,17%,7.61,0.68
3/9/22,XXL Mag,,,,15641.00,3359.00,12282.00,21%,3.68,0.34
3/9/22,ScoreStream,,,,1761.00,32.00,1729.00,2%,0.03,0.00
3/9/22,FreeUnblock VPN,,,,636.00,48.00,588.00,8%,0.00,0.00
3/9/22,HAR Texas,,,,729195.00,130810.00,598385.00,18%,134.69,10.78
3/9/22,Psiphon Pro,,,,14270355.00,1031351.00,13239004.00,7%,163.64,13.09
3/9/22,Bracelet Book,,,,34839.00,1309.00,33530.00,4%,0.54,0.04
3/9/22,Tumblr,,,,80798529.00,4260137.00,76538392.00,5%,9090.91,545.45
3/9/22,Wordfinder by WordTips,,,,489700.00,112392.00,377308.00,23%,135.12,10.81
3/9/22,PricePulse,,,,24289.00,623.00,23666.00,3%,0.42,0.03
3/9/22,Untappd,,,,373499.00,62051.00,311448.00,17%,40.95,3.28
3/9/22,Dice with Buddies,,,,372865.00,21740.00,351125.00,6%,76.79,4.22
3/9/22,Yahtzee with Buddies,,,,2169438.00,74666.00,2094772.00,3%,218.10,12.00
3/9/22,Daily Mail Online / Mail Online,,,,4127257.00,153183.00,3974074.00,4%,143.43,10.04
3/9/22,Astrology Daily,,,,465.00,62.00,403.00,13%,0.07,0.01
3/9/22,Meetup,,,,111446.00,40333.00,71113.00,36%,83.01,6.64
3/9/22,BisManOnline,,,,13701.00,5261.00,8440.00,38%,4.84,0.39
3/9/22,Resty,,,,4879.00,18.00,4861.00,0%,0.00,0.00
3/9/22,Tokybook ,,,,17280.00,4440.00,12840.00,26%,3.04,0.24
3/9/22,1point3acres,,,,37.00,1.00,36.00,3%,0.00,0.00
3/9/22,Radio Texas Live,,,,32009.00,2062.00,29947.00,6%,1.65,0.33
3/9/22,KLAQ,,,,170575.00,22771.00,147804.00,13%,14.83,2.07
3/9/22,KICKS 105,,,,15469.00,454.00,15015.00,3%,0.42,0.13
3/9/22,106.5 WYRK,,,,112093.00,6885.00,105208.00,6%,6.65,1.20
3/9/22,Buffalos 937 WBLK -The Peoples Station,,,,116944.00,8723.00,108221.00,7%,8.53,1.35
3/9/22,K2,,,,30291.00,1257.00,29034.00,4%,1.48,0.31
3/9/22,101.5 WPDH,,,,52381.00,6291.00,46090.00,12%,4.94,0.67
3/9/22,97.3 KKRC,,,,23163.00,2089.00,21074.00,9%,1.49,0.25
3/9/22,The Dawg 973,,,,48081.00,2627.00,45454.00,5%,1.92,0.45
3/9/22,The Beet,,,,1873.00,126.00,1747.00,7%,0.15,0.02
3/9/22,KNUE 1015 East Texas Country Station,,,,12982.00,541.00,12441.00,4%,0.37,0.11
3/9/22,MyLaps,,,,14218.00,3192.00,11026.00,22%,0.40,0.03
3/9/22,Highway 98.9,,,,40114.00,2462.00,37652.00,6%,2.41,0.43
3/9/22,News Talk KIT,,,,37240.00,967.00,36273.00,3%,0.96,0.32
3/9/22,The Game 730 AM,,,,36493.00,3693.00,32800.00,10%,1.78,0.35
3/9/22,99.1 WFMK,,,,15299.00,900.00,14399.00,6%,0.69,0.15
3/9/22,981 Minnesotas New Country,,,,26565.00,1152.00,25413.00,4%,0.68,0.23
3/9/22,97X,,,,129837.00,3374.00,126463.00,3%,3.09,1.10
3/9/22,KHAK 981,,,,48933.00,1857.00,47076.00,4%,1.78,0.45
3/9/22,FMX 945,,,,14637.00,2930.00,11707.00,20%,1.35,0.18
3/9/22,GNA,,,,48270.00,2847.00,45423.00,6%,1.87,0.45
3/9/22,Hudson Valley Post,,,,7777.00,655.00,7122.00,8%,0.91,0.11
3/9/22,92.9 Jack FM,,,,6495.00,375.00,6120.00,6%,0.27,0.06
3/8/22,Imgur,,,,10875170.00,612435.00,10262735.00,6%,1836.95,130.82
3/8/22,Wattpad,,,,2689983.00,1045211.00,1644772.00,39%,1727.37,220.56
3/8/22,MixerBox,,,,55117.00,20558.00,34559.00,37%,118.04,4.35
3/8/22,MixerBoxLite,,,,1225973.00,136186.00,1089787.00,11%,95.73,34.87
3/8/22,Kidoodle,,,,150975616.00,1240287.00,149735329.00,1%,9659.87,1531.14
3/8/22,MocoSpace,,,,464350.00,330454.00,133896.00,71%,593.34,42.47
3/8/22,Online Plus,,,,3615685.00,990781.00,2624904.00,27%,3024.63,181.56
3/8/22,Qlixar,,,,1646854.00,415205.00,1231649.00,25%,1611.23,76.74
3/8/22,WeatherBug,,,,84186458.00,2632952.00,81553506.00,3%,3623.77,289.90
3/8/22,Droplist,,,,449055.00,196547.00,252508.00,44%,121.68,13.94
3/8/22,Growlr,,,,4090270.00,1992021.00,2098249.00,49%,687.15,62.79
3/8/22,The Times of India,,,,9158266.00,154389.00,9003877.00,2%,168.81,74.84
3/8/22,LiveMixTapes,,,,785702.00,289422.00,496280.00,37%,299.75,24.46
3/8/22,Instant News,,,,43173.00,29108.00,14065.00,67%,476.36,5.02
3/8/22,Dolphin,,,,4120.00,1713.00,2407.00,42%,2.30,0.30
3/8/22,MyDaily,,,,9885.00,7249.00,2636.00,73%,14.31,1.25
3/8/22,Everyday,,,,857.00,592.00,265.00,69%,3.52,0.10
3/8/22,First News,,,,1083256.00,351986.00,731270.00,32%,805.79,63.49
3/8/22,The Feed,,,,173.00,97.00,76.00,56%,0.25,0.02
3/8/22,VladTV,,,,199842.00,73259.00,126583.00,37%,63.53,5.33
3/8/22,Crocodile,,,,9600.00,3227.00,6373.00,34%,8.77,0.58
3/8/22,QuizJP,,,,718.00,2.00,716.00,0%,0.02,0.01
3/8/22,QuizUS,,,,555.00,4.00,551.00,1%,0.05,0.00
3/8/22,PalTalk,,,,1874191.00,1436909.00,437282.00,77%,317.67,25.30
3/8/22,Impala - Headlines,,,,713909.00,66444.00,647465.00,9%,292.87,14.53
3/8/22,Steps,,,,354621.00,97947.00,256674.00,28%,72.55,6.88
3/8/22,MyFitnessPal,,,,1796433.00,668493.00,1127940.00,37%,210.52,18.42
3/8/22,ShopKick,,,,2560223.00,548139.00,2012084.00,21%,2992.21,123.70
3/8/22,Audiomack,,,,2672627.00,1092761.00,1579866.00,41%,2999.52,161.04
3/8/22,Encyclopedia Britannica,,,,9189610.00,325764.00,8863846.00,4%,448.52,31.40
3/8/22,Scrabble Go,,,,9152640.00,1009179.00,8143461.00,11%,3626.17,199.44
3/8/22,Wheel of Fortune,,,,249423.00,11844.00,237579.00,5%,67.34,3.70
3/8/22,Camfrog,,,,1399339.00,1032253.00,367086.00,74%,86.20,8.60
3/8/22,Flickr,,,,20695291.00,58556.00,20636735.00,0%,26.85,146.34
3/8/22,MeetMe,,,,1841450.00,427719.00,1413731.00,23%,740.99,94.87
3/8/22,StockTwits,,,,11844918.00,509757.00,11335161.00,4%,170.96,13.68
3/8/22,Ultimate Classic Rock,,,,16354.00,1417.00,14937.00,9%,1.99,0.24
3/8/22,Barstool Sports,,,,4960211.00,96158.00,4864053.00,2%,21.61,1.73
3/8/22,SwingU,,,,18464.00,2734.00,15730.00,15%,4.88,0.39
3/8/22,Reuters,,,,2774077.00,46870.00,2727207.00,2%,47.54,3.80
3/8/22,Funny Weather,,,,8455.00,1280.00,7175.00,15%,4.05,0.33
3/8/22,VPN - Super Unlimited Proxy,,,,5659605.00,18987.00,5640618.00,0%,26.68,41.35
3/8/22,NJ 101.5,,,,814817.00,12858.00,801959.00,2%,38.20,8.29
3/8/22,WGRD,,,,251791.00,10349.00,241442.00,4%,16.48,2.84
3/8/22,NewsTalk,,,,485803.00,19118.00,466685.00,4%,19.38,4.62
3/8/22,WBLM,,,,75373.00,4646.00,70727.00,6%,4.62,0.82
3/8/22,WJON,,,,51893.00,3955.00,47938.00,8%,5.59,0.73
3/8/22,Tide,,,,46198.00,5894.00,40304.00,13%,5.20,0.65
3/8/22,KFR,,,,4486.00,331.00,4155.00,7%,0.39,0.06
3/8/22,WBCK,,,,35919.00,1834.00,34085.00,5%,2.11,0.39
3/8/22,Cat Country,,,,77393.00,3034.00,74359.00,4%,4.03,0.80
3/8/22,Mix 95.7FM,,,,28203.00,809.00,27394.00,3%,1.06,0.27
3/8/22,Memedroid,,,,169959.00,10203.00,159756.00,6%,2.45,0.20
3/8/22,Loudwire,,,,24145.00,4211.00,19934.00,17%,5.21,0.50
3/8/22,XXL Mag,,,,14524.00,3071.00,11453.00,21%,3.30,0.31
3/8/22,ScoreStream,,,,926.00,26.00,900.00,3%,0.02,0.00
3/8/22,FreeUnblock VPN,,,,614.00,41.00,573.00,7%,0.00,0.00
3/8/22,HAR Texas,,,,744296.00,137510.00,606786.00,18%,143.52,11.48
3/8/22,Psiphon Pro,,,,14287956.00,1112892.00,13175064.00,8%,194.44,15.56
3/8/22,Bracelet Book,,,,33034.00,1542.00,31492.00,5%,0.68,0.05
3/8/22,Tumblr,,,,81472509.00,4531025.00,76941484.00,6%,9638.69,578.32
3/8/22,Wordfinder by WordTips,,,,487537.00,120494.00,367043.00,25%,133.82,10.71
3/8/22,PricePulse,,,,24067.00,660.00,23407.00,3%,0.56,0.04
3/8/22,Untappd,,,,344410.00,70330.00,274080.00,20%,44.84,3.59
3/8/22,Dice with Buddies,,,,424994.00,22357.00,402637.00,5%,71.31,3.92
3/8/22,Yahtzee with Buddies,,,,2679511.00,90122.00,2589389.00,3%,265.68,14.61
3/8/22,Daily Mail Online / Mail Online,,,,4204226.00,177963.00,4026263.00,4%,148.86,10.42
3/8/22,Astrology Daily,,,,518.00,52.00,466.00,10%,0.08,0.01
3/8/22,Meetup,,,,113242.00,40424.00,72818.00,36%,89.29,7.14
3/8/22,BisManOnline,,,,13872.00,4425.00,9447.00,32%,4.04,0.32
3/8/22,Tokybook ,,,,17019.00,4565.00,12454.00,27%,2.66,0.21
3/8/22,1point3acres,,,,72.00,3.00,69.00,4%,0.00,0.00
3/8/22,Radio Texas Live,,,,38650.00,2154.00,36496.00,6%,1.28,0.35
3/8/22,KLAQ,,,,168637.00,20076.00,148561.00,12%,13.09,1.96
3/8/22,KICKS 105,,,,15148.00,509.00,14639.00,3%,0.56,0.14
3/8/22,106.5 WYRK,,,,120709.00,7571.00,113138.00,6%,6.78,1.27
3/8/22,Buffalos 937 WBLK -The Peoples Station,,,,117201.00,10215.00,106986.00,9%,11.10,1.53
3/8/22,K2,,,,26622.00,1272.00,25350.00,5%,1.61,0.29
3/8/22,101.5 WPDH,,,,59490.00,6272.00,53218.00,11%,4.69,0.70
3/8/22,97.3 KKRC,,,,25151.00,2815.00,22336.00,11%,2.12,0.30
3/8/22,The Dawg 973,,,,49113.00,2595.00,46518.00,5%,2.32,0.49
3/8/22,The Beet,,,,1894.00,136.00,1758.00,7%,0.16,0.02
3/8/22,KNUE 1015 East Texas Country Station,,,,13326.00,579.00,12747.00,4%,0.42,0.12
3/8/22,MyLaps,,,,18028.00,5010.00,13018.00,28%,0.52,0.04
3/8/22,Highway 98.9,,,,42985.00,1864.00,41121.00,4%,1.76,0.41
3/8/22,News Talk KIT,,,,42418.00,1207.00,41211.00,3%,1.30,0.38
3/8/22,The Game 730 AM,,,,37341.00,3027.00,34314.00,8%,1.44,0.34
3/8/22,99.1 WFMK,,,,14555.00,506.00,14049.00,3%,0.52,0.13
3/8/22,981 Minnesotas New Country,,,,22965.00,997.00,21968.00,4%,0.81,0.21
3/8/22,97X,,,,124628.00,2942.00,121686.00,2%,2.54,1.03
3/8/22,KHAK 981,,,,45409.00,1475.00,43934.00,3%,1.47,0.41
3/8/22,FMX 945,,,,15295.00,2876.00,12419.00,19%,1.33,0.18
3/8/22,GNA,,,,51358.00,2753.00,48605.00,5%,1.96,0.48
3/8/22,Hudson Valley Post,,,,6400.00,444.00,5956.00,7%,0.80,0.10
3/8/22,92.9 Jack FM,,,,9790.00,706.00,9084.00,7%,0.45,0.10
3/7/22,Imgur,,,,11889412.00,914770.00,10974642.00,8%,3038.47,165.99
3/7/22,Wattpad,,,,3003065.00,1125917.00,1877148.00,37%,1777.04,238.32
3/7/22,MixerBox,,,,51729.00,18812.00,32917.00,36%,113.94,3.99
3/7/22,MixerBoxLite,,,,1177456.00,136400.00,1041056.00,12%,91.86,34.57
3/7/22,Kidoodle,,,,151218812.00,1165320.00,150053492.00,1%,8794.26,1490.09
3/7/22,MocoSpace,,,,476629.00,335338.00,141291.00,70%,599.00,42.92
3/7/22,Online Plus,,,,3524880.00,975181.00,2549699.00,28%,2965.46,178.53
3/7/22,Qlixar,,,,1628631.00,411514.00,1217117.00,25%,1695.39,76.04
3/7/22,WeatherBug,,,,106610593.00,3415047.00,103195546.00,3%,4900.19,392.02
3/7/22,Droplist,,,,778966.00,331990.00,446976.00,43%,199.13,23.04
3/7/22,Growlr,,,,4291078.00,2051456.00,2239622.00,48%,657.62,61.71
3/7/22,The Times of India,,,,12613681.00,181093.00,12432588.00,1%,199.66,101.00
3/7/22,LiveMixTapes,,,,782765.00,271288.00,511477.00,35%,284.45,23.49
3/7/22,Instant News,,,,41551.00,30171.00,11380.00,73%,501.72,5.19
3/7/22,Dolphin,,,,3952.00,1729.00,2223.00,44%,2.26,0.31
3/7/22,MyDaily,,,,9254.00,6415.00,2839.00,69%,13.60,1.10
3/7/22,Everyday,,,,916.00,624.00,292.00,68%,3.51,0.11
3/7/22,First News,,,,886738.00,297663.00,589075.00,34%,704.79,53.55
3/7/22,The Feed,,,,258.00,98.00,160.00,38%,0.28,0.02
3/7/22,ShopSavvy,,,,2.00,1.00,1.00,50%,0.00,0.00
3/7/22,VladTV,,,,169527.00,63094.00,106433.00,37%,57.57,4.77
3/7/22,Crocodile,,,,13407.00,4196.00,9211.00,31%,11.48,0.76
3/7/22,QuizUS,,,,196.00,10.00,186.00,5%,0.08,0.00
3/7/22,PalTalk,,,,1860784.00,1426719.00,434065.00,77%,303.38,24.28
3/7/22,Impala - Headlines,,,,690946.00,70664.00,620282.00,10%,305.82,15.11
3/7/22,Steps,,,,354286.00,97278.00,257008.00,27%,74.01,6.98
3/7/22,MyFitnessPal,,,,55358701.00,27393178.00,27965523.00,49%,8451.73,618.35
3/7/22,ShopKick,,,,2476818.00,537138.00,1939680.00,22%,2929.12,121.00
3/7/22,Audiomack,,,,2668120.00,996693.00,1671427.00,37%,2476.67,135.53
3/7/22,Encyclopedia Britannica,,,,9044059.00,317729.00,8726330.00,4%,392.61,27.48
3/7/22,Scrabble Go,,,,9794172.00,1345200.00,8448972.00,14%,3900.32,214.52
3/7/22,Wheel of Fortune,,,,256506.00,12099.00,244407.00,5%,65.68,3.61
3/7/22,Camfrog,,,,1396939.00,1034059.00,362880.00,74%,82.37,8.31
3/7/22,Flickr,,,,28162060.00,59460.00,28102600.00,0%,27.31,198.63
3/7/22,MeetMe,,,,1965145.00,486084.00,1479061.00,25%,871.07,106.92
3/7/22,StockTwits,,,,10509633.00,444463.00,10065170.00,4%,167.14,13.37
3/7/22,Ultimate Classic Rock,,,,14126.00,864.00,13262.00,6%,1.26,0.18
3/7/22,Barstool Sports,,,,4633310.00,56121.00,4577189.00,1%,12.71,1.02
3/7/22,SwingU,,,,21051.00,3541.00,17510.00,17%,6.66,0.53
3/7/22,Reuters,,,,2854283.00,42839.00,2811444.00,2%,42.45,3.40
3/7/22,Funny Weather,,,,8791.00,1469.00,7322.00,17%,5.04,0.40
3/7/22,VPN - Super Unlimited Proxy,,,,5379890.00,17674.00,5362216.00,0%,25.15,39.30
3/7/22,NJ 101.5,,,,785086.00,13818.00,771268.00,2%,40.79,8.25
3/7/22,WGRD,,,,244633.00,10843.00,233790.00,4%,17.80,2.88
3/7/22,NewsTalk,,,,463701.00,17993.00,445708.00,4%,18.61,4.42
3/7/22,WBLM,,,,63689.00,3601.00,60088.00,6%,3.37,0.66
3/7/22,WJON,,,,44751.00,2863.00,41888.00,6%,4.17,0.59
3/7/22,Tide,,,,53037.00,6768.00,46269.00,13%,5.83,0.73
3/7/22,KFR,,,,4523.00,484.00,4039.00,11%,0.57,0.07
3/7/22,WBCK,,,,45706.00,1906.00,43800.00,4%,2.24,0.46
3/7/22,Cat Country,,,,69556.00,2527.00,67029.00,4%,3.13,0.69
3/7/22,Mix 95.7FM,,,,29895.00,1080.00,28815.00,4%,1.50,0.31
3/7/22,Memedroid,,,,181931.00,12599.00,169332.00,7%,3.91,0.31
3/7/22,Loudwire,,,,23047.00,3689.00,19358.00,16%,4.39,0.44
3/7/22,XXL Mag,,,,13496.00,2839.00,10657.00,21%,2.93,0.28
3/7/22,ScoreStream,,,,1131.00,22.00,1109.00,2%,0.01,0.00
3/7/22,FreeUnblock VPN,,,,611.00,33.00,578.00,5%,0.00,0.00
3/7/22,HAR Texas,,,,724604.00,124521.00,600083.00,17%,149.45,11.96
3/7/22,Psiphon Pro,,,,14183816.00,1003248.00,13180568.00,7%,196.82,15.75
3/7/22,Bracelet Book,,,,36520.00,1544.00,34976.00,4%,0.60,0.05
3/7/22,Tumblr,,,,81853325.00,4267651.00,77585674.00,5%,8945.19,536.71
3/7/22,Wordfinder by WordTips,,,,509224.00,125223.00,384001.00,25%,150.47,12.04
3/7/22,PricePulse,,,,25847.00,782.00,25065.00,3%,0.56,0.04
3/7/22,Untappd,,,,371682.00,76053.00,295629.00,20%,54.22,4.34
3/7/22,Dice with Buddies,,,,394388.00,20314.00,374074.00,5%,60.17,3.31
3/7/22,Yahtzee with Buddies,,,,2402868.00,83672.00,2319196.00,3%,254.91,14.02
3/7/22,Daily Mail Online / Mail Online,,,,3600508.00,123868.00,3476640.00,3%,100.94,7.07
3/7/22,Astrology Daily,,,,624.00,76.00,548.00,12%,0.20,0.02
3/7/22,Meetup,,,,119181.00,38789.00,80392.00,33%,85.66,6.85
3/7/22,BisManOnline,,,,12007.00,4728.00,7279.00,39%,4.84,0.39
3/7/22,Tokybook ,,,,16668.00,4797.00,11871.00,29%,1.92,0.15
3/7/22,Radio Texas Live,,,,40414.00,2238.00,38176.00,6%,1.28,0.36
3/7/22,KLAQ,,,,166429.00,17571.00,148858.00,11%,13.40,1.98
3/7/22,KICKS 105,,,,16272.00,422.00,15850.00,3%,0.50,0.15
3/7/22,106.5 WYRK,,,,107709.00,4734.00,102975.00,4%,5.18,1.08
3/7/22,Buffalos 937 WBLK -The Peoples Station,,,,115559.00,9645.00,105914.00,8%,10.76,1.49
3/7/22,K2,,,,25538.00,1004.00,24534.00,4%,1.18,0.25
3/7/22,101.5 WPDH,,,,53562.00,6300.00,47262.00,12%,4.95,0.68
3/7/22,97.3 KKRC,,,,20389.00,1983.00,18406.00,10%,1.34,0.22
3/7/22,The Dawg 973,,,,49721.00,2636.00,47085.00,5%,2.20,0.48
3/7/22,The Beet,,,,1869.00,139.00,1730.00,7%,0.13,0.02
3/7/22,KNUE 1015 East Texas Country Station,,,,12289.00,469.00,11820.00,4%,0.44,0.11
3/7/22,MyLaps,,,,36379.00,8538.00,27841.00,23%,1.39,0.11
3/7/22,Highway 98.9,,,,39700.00,2301.00,37399.00,6%,1.82,0.39
3/7/22,News Talk KIT,,,,38858.00,1266.00,37592.00,3%,1.31,0.35
3/7/22,The Game 730 AM,,,,42282.00,3269.00,39013.00,8%,1.57,0.38
3/7/22,99.1 WFMK,,,,17475.00,929.00,16546.00,5%,0.79,0.17
3/7/22,981 Minnesotas New Country,,,,24437.00,1253.00,23184.00,5%,0.93,0.23
3/7/22,97X,,,,105487.00,5135.00,100352.00,5%,2.78,0.90
3/7/22,KHAK 981,,,,42652.00,1626.00,41026.00,4%,1.68,0.40
3/7/22,FMX 945,,,,12689.00,1875.00,10814.00,15%,0.72,0.13
3/7/22,GNA,,,,52372.00,2934.00,49438.00,6%,2.31,0.51
3/7/22,Hudson Valley Post,,,,6332.00,505.00,5827.00,8%,0.83,0.10
3/7/22,92.9 Jack FM,,,,8128.00,394.00,7734.00,5%,0.36,0.08
3/6/22,Imgur,,,,12858756.00,989655.00,11869101.00,8%,3270.55,179.58
3/6/22,Wattpad,,,,3014105.00,1124973.00,1889132.00,37%,1764.47,238.22
3/6/22,MixerBox,,,,53566.00,18881.00,34685.00,35%,117.39,4.02
3/6/22,MixerBoxLite,,,,1313595.00,161223.00,1152372.00,12%,108.92,40.31
3/6/22,Kidoodle,,,,168404459.00,1204852.00,167199607.00,1%,8866.08,1613.70
3/6/22,MocoSpace,,,,486774.00,347632.00,139142.00,71%,601.23,43.06
3/6/22,Online Plus,,,,3298185.00,826555.00,2471630.00,25%,2576.89,152.87
3/6/22,Qlixar,,,,1533860.00,321314.00,1212546.00,21%,1262.54,60.69
3/6/22,WeatherBug,,,,101770995.00,2684940.00,99086055.00,3%,4580.53,366.44
3/6/22,Droplist,,,,489790.00,211941.00,277849.00,43%,126.52,14.60
3/6/22,Growlr,,,,4722043.00,2204425.00,2517618.00,47%,735.78,69.13
3/6/22,The Times of India,,,,13118393.00,537164.00,12581229.00,4%,319.40,110.43
3/6/22,LiveMixTapes,,,,818195.00,285312.00,532883.00,35%,284.34,23.63
3/6/22,Instant News,,,,39922.00,30029.00,9893.00,75%,526.29,5.15
3/6/22,Dolphin,,,,5675.00,2755.00,2920.00,49%,3.05,0.48
3/6/22,MyDaily,,,,9300.00,6674.00,2626.00,72%,14.66,1.15
3/6/22,Everyday,,,,1019.00,693.00,326.00,68%,3.64,0.12
3/6/22,First News,,,,875895.00,300669.00,575226.00,34%,727.86,53.99
3/6/22,The Feed,,,,127.00,56.00,71.00,44%,0.12,0.01
3/6/22,ShopSavvy,,,,13.00,2.00,11.00,15%,0.00,0.00
3/6/22,VladTV,,,,150862.00,57691.00,93171.00,38%,53.75,4.41
3/6/22,Crocodile,,,,11088.00,3642.00,7446.00,33%,10.41,0.66
3/6/22,QuizJP,,,,835.00,0.00,835.00,0%,0.00,0.01
3/6/22,QuizUS,,,,315.00,9.00,306.00,3%,0.06,0.00
3/6/22,PalTalk,,,,1832593.00,1371966.00,460627.00,75%,315.79,25.33
3/6/22,Impala - Headlines,,,,666313.00,45195.00,621118.00,7%,197.89,10.79
3/6/22,Steps,,,,334642.00,87069.00,247573.00,26%,65.32,6.31
3/6/22,MyFitnessPal,,,,49105475.00,21634779.00,27470696.00,44%,6737.55,529.17
3/6/22,ShopKick,,,,2755496.00,576078.00,2179418.00,21%,3076.33,130.47
3/6/22,Audiomack,,,,2685407.00,887371.00,1798036.00,33%,2041.34,114.65
3/6/22,Encyclopedia Britannica,,,,8062531.00,243395.00,7819136.00,3%,257.77,18.04
3/6/22,Scrabble Go,,,,10186738.00,1402074.00,8784664.00,14%,4052.73,222.90
3/6/22,Wheel of Fortune,,,,280607.00,13549.00,267058.00,5%,74.90,4.12
3/6/22,Camfrog,,,,1336498.00,980472.00,356026.00,73%,78.08,7.96
3/6/22,Flickr,,,,33304426.00,58174.00,33246252.00,0%,27.16,234.62
3/6/22,MeetMe,,,,1897146.00,443085.00,1454061.00,23%,813.10,98.20
3/6/22,StockTwits,,,,2342445.00,97393.00,2245052.00,4%,44.04,3.52
3/6/22,Ultimate Classic Rock,,,,11681.00,831.00,10850.00,7%,1.26,0.16
3/6/22,Barstool Sports,,,,3624958.00,40776.00,3584182.00,1%,9.94,0.80
3/6/22,SwingU,,,,42198.00,7233.00,34965.00,17%,14.42,1.15
3/6/22,Reuters,,,,3072054.00,44932.00,3027122.00,1%,47.76,3.82
3/6/22,Funny Weather,,,,8449.00,1606.00,6843.00,19%,4.82,0.39
3/6/22,VPN - Super Unlimited Proxy,,,,5405292.00,21782.00,5383510.00,0%,32.31,39.95
3/6/22,NJ 101.5,,,,219936.00,4738.00,215198.00,2%,14.18,2.50
3/6/22,WGRD,,,,10711.00,268.00,10443.00,3%,0.38,0.10
3/6/22,NewsTalk,,,,68595.00,2788.00,65807.00,4%,2.38,0.63
3/6/22,WBLM,,,,29092.00,1448.00,27644.00,5%,1.27,0.28
3/6/22,WJON,,,,23879.00,1771.00,22108.00,7%,2.87,0.36
3/6/22,Tide,,,,10772.00,1961.00,8811.00,18%,1.96,0.20
3/6/22,KFR,,,,2510.00,388.00,2122.00,15%,0.51,0.05
3/6/22,WBCK,,,,11980.00,548.00,11432.00,5%,0.51,0.12
3/6/22,Cat Country,,,,11678.00,311.00,11367.00,3%,0.36,0.10
3/6/22,Mix 95.7FM,,,,8480.00,229.00,8251.00,3%,0.19,0.07
3/6/22,Memedroid,,,,166670.00,12151.00,154519.00,7%,2.49,0.20
3/6/22,Loudwire,,,,19260.00,3091.00,16169.00,16%,3.73,0.37
3/6/22,XXL Mag,,,,12891.00,2766.00,10125.00,21%,3.13,0.29
3/6/22,ScoreStream,,,,2405.00,69.00,2336.00,3%,0.06,0.00
3/6/22,FreeUnblock VPN,,,,605.00,26.00,579.00,4%,0.00,0.00
3/6/22,HAR Texas,,,,772337.00,136185.00,636152.00,18%,174.85,13.99
3/6/22,Psiphon Pro,,,,14050778.00,924034.00,13126744.00,7%,176.67,14.13
3/6/22,Bracelet Book,,,,48155.00,1974.00,46181.00,4%,0.81,0.06
3/6/22,Tumblr,,,,82507185.00,4404734.00,78102451.00,5%,9087.35,545.24
3/6/22,Wordfinder by WordTips,,,,539668.00,121678.00,417990.00,23%,175.06,14.00
3/6/22,PricePulse,,,,24212.00,892.00,23320.00,4%,0.61,0.05
3/6/22,Untappd,,,,675745.00,162437.00,513308.00,24%,132.32,10.59
3/6/22,Dice with Buddies,,,,413255.00,22682.00,390573.00,5%,75.34,4.14
3/6/22,Yahtzee with Buddies,,,,2552979.00,91410.00,2461569.00,4%,243.43,13.39
3/6/22,Daily Mail Online / Mail Online,,,,3552707.00,130379.00,3422328.00,4%,97.35,6.81
3/6/22,Astrology Daily,,,,542.00,47.00,495.00,9%,0.07,0.01
3/6/22,Meetup,,,,126967.00,39700.00,87267.00,31%,88.23,7.06
3/6/22,BisManOnline,,,,13549.00,5577.00,7972.00,41%,6.29,0.50
3/6/22,Tokybook ,,,,15629.00,4260.00,11369.00,27%,2.58,0.21
3/6/22,1point3acres,,,,29.00,4.00,25.00,14%,0.00,0.00
3/6/22,Radio Texas Live,,,,47567.00,2518.00,45049.00,5%,1.44,0.42
3/6/22,KLAQ,,,,15365.00,2156.00,13209.00,14%,2.24,0.25
3/6/22,KICKS 105,,,,6490.00,32.00,6458.00,0%,0.21,0.06
3/6/22,106.5 WYRK,,,,41309.00,1819.00,39490.00,4%,1.72,0.40
3/6/22,Buffalos 937 WBLK -The Peoples Station,,,,36291.00,2599.00,33692.00,7%,2.53,0.41
3/6/22,K2,,,,14019.00,241.00,13778.00,2%,0.21,0.11
3/6/22,101.5 WPDH,,,,32500.00,5277.00,27223.00,16%,3.78,0.46
3/6/22,97.3 KKRC,,,,7232.00,798.00,6434.00,11%,0.59,0.09
3/6/22,The Dawg 973,,,,203759.00,11406.00,192353.00,6%,9.27,2.00
3/6/22,The Beet,,,,692.00,63.00,629.00,9%,0.06,0.01
3/6/22,KNUE 1015 East Texas Country Station,,,,13866.00,411.00,13455.00,3%,0.25,0.11
3/6/22,MyLaps,,,,214814.00,39002.00,175812.00,18%,6.65,0.53
3/6/22,Highway 98.9,,,,3701.00,3.00,3698.00,0%,0.00,0.03
3/6/22,News Talk KIT,,,,7676.00,104.00,7572.00,1%,0.08,0.06
3/6/22,The Game 730 AM,,,,4085.00,368.00,3717.00,9%,0.18,0.04
3/6/22,99.1 WFMK,,,,4122.00,161.00,3961.00,4%,0.20,0.04
3/6/22,981 Minnesotas New Country,,,,39847.00,1170.00,38677.00,3%,1.07,0.35
3/6/22,97X,,,,15109.00,774.00,14335.00,5%,0.38,0.13
3/6/22,KHAK 981,,,,16990.00,789.00,16201.00,5%,0.94,0.18
3/6/22,FMX 945,,,,7109.00,921.00,6188.00,13%,0.34,0.07
3/6/22,GNA,,,,27833.00,1555.00,26278.00,6%,1.17,0.27
3/6/22,Hudson Valley Post,,,,3721.00,252.00,3469.00,7%,0.42,0.05
3/6/22,92.9 Jack FM,,,,4812.00,381.00,4431.00,8%,0.26,0.05
3/5/22,Imgur,,,,12581194.00,998448.00,11582746.00,8%,3341.85,178.69
3/5/22,Wattpad,,,,2595786.00,1086645.00,1509141.00,42%,1692.43,227.89
3/5/22,MixerBox,,,,58047.00,20651.00,37396.00,36%,130.27,4.39
3/5/22,MixerBoxLite,,,,1323563.00,175061.00,1148502.00,13%,130.71,43.05
3/5/22,Kidoodle,,,,169818317.00,1304215.00,168514102.00,1%,9717.01,1665.45
3/5/22,MocoSpace,,,,467092.00,335649.00,131443.00,72%,604.30,43.22
3/5/22,Online Plus,,,,3143332.00,849018.00,2294314.00,27%,2689.86,155.80
3/5/22,Qlixar,,,,1592282.00,368719.00,1223563.00,23%,1561.25,68.80
3/5/22,WeatherBug,,,,82268135.00,2668017.00,79600118.00,3%,4534.99,362.80
3/5/22,Droplist,,,,284736.00,129847.00,154889.00,46%,82.79,9.36
3/5/22,Growlr,,,,4509302.00,2104701.00,2404601.00,47%,715.27,66.90
3/5/22,The Times of India,,,,7849487.00,140010.00,7709477.00,2%,142.96,63.97
3/5/22,LiveMixTapes,,,,929446.00,362381.00,567065.00,39%,367.20,29.67
3/5/22,Instant News,,,,41491.00,30090.00,11401.00,73%,516.75,5.17
3/5/22,Dolphin,,,,5204.00,2612.00,2592.00,50%,2.96,0.46
3/5/22,MyDaily,,,,8880.00,6794.00,2086.00,77%,14.95,1.17
3/5/22,Everyday,,,,3273.00,1192.00,2081.00,36%,4.58,0.21
3/5/22,First News,,,,877226.00,329548.00,547678.00,38%,841.70,58.76
3/5/22,The Feed,,,,105.00,40.00,65.00,38%,0.11,0.01
3/5/22,ShopSavvy,,,,7.00,5.00,2.00,71%,0.02,0.00
3/5/22,VladTV,,,,178446.00,67193.00,111253.00,38%,60.47,5.01
3/5/22,Crocodile,,,,13820.00,4461.00,9359.00,32%,12.48,0.81
3/5/22,QuizJP,,,,766.00,1.00,765.00,0%,0.01,0.01
3/5/22,QuizUS,,,,485.00,11.00,474.00,2%,0.07,0.01
3/5/22,PalTalk,,,,1877851.00,1428720.00,449131.00,76%,336.09,26.67
3/5/22,Impala - Headlines,,,,717512.00,47716.00,669796.00,7%,203.20,11.46
3/5/22,Steps,,,,336182.00,84956.00,251226.00,25%,66.46,6.41
3/5/22,MyFitnessPal,,,,48842358.00,22259489.00,26582869.00,46%,6932.04,532.68
3/5/22,ShopKick,,,,2904551.00,627884.00,2276667.00,22%,3374.36,141.51
3/5/22,Audiomack,,,,2799205.00,987825.00,1811380.00,35%,2322.52,128.81
3/5/22,Encyclopedia Britannica,,,,7928649.00,255493.00,7673156.00,3%,260.83,18.26
3/5/22,Scrabble Go,,,,9397723.00,1308724.00,8088999.00,14%,3711.26,204.12
3/5/22,Wheel of Fortune,,,,257840.00,12642.00,245198.00,5%,68.62,3.77
3/5/22,Camfrog,,,,1420894.00,1057392.00,363502.00,74%,84.75,8.48
3/5/22,Flickr,,,,28689252.00,56598.00,28632654.00,0%,26.71,202.30
3/5/22,MeetMe,,,,1720712.00,424098.00,1296614.00,25%,778.76,93.22
3/5/22,StockTwits,,,,2571147.00,137350.00,2433797.00,5%,51.02,4.08
3/5/22,Ultimate Classic Rock,,,,13116.00,1117.00,11999.00,9%,1.53,0.19
3/5/22,Barstool Sports,,,,3202865.00,44322.00,3158543.00,1%,11.08,0.89
3/5/22,SwingU,,,,41862.00,8309.00,33553.00,20%,18.90,1.51
3/5/22,Reuters,,,,3039342.00,48858.00,2990484.00,2%,51.21,4.10
3/5/22,Funny Weather,,,,8260.00,1687.00,6573.00,20%,5.06,0.40
3/5/22,VPN - Super Unlimited Proxy,,,,5391844.00,26152.00,5365692.00,0%,31.58,39.77
3/5/22,NJ 101.5,,,,260452.00,4678.00,255774.00,2%,13.55,2.74
3/5/22,WGRD,,,,36663.00,1644.00,35019.00,4%,2.51,0.42
3/5/22,NewsTalk,,,,95844.00,3639.00,92205.00,4%,3.65,0.90
3/5/22,WBLM,,,,45719.00,2301.00,43418.00,5%,2.01,0.44
3/5/22,WJON,,,,25840.00,2309.00,23531.00,9%,3.61,0.42
3/5/22,Tide,,,,16564.00,3219.00,13345.00,19%,3.04,0.31
3/5/22,KFR,,,,4261.00,334.00,3927.00,8%,0.36,0.05
3/5/22,WBCK,,,,18177.00,1303.00,16874.00,7%,1.21,0.20
3/5/22,Cat Country,,,,11928.00,610.00,11318.00,5%,0.68,0.13
3/5/22,Mix 95.7FM,,,,9277.00,180.00,9097.00,2%,0.24,0.08
3/5/22,Memedroid,,,,164256.00,12226.00,152030.00,7%,2.35,0.19
3/5/22,Loudwire,,,,19791.00,3517.00,16274.00,18%,4.87,0.45
3/5/22,XXL Mag,,,,11607.00,2453.00,9154.00,21%,2.58,0.24
3/5/22,ScoreStream,,,,3807.00,113.00,3694.00,3%,0.11,0.01
3/5/22,FreeUnblock VPN,,,,604.00,44.00,560.00,7%,0.00,0.00
3/5/22,HAR Texas,,,,793105.00,133386.00,659719.00,17%,177.12,14.17
3/5/22,Psiphon Pro,,,,13378182.00,980050.00,12398132.00,7%,187.62,15.01
3/5/22,Bracelet Book,,,,44180.00,1787.00,42393.00,4%,0.73,0.06
3/5/22,Tumblr,,,,79955286.00,4912251.00,75043035.00,6%,10108.26,606.50
3/5/22,Wordfinder by WordTips,,,,500093.00,115658.00,384435.00,23%,166.84,13.35
3/5/22,PricePulse,,,,23568.00,770.00,22798.00,3%,0.72,0.06
3/5/22,Untappd,,,,832028.00,193115.00,638913.00,23%,161.25,12.90
3/5/22,Dice with Buddies,,,,364882.00,20315.00,344567.00,6%,69.20,3.81
3/5/22,Yahtzee with Buddies,,,,2313818.00,73303.00,2240515.00,3%,217.70,11.97
3/5/22,Daily Mail Online / Mail Online,,,,3305662.00,152691.00,3152971.00,5%,94.51,6.62
3/5/22,Astrology Daily,,,,476.00,42.00,434.00,9%,0.03,0.00
3/5/22,Meetup,,,,133532.00,43576.00,89956.00,33%,96.58,7.73
3/5/22,BisManOnline,,,,14496.00,6054.00,8442.00,42%,6.50,0.52
3/5/22,Tokybook ,,,,15557.00,4308.00,11249.00,28%,2.38,0.19
3/5/22,1point3acres,,,,37.00,0.00,37.00,0%,0.00,0.00
3/5/22,Radio Texas Live,,,,41101.00,1968.00,39133.00,5%,1.30,0.36
3/5/22,KLAQ,,,,25215.00,2548.00,22667.00,10%,2.39,0.33
3/5/22,KICKS 105,,,,5972.00,171.00,5801.00,3%,0.18,0.05
3/5/22,106.5 WYRK,,,,53321.00,2273.00,51048.00,4%,2.47,0.53
3/5/22,Buffalos 937 WBLK -The Peoples Station,,,,58432.00,4943.00,53489.00,8%,5.72,0.77
3/5/22,K2,,,,19596.00,823.00,18773.00,4%,1.11,0.21
3/5/22,101.5 WPDH,,,,30208.00,3675.00,26533.00,12%,3.37,0.42
3/5/22,97.3 KKRC,,,,8924.00,1055.00,7869.00,12%,0.88,0.12
3/5/22,The Dawg 973,,,,43028.00,1991.00,41037.00,5%,1.84,0.42
3/5/22,The Beet,,,,602.00,48.00,554.00,8%,0.04,0.01
3/5/22,KNUE 1015 East Texas Country Station,,,,13798.00,552.00,13246.00,4%,0.44,0.12
3/5/22,MyLaps,,,,185894.00,39027.00,146867.00,21%,7.76,0.62
3/5/22,Highway 98.9,,,,5060.00,20.00,5040.00,0%,0.00,0.04
3/5/22,News Talk KIT,,,,12472.00,223.00,12249.00,2%,0.22,0.10
3/5/22,The Game 730 AM,,,,9219.00,797.00,8422.00,9%,0.23,0.08
3/5/22,99.1 WFMK,,,,8411.00,347.00,8064.00,4%,0.32,0.08
3/5/22,981 Minnesotas New Country,,,,14280.00,436.00,13844.00,3%,0.43,0.13
3/5/22,97X,,,,21473.00,1295.00,20178.00,6%,0.87,0.20
3/5/22,KHAK 981,,,,19964.00,771.00,19193.00,4%,0.87,0.20
3/5/22,FMX 945,,,,7140.00,1078.00,6062.00,15%,0.53,0.08
3/5/22,GNA,,,,24542.00,1717.00,22825.00,7%,1.51,0.27
3/5/22,Hudson Valley Post,,,,4029.00,259.00,3770.00,6%,0.49,0.06
3/5/22,92.9 Jack FM,,,,4284.00,316.00,3968.00,7%,0.28,0.05
3/4/22,Imgur,,,,11600587.00,939389.00,10661198.00,8%,3163.49,166.26
3/4/22,Wattpad,,,,2414343.00,980516.00,1433827.00,41%,1621.92,206.14
3/4/22,MixerBox,,,,60137.00,21506.00,38631.00,36%,124.91,4.57
3/4/22,MixerBoxLite,,,,1253660.00,150466.00,1103194.00,12%,112.07,37.82
3/4/22,Kidoodle,,,,141393165.00,1223044.00,140170121.00,1%,9246.34,1443.51
3/4/22,MocoSpace,,,,446212.00,318856.00,127356.00,71%,582.30,41.65
3/4/22,Online Plus,,,,2928231.00,987139.00,1941092.00,34%,3117.16,177.52
3/4/22,Qlixar,,,,1650816.00,411986.00,1238830.00,25%,1701.32,76.23
3/4/22,WeatherBug,,,,60980934.00,1628320.00,59352614.00,3%,3020.83,241.67
3/4/22,Droplist,,,,365831.00,165150.00,200681.00,45%,109.04,12.31
3/4/22,Growlr,,,,4265175.00,2060718.00,2204457.00,48%,728.71,66.44
3/4/22,The Times of India,,,,9563278.00,150961.00,9412317.00,2%,149.99,76.39
3/4/22,LiveMixTapes,,,,938824.00,385580.00,553244.00,41%,407.09,32.37
3/4/22,Instant News,,,,39636.00,28360.00,11276.00,72%,484.03,4.88
3/4/22,Dolphin,,,,5466.00,2402.00,3064.00,44%,3.09,0.42
3/4/22,MyDaily,,,,8217.00,6256.00,1961.00,76%,13.57,1.07
3/4/22,Everyday,,,,1285.00,672.00,613.00,52%,4.26,0.12
3/4/22,First News,,,,817860.00,300934.00,516926.00,37%,807.39,53.74
3/4/22,The Feed,,,,244.00,83.00,161.00,34%,0.24,0.01
3/4/22,VladTV,,,,194277.00,73165.00,121112.00,38%,63.92,5.32
3/4/22,Crocodile,,,,14861.00,4170.00,10691.00,28%,12.52,0.76
3/4/22,QuizUS,,,,435.00,16.00,419.00,4%,0.13,0.01
3/4/22,PalTalk,,,,1791392.00,1364104.00,427288.00,76%,328.64,26.00
3/4/22,Impala - Headlines,,,,755398.00,55730.00,699668.00,7%,234.50,12.97
3/4/22,Steps,,,,348653.00,84652.00,264001.00,24%,67.16,6.55
3/4/22,MyFitnessPal,,,,59866682.00,27008181.00,32858501.00,45%,8490.78,654.55
3/4/22,ShopKick,,,,1029247.00,268313.00,760934.00,26%,1378.27,58.99
3/4/22,Audiomack,,,,2862673.00,1079709.00,1782964.00,38%,2516.43,138.30
3/4/22,Encyclopedia Britannica,,,,8807241.00,293544.00,8513697.00,3%,306.47,21.45
3/4/22,Scrabble Go,,,,9529494.00,1485703.00,8043791.00,16%,3781.05,207.96
3/4/22,Wheel of Fortune,,,,240606.00,11064.00,229542.00,5%,63.74,3.51
3/4/22,Camfrog,,,,1373082.00,1030751.00,342331.00,75%,90.51,8.73
3/4/22,Flickr,,,,24462209.00,57875.00,24404334.00,0%,26.84,172.71
3/4/22,MeetMe,,,,1573523.00,390400.00,1183123.00,25%,685.71,85.69
3/4/22,StockTwits,,,,7364861.00,551299.00,6813562.00,7%,173.89,13.91
3/4/22,Ultimate Classic Rock,,,,14775.00,1069.00,13706.00,7%,1.66,0.21
3/4/22,Barstool Sports,,,,3984108.00,57406.00,3926702.00,1%,13.60,1.09
3/4/22,SwingU,,,,30277.00,4988.00,25289.00,16%,9.69,0.78
3/4/22,Reuters,,,,3005162.00,51515.00,2953647.00,2%,51.35,4.11
3/4/22,Funny Weather,,,,8320.00,1560.00,6760.00,19%,4.71,0.38
3/4/22,VPN - Super Unlimited Proxy,,,,5614860.00,29425.00,5585435.00,1%,37.29,41.71
3/4/22,NJ 101.5,,,,738202.00,43720.00,694482.00,6%,55.25,8.73
3/4/22,WGRD,,,,236937.00,9571.00,227366.00,4%,15.03,2.64
3/4/22,NewsTalk,,,,458181.00,20409.00,437772.00,4%,19.36,4.42
3/4/22,WBLM,,,,63353.00,2610.00,60743.00,4%,2.56,0.60
3/4/22,WJON,,,,45192.00,3302.00,41890.00,7%,5.37,0.67
3/4/22,Tide,,,,38954.00,4167.00,34787.00,11%,3.65,0.50
3/4/22,KFR,,,,4317.00,369.00,3948.00,9%,0.44,0.06
3/4/22,WBCK,,,,42406.00,2199.00,40207.00,5%,3.09,0.50
3/4/22,Cat Country,,,,65756.00,1855.00,63901.00,3%,2.33,0.61
3/4/22,Mix 95.7FM,,,,26415.00,870.00,25545.00,3%,1.72,0.30
3/4/22,Memedroid,,,,174285.00,16385.00,157900.00,9%,3.58,0.29
3/4/22,Loudwire,,,,23428.00,3897.00,19531.00,17%,4.68,0.46
3/4/22,XXL Mag,,,,14723.00,3400.00,11323.00,23%,3.86,0.35
3/4/22,ScoreStream,,,,2109.00,59.00,2050.00,3%,0.08,0.01
3/4/22,FreeUnblock VPN,,,,663.00,38.00,625.00,6%,0.00,0.00
3/4/22,HAR Texas,,,,731120.00,123818.00,607302.00,17%,145.02,11.60
3/4/22,Psiphon Pro,,,,13447954.00,1200536.00,12247418.00,9%,209.06,16.72
3/4/22,Bracelet Book,,,,34858.00,1320.00,33538.00,4%,0.44,0.04
3/4/22,Tumblr,,,,80828584.00,4962663.00,75865921.00,6%,10432.18,625.93
3/4/22,Wordfinder by WordTips,,,,463381.00,118460.00,344921.00,26%,160.24,12.82
3/4/22,PricePulse,,,,22833.00,725.00,22108.00,3%,0.73,0.06
3/4/22,Untappd,,,,595959.00,106332.00,489627.00,18%,89.01,7.12
3/4/22,Dice with Buddies,,,,358749.00,22611.00,336138.00,6%,66.03,3.63
3/4/22,Yahtzee with Buddies,,,,2251575.00,92987.00,2158588.00,4%,260.08,14.30
3/4/22,Daily Mail Online / Mail Online,,,,3108327.00,166422.00,2941905.00,5%,101.37,7.10
3/4/22,Astrology Daily,,,,617.00,64.00,553.00,10%,0.16,0.01
3/4/22,Meetup,,,,121860.00,43607.00,78253.00,36%,98.53,7.88
3/4/22,BisManOnline,,,,13691.00,5168.00,8523.00,38%,5.34,0.43
3/4/22,Tokybook ,,,,19902.00,6322.00,13580.00,32%,4.14,0.33
3/4/22,1point3acres,,,,2.00,2.00,0.00,100%,0.00,0.00
3/4/22,Radio Texas Live,,,,37551.00,1626.00,35925.00,4%,1.04,0.32
3/4/22,KLAQ,,,,152805.00,16033.00,136772.00,10%,13.77,1.92
3/4/22,KICKS 105,,,,12200.00,483.00,11717.00,4%,0.71,0.13
3/4/22,106.5 WYRK,,,,100896.00,4838.00,96058.00,5%,6.62,1.14
3/4/22,Buffalos 937 WBLK -The Peoples Station,,,,114842.00,7586.00,107256.00,7%,7.33,1.26
3/4/22,K2,,,,23709.00,731.00,22978.00,3%,0.71,0.21
3/4/22,101.5 WPDH,,,,48048.00,6292.00,41756.00,13%,5.04,0.65
3/4/22,97.3 KKRC,,,,20711.00,2302.00,18409.00,11%,1.92,0.26
3/4/22,The Dawg 973,,,,41682.00,2069.00,39613.00,5%,2.11,0.42
3/4/22,The Beet,,,,1088.00,111.00,977.00,10%,0.09,0.01
3/4/22,KNUE 1015 East Texas Country Station,,,,13454.00,576.00,12878.00,4%,0.44,0.12
3/4/22,MyLaps,,,,35792.00,10357.00,25435.00,29%,1.77,0.14
3/4/22,Highway 98.9,,,,39522.00,2133.00,37389.00,5%,1.77,0.39
3/4/22,News Talk KIT,,,,41170.00,866.00,40304.00,2%,0.81,0.34
3/4/22,The Game 730 AM,,,,35152.00,2875.00,32277.00,8%,1.32,0.32
3/4/22,99.1 WFMK,,,,15049.00,569.00,14480.00,4%,0.45,0.13
3/4/22,981 Minnesotas New Country,,,,22442.00,930.00,21512.00,4%,0.76,0.20
3/4/22,97X,,,,122301.00,12827.00,109474.00,10%,4.46,1.08
3/4/22,KHAK 981,,,,39495.00,1230.00,38265.00,3%,1.16,0.35
3/4/22,FMX 945,,,,16566.00,2594.00,13972.00,16%,1.03,0.17
3/4/22,GNA,,,,46942.00,2536.00,44406.00,5%,1.64,0.43
3/4/22,Hudson Valley Post,,,,6694.00,540.00,6154.00,8%,0.83,0.10
3/4/22,92.9 Jack FM,,,,8260.00,509.00,7751.00,6%,0.35,0.08
3/3/22,Imgur,,,,12231457.00,926184.00,11305273.00,8%,2966.01,169.28
3/3/22,Wattpad,,,,2457532.00,968078.00,1489454.00,39%,1611.56,204.04
3/3/22,MixerBox,,,,57688.00,20419.00,37269.00,35%,122.92,4.34
3/3/22,MixerBoxLite,,,,1250460.00,142841.00,1107619.00,11%,115.98,36.32
3/3/22,Kidoodle,,,,105884010.00,1014098.00,104869912.00,1%,7764.75,1122.33
3/3/22,MocoSpace,,,,446689.00,317709.00,128980.00,71%,649.89,46.40
3/3/22,Online Plus,,,,2919457.00,887964.00,2031493.00,30%,2777.82,161.11
3/3/22,Qlixar,,,,1689961.00,352447.00,1337514.00,21%,1413.69,66.60
3/3/22,WeatherBug,,,,55900642.00,1199703.00,54700939.00,2%,2075.07,166.01
3/3/22,Droplist,,,,886929.00,379065.00,507864.00,43%,245.27,28.08
3/3/22,Growlr,,,,4287172.00,1980517.00,2306655.00,46%,688.24,64.32
3/3/22,The Times of India,,,,9944821.00,201487.00,9743334.00,2%,194.63,81.83
3/3/22,LiveMixTapes,,,,831323.00,320650.00,510673.00,39%,317.63,25.81
3/3/22,Instant News,,,,39998.00,29924.00,10074.00,75%,518.57,5.14
3/3/22,Dolphin,,,,4534.00,2047.00,2487.00,45%,2.73,0.36
3/3/22,MyDaily,,,,9490.00,6532.00,2958.00,69%,14.09,1.13
3/3/22,Everyday,,,,1320.00,658.00,662.00,50%,5.17,0.12
3/3/22,First News,,,,843577.00,297888.00,545689.00,35%,804.48,53.37
3/3/22,The Feed,,,,163.00,98.00,65.00,60%,0.31,0.02
3/3/22,VladTV,,,,188982.00,69294.00,119688.00,37%,57.48,4.86
3/3/22,Crocodile,,,,20281.00,5645.00,14636.00,28%,16.30,1.03
3/3/22,QuizJP,,,,973.00,0.00,973.00,0%,0.00,0.01
3/3/22,QuizUS,,,,1196.00,24.00,1172.00,2%,0.19,0.01
3/3/22,PalTalk,,,,1826765.00,1410520.00,416245.00,77%,315.22,24.98
3/3/22,Impala - Headlines,,,,756610.00,83590.00,673020.00,11%,363.38,17.58
3/3/22,Steps,,,,351062.00,87719.00,263343.00,25%,68.99,6.67
3/3/22,MyFitnessPal,,,,70451696.00,32574302.00,37877394.00,46%,9583.43,744.31
3/3/22,ShopKick,,,,1975948.00,435462.00,1540486.00,22%,2331.25,97.87
3/3/22,Audiomack,,,,2764341.00,1053525.00,1710816.00,38%,2455.24,134.74
3/3/22,Encyclopedia Britannica,,,,9399839.00,344460.00,9055379.00,4%,328.46,22.99
3/3/22,Scrabble Go,,,,9957339.00,1321723.00,8635616.00,13%,2817.73,154.98
3/3/22,Wheel of Fortune,,,,241810.00,8366.00,233444.00,3%,48.63,2.67
3/3/22,Camfrog,,,,1485637.00,1163944.00,321693.00,78%,88.77,8.47
3/3/22,Flickr,,,,22693740.00,59152.00,22634588.00,0%,26.11,160.27
3/3/22,MeetMe,,,,1773935.00,446009.00,1327926.00,25%,769.10,97.81
3/3/22,StockTwits,,,,7447810.00,738893.00,6708917.00,10%,201.43,16.11
3/3/22,Ultimate Classic Rock,,,,14250.00,903.00,13347.00,6%,1.21,0.18
3/3/22,Barstool Sports,,,,4594261.00,83131.00,4511130.00,2%,18.44,1.48
3/3/22,SwingU,,,,24229.00,4333.00,19896.00,18%,8.73,0.70
3/3/22,Reuters,,,,3243079.00,60454.00,3182625.00,2%,58.41,4.67
3/3/22,Funny Weather,,,,7664.00,1226.00,6438.00,16%,3.79,0.31
3/3/22,VPN - Super Unlimited Proxy,,,,5642320.00,37282.00,5605038.00,1%,42.21,42.19
3/3/22,NJ 101.5,,,,776527.00,56892.00,719635.00,7%,61.72,9.36
3/3/22,WGRD,,,,259130.00,11253.00,247877.00,4%,17.12,2.93
3/3/22,NewsTalk,,,,510595.00,21347.00,489248.00,4%,18.21,4.70
3/3/22,WBLM,,,,67579.00,2627.00,64952.00,4%,2.24,0.61
3/3/22,WJON,,,,44222.00,3065.00,41157.00,7%,4.23,0.58
3/3/22,Tide,,,,58457.00,6366.00,52091.00,11%,4.84,0.70
3/3/22,KFR,,,,6525.00,501.00,6024.00,8%,0.60,0.08
3/3/22,WBCK,,,,43310.00,1894.00,41416.00,4%,2.12,0.44
3/3/22,Cat Country,,,,77039.00,2546.00,74493.00,3%,3.23,0.75
3/3/22,Mix 95.7FM,,,,24212.00,815.00,23397.00,3%,0.93,0.23
3/3/22,Memedroid,,,,174261.00,15953.00,158308.00,9%,3.10,0.25
3/3/22,Loudwire,,,,25078.00,4021.00,21057.00,16%,4.77,0.48
3/3/22,XXL Mag,,,,16294.00,3507.00,12787.00,22%,3.80,0.36
3/3/22,ScoreStream,,,,2396.00,86.00,2310.00,4%,0.06,0.00
3/3/22,FreeUnblock VPN,,,,634.00,48.00,586.00,8%,0.00,0.00
3/3/22,HAR Texas,,,,714513.00,115634.00,598879.00,16%,131.07,10.49
3/3/22,Psiphon Pro,,,,13780411.00,1111156.00,12669255.00,8%,215.14,17.21
3/3/22,Bracelet Book,,,,33570.00,1256.00,32314.00,4%,0.48,0.04
3/3/22,Tumblr,,,,81256836.00,6391426.00,74865410.00,8%,15170.33,910.22
3/3/22,Wordfinder by WordTips,,,,464355.00,116814.00,347541.00,25%,150.06,12.00
3/3/22,PricePulse,,,,25587.00,1007.00,24580.00,4%,1.01,0.08
3/3/22,Untappd,,,,455125.00,75388.00,379737.00,17%,53.78,4.30
3/3/22,Dice with Buddies,,,,369587.00,25661.00,343926.00,7%,66.26,3.64
3/3/22,Yahtzee with Buddies,,,,2400464.00,106998.00,2293466.00,4%,271.84,14.95
3/3/22,Daily Mail Online / Mail Online,,,,2630846.00,159351.00,2471495.00,6%,72.10,5.05
3/3/22,Astrology Daily,,,,643.00,56.00,587.00,9%,0.06,0.00
3/3/22,Meetup,,,,118004.00,41698.00,76306.00,35%,94.38,7.55
3/3/22,BisManOnline,,,,13166.00,4571.00,8595.00,35%,5.37,0.43
3/3/22,Tokybook ,,,,19437.00,5475.00,13962.00,28%,4.29,0.34
3/3/22,1point3acres,,,,26.00,5.00,21.00,19%,0.00,0.00
3/3/22,Radio Texas Live,,,,36436.00,1241.00,35195.00,3%,0.85,0.31
3/3/22,KLAQ,,,,168323.00,18824.00,149499.00,11%,13.71,2.01
3/3/22,KICKS 105,,,,12628.00,384.00,12244.00,3%,0.39,0.11
3/3/22,106.5 WYRK,,,,116164.00,5544.00,110620.00,5%,6.82,1.25
3/3/22,Buffalos 937 WBLK -The Peoples Station,,,,117376.00,8125.00,109251.00,7%,7.77,1.31
3/3/22,K2,,,,24861.00,939.00,23922.00,4%,0.91,0.23
3/3/22,101.5 WPDH,,,,51059.00,8000.00,43059.00,16%,6.00,0.72
3/3/22,97.3 KKRC,,,,21245.00,2601.00,18644.00,12%,2.00,0.27
3/3/22,The Dawg 973,,,,40205.00,1522.00,38683.00,4%,2.23,0.43
3/3/22,The Beet,,,,1132.00,75.00,1057.00,7%,0.04,0.01
3/3/22,KNUE 1015 East Texas Country Station,,,,13846.00,511.00,13335.00,4%,0.35,0.12
3/3/22,MyLaps,,,,8798.00,2435.00,6363.00,28%,0.41,0.03
3/3/22,Highway 98.9,,,,42455.00,2055.00,40400.00,5%,1.39,0.38
3/3/22,News Talk KIT,,,,43130.00,1075.00,42055.00,2%,1.01,0.37
3/3/22,The Game 730 AM,,,,40329.00,3069.00,37260.00,8%,1.44,0.36
3/3/22,99.1 WFMK,,,,14781.00,554.00,14227.00,4%,0.54,0.14
3/3/22,981 Minnesotas New Country,,,,19823.00,1087.00,18736.00,5%,0.75,0.18
3/3/22,97X,,,,125680.00,6833.00,118847.00,5%,3.52,1.08
3/3/22,KHAK 981,,,,43081.00,1230.00,41851.00,3%,1.20,0.38
3/3/22,FMX 945,,,,14137.00,2333.00,11804.00,17%,0.95,0.15
3/3/22,GNA,,,,48635.00,3380.00,45255.00,7%,1.71,0.44
3/3/22,Hudson Valley Post,,,,6963.00,684.00,6279.00,10%,1.08,0.12
3/3/22,92.9 Jack FM,,,,9324.00,495.00,8829.00,5%,0.44,0.09
3/2/22,Imgur,,,,12831099.00,951466.00,11879633.00,7%,3023.49,175.59
3/2/22,Wattpad,,,,2535556.00,910651.00,1624905.00,36%,1509.07,193.50
3/2/22,MixerBox,,,,57581.00,19621.00,37960.00,34%,115.87,4.19
3/2/22,MixerBoxLite,,,,1295171.00,145837.00,1149334.00,11%,121.30,37.21
3/2/22,Kidoodle,,,,128934664.00,1056380.00,127878284.00,1%,8104.66,1300.38
3/2/22,MocoSpace,,,,471284.00,321424.00,149860.00,68%,681.98,48.79
3/2/22,Online Plus,,,,2887339.00,754270.00,2133069.00,26%,2353.66,138.89
3/2/22,Qlixar,,,,1654075.00,341170.00,1312905.00,21%,1375.17,64.56
3/2/22,WeatherBug,,,,53632671.00,1034435.00,52598236.00,2%,1874.44,149.96
3/2/22,Droplist,,,,555847.00,238644.00,317203.00,43%,159.43,18.16
3/2/22,Growlr,,,,4144914.00,1853345.00,2291569.00,45%,649.08,61.48
3/2/22,The Times of India,,,,13233688.00,217479.00,13016209.00,2%,218.74,106.43
3/2/22,LiveMixTapes,,,,836817.00,318271.00,518546.00,38%,326.08,26.46
3/2/22,Instant News,,,,40637.00,29684.00,10953.00,73%,513.47,5.10
3/2/22,Dolphin,,,,5385.00,2537.00,2848.00,47%,3.57,0.45
3/2/22,MyDaily,,,,8026.00,5712.00,2314.00,71%,12.43,0.98
3/2/22,Everyday,,,,2151.00,916.00,1235.00,43%,4.62,0.16
3/2/22,First News,,,,854964.00,297720.00,557244.00,35%,810.90,53.40
3/2/22,The Feed,,,,284.00,107.00,177.00,38%,0.29,0.02
3/2/22,VladTV,,,,178455.00,65188.00,113267.00,37%,52.86,4.49
3/2/22,Crocodile,,,,19887.00,4021.00,15866.00,20%,11.99,0.76
3/2/22,QuizJP,,,,424.00,2.00,422.00,0%,0.05,0.00
3/2/22,QuizUS,,,,780.00,15.00,765.00,2%,0.14,0.01
3/2/22,PalTalk,,,,1819373.00,1382766.00,436607.00,76%,296.17,23.79
3/2/22,Impala - Headlines,,,,744930.00,85665.00,659265.00,12%,370.05,17.86
3/2/22,Steps,,,,350055.00,85548.00,264507.00,24%,68.28,6.63
3/2/22,MyFitnessPal,,,,74984773.00,33401720.00,41583053.00,45%,9566.30,769.40
3/2/22,ShopKick,,,,1828470.00,434004.00,1394466.00,24%,2212.63,96.56
3/2/22,Audiomack,,,,2641168.00,1016025.00,1625143.00,38%,2419.72,132.36
3/2/22,Encyclopedia Britannica,,,,9402523.00,314891.00,9087632.00,3%,292.96,20.51
3/2/22,Scrabble Go,,,,10802308.00,1324519.00,9477789.00,12%,2027.35,111.50
3/2/22,Wheel of Fortune,,,,236599.00,7920.00,228679.00,3%,46.89,2.58
3/2/22,Camfrog,,,,1488813.00,1146900.00,341913.00,77%,81.48,8.10
3/2/22,Flickr,,,,21686665.00,61628.00,21625037.00,0%,27.60,153.31
3/2/22,MeetMe,,,,1736293.00,452100.00,1284193.00,26%,763.25,98.72
3/2/22,StockTwits,,,,8267662.00,476182.00,7791480.00,6%,168.25,13.46
3/2/22,Ultimate Classic Rock,,,,13364.00,745.00,12619.00,6%,0.81,0.15
3/2/22,Barstool Sports,,,,5038676.00,92981.00,4945695.00,2%,19.14,1.53
3/2/22,SwingU,,,,25447.00,5158.00,20289.00,20%,11.24,0.90
3/2/22,Reuters,,,,3525617.00,76556.00,3449061.00,2%,72.24,5.78
3/2/22,Funny Weather,,,,7698.00,1439.00,6259.00,19%,4.41,0.35
3/2/22,VPN - Super Unlimited Proxy,,,,5643471.00,44190.00,5599281.00,1%,51.94,42.83
3/2/22,NJ 101.5,,,,780422.00,59759.00,720663.00,8%,60.65,9.29
3/2/22,WGRD,,,,252175.00,10643.00,241532.00,4%,16.41,2.84
3/2/22,NewsTalk,,,,520794.00,18152.00,502642.00,3%,16.39,4.67
3/2/22,WBLM,,,,76871.00,2471.00,74400.00,3%,2.28,0.68
3/2/22,WJON,,,,50930.00,4788.00,46142.00,9%,7.00,0.81
3/2/22,Tide,,,,51828.00,5289.00,46539.00,10%,4.06,0.61
3/2/22,KFR,,,,5266.00,497.00,4769.00,9%,0.73,0.08
3/2/22,WBCK,,,,42112.00,1798.00,40314.00,4%,2.41,0.45
3/2/22,Cat Country,,,,77011.00,2139.00,74872.00,3%,3.16,0.75
3/2/22,Mix 95.7FM,,,,22963.00,505.00,22458.00,2%,0.67,0.20
3/2/22,Memedroid,,,,175661.00,14143.00,161518.00,8%,2.76,0.22
3/2/22,Loudwire,,,,25255.00,3850.00,21405.00,15%,4.58,0.47
3/2/22,XXL Mag,,,,15538.00,3314.00,12224.00,21%,3.40,0.32
3/2/22,ScoreStream,,,,2886.00,57.00,2829.00,2%,0.02,0.00
3/2/22,FreeUnblock VPN,,,,688.00,48.00,640.00,7%,0.00,0.00
3/2/22,HAR Texas,,,,685620.00,98320.00,587300.00,14%,119.67,9.57
3/2/22,Psiphon Pro,,,,14207898.00,945721.00,13262177.00,7%,183.99,14.72
3/2/22,Bracelet Book,,,,34205.00,1070.00,33135.00,3%,0.37,0.03
3/2/22,Tumblr,,,,82767040.00,5426086.00,77340954.00,7%,11467.23,688.03
3/2/22,Wordfinder by WordTips,,,,487054.00,128675.00,358379.00,26%,163.16,13.05
3/2/22,PricePulse,,,,24024.00,891.00,23133.00,4%,0.63,0.05
3/2/22,Untappd,,,,395547.00,60774.00,334773.00,15%,47.50,3.80
3/2/22,Dice with Buddies,,,,441060.00,30979.00,410081.00,7%,74.28,4.09
3/2/22,Yahtzee with Buddies,,,,3095189.00,122337.00,2972852.00,4%,311.82,17.15
3/2/22,Daily Mail Online / Mail Online,,,,1266105.00,87979.00,1178126.00,7%,34.37,2.41
3/2/22,Astrology Daily,,,,600.00,70.00,530.00,12%,0.12,0.01
3/2/22,Meetup,,,,113372.00,40820.00,72552.00,36%,93.06,7.44
3/2/22,BisManOnline,,,,13144.00,4925.00,8219.00,37%,5.59,0.45
3/2/22,Tokybook ,,,,22520.00,6180.00,16340.00,27%,5.00,0.40
3/2/22,1point3acres,,,,37.00,1.00,36.00,3%,0.00,0.00
3/2/22,Radio Texas Live,,,,32527.00,1079.00,31448.00,3%,0.81,0.28
3/2/22,KLAQ,,,,162542.00,19068.00,143474.00,12%,12.99,1.91
3/2/22,KICKS 105,,,,14021.00,1188.00,12833.00,8%,1.07,0.16
3/2/22,106.5 WYRK,,,,117159.00,4695.00,112464.00,4%,6.09,1.21
3/2/22,Buffalos 937 WBLK -The Peoples Station,,,,113987.00,8100.00,105887.00,7%,8.82,1.36
3/2/22,K2,,,,32931.00,1390.00,31541.00,4%,1.42,0.32
3/2/22,101.5 WPDH,,,,52102.00,7479.00,44623.00,14%,5.70,0.71
3/2/22,97.3 KKRC,,,,19615.00,2193.00,17422.00,11%,1.58,0.23
3/2/22,The Dawg 973,,,,47350.00,1797.00,45553.00,4%,2.37,0.48
3/2/22,The Beet,,,,1770.00,134.00,1636.00,8%,0.19,0.02
3/2/22,KNUE 1015 East Texas Country Station,,,,13014.00,483.00,12531.00,4%,0.31,0.11
3/2/22,MyLaps,,,,9087.00,2361.00,6726.00,26%,0.32,0.03
3/2/22,Highway 98.9,,,,45674.00,3241.00,42433.00,7%,2.10,0.44
3/2/22,News Talk KIT,,,,40120.00,1110.00,39010.00,3%,1.00,0.34
3/2/22,The Game 730 AM,,,,39556.00,3266.00,36290.00,8%,1.42,0.35
3/2/22,99.1 WFMK,,,,11821.00,548.00,11273.00,5%,0.47,0.11
3/2/22,981 Minnesotas New Country,,,,22357.00,958.00,21399.00,4%,0.63,0.19
3/2/22,97X,,,,128842.00,5962.00,122880.00,5%,3.03,1.07
3/2/22,KHAK 981,,,,39075.00,1611.00,37464.00,4%,1.34,0.36
3/2/22,FMX 945,,,,14153.00,2507.00,11646.00,18%,1.15,0.16
3/2/22,GNA,,,,51650.00,4442.00,47208.00,9%,2.18,0.48
3/2/22,Hudson Valley Post,,,,6298.00,614.00,5684.00,10%,0.92,0.10
3/2/22,92.9 Jack FM,,,,8925.00,421.00,8504.00,5%,0.46,0.09
3/1/22,Imgur,,,,13293272.00,709157.00,12584115.00,5%,2216.51,156.41
3/1/22,Wattpad,,,,2638150.00,894241.00,1743909.00,34%,1469.56,191.06
3/1/22,MixerBox,,,,52756.00,17061.00,35695.00,32%,108.25,3.66
3/1/22,MixerBoxLite,,,,1089187.00,133351.00,955836.00,12%,95.34,33.36
3/1/22,Kidoodle,,,,126422997.00,1023191.00,125399806.00,1%,8048.00,1280.20
3/1/22,MocoSpace,,,,428662.00,268742.00,159920.00,63%,591.45,42.52
3/1/22,Online Plus,,,,2593564.00,688798.00,1904766.00,27%,2153.50,126.62
3/1/22,Qlixar,,,,1457252.00,310322.00,1146930.00,21%,1276.23,58.49
3/1/22,WeatherBug,,,,52239498.00,945708.00,51293790.00,2%,1651.52,132.12
3/1/22,Droplist,,,,501241.00,226633.00,274608.00,45%,147.94,16.72
3/1/22,Growlr,,,,4227498.00,1879033.00,2348465.00,44%,661.08,62.71
3/1/22,The Times of India,,,,15461238.00,284937.00,15176301.00,2%,248.28,123.61
3/1/22,LiveMixTapes,,,,757029.00,286611.00,470418.00,38%,294.66,23.92
3/1/22,Instant News,,,,38003.00,26316.00,11687.00,69%,433.16,4.53
3/1/22,Dolphin,,,,4844.00,2500.00,2344.00,52%,3.18,0.44
3/1/22,MyDaily,,,,6981.00,5130.00,1851.00,73%,10.26,0.88
3/1/22,Everyday,,,,1216.00,740.00,476.00,61%,4.77,0.13
3/1/22,First News,,,,723114.00,226959.00,496155.00,31%,619.75,41.06
3/1/22,The Feed,,,,192.00,90.00,102.00,47%,0.32,0.02
3/1/22,VladTV,,,,195030.00,78208.00,116822.00,40%,65.83,5.43
3/1/22,Crocodile,,,,16095.00,3723.00,12372.00,23%,11.16,0.69
3/1/22,QuizJP,,,,403.00,0.00,403.00,0%,0.00,0.00
3/1/22,QuizUS,,,,388.00,20.00,368.00,5%,0.18,0.01
3/1/22,PalTalk,,,,1433854.00,1064587.00,369267.00,74%,262.48,20.96
3/1/22,Impala - Headlines,,,,691614.00,80223.00,611391.00,12%,348.24,16.69
3/1/22,Steps,,,,318433.00,80327.00,238106.00,25%,59.08,5.80
3/1/22,MyFitnessPal,,,,77063628.00,33672448.00,43391180.00,44%,8649.20,736.20
3/1/22,ShopKick,,,,1628900.00,314962.00,1313938.00,19%,1567.08,72.19
3/1/22,Audiomack,,,,2640422.00,940385.00,1700037.00,36%,2321.43,127.97
3/1/22,Encyclopedia Britannica,,,,8772872.00,298402.00,8474470.00,3%,285.95,20.02
3/1/22,Scrabble Go,,,,11094808.00,1304247.00,9790561.00,12%,1873.29,103.03
3/1/22,Wheel of Fortune,,,,237944.00,8315.00,229629.00,3%,40.93,2.25
3/1/22,Camfrog,,,,1437907.00,1130155.00,307752.00,79%,82.45,7.93
3/1/22,Flickr,,,,19698484.00,58294.00,19640190.00,0%,25.45,139.26
3/1/22,MeetMe,,,,1793967.00,380706.00,1413261.00,21%,673.29,85.39
3/1/22,StockTwits,,,,8151443.00,241735.00,7909708.00,3%,144.74,11.58
3/1/22,Ultimate Classic Rock,,,,12230.00,711.00,11519.00,6%,0.81,0.14
3/1/22,Barstool Sports,,,,4331440.00,103236.00,4228204.00,2%,21.28,1.70
3/1/22,SwingU,,,,19367.00,3246.00,16121.00,17%,6.72,0.54
3/1/22,Reuters,,,,3465032.00,73839.00,3391193.00,2%,69.59,5.57
3/1/22,Funny Weather,,,,7034.00,1087.00,5947.00,15%,3.40,0.28
3/1/22,VPN - Super Unlimited Proxy,,,,5657904.00,36723.00,5621181.00,1%,45.77,42.55
3/1/22,NJ 101.5,,,,701307.00,47205.00,654102.00,7%,52.38,8.25
3/1/22,WGRD,,,,237299.00,10338.00,226961.00,4%,14.95,2.64
3/1/22,NewsTalk,,,,476181.00,16419.00,459762.00,3%,14.74,4.25
3/1/22,WBLM,,,,67006.00,2434.00,64572.00,4%,2.48,0.63
3/1/22,WJON,,,,51261.00,4319.00,46942.00,8%,5.63,0.72
3/1/22,Tide,,,,43465.00,5448.00,38017.00,13%,4.67,0.59
3/1/22,KFR,,,,12468.00,422.00,12046.00,3%,0.46,0.12
3/1/22,WBCK,,,,32092.00,1582.00,30510.00,5%,1.76,0.34
3/1/22,Cat Country,,,,74094.00,2882.00,71212.00,4%,3.97,0.78
3/1/22,Mix 95.7FM,,,,23660.00,709.00,22951.00,3%,1.23,0.25
3/1/22,Memedroid,,,,157669.00,9788.00,147881.00,6%,1.92,0.15
3/1/22,Loudwire,,,,22810.00,3694.00,19116.00,16%,4.28,0.43
3/1/22,XXL Mag,,,,14283.00,3276.00,11007.00,23%,3.23,0.30
3/1/22,ScoreStream,,,,1503.00,31.00,1472.00,2%,0.02,0.00
3/1/22,FreeUnblock VPN,,,,608.00,28.00,580.00,5%,0.00,0.00
3/1/22,HAR Texas,,,,584290.00,92775.00,491515.00,16%,115.07,9.21
3/1/22,Psiphon Pro,,,,14020029.00,904234.00,13115795.00,6%,189.45,15.16
3/1/22,Bracelet Book,,,,31578.00,1201.00,30377.00,4%,0.36,0.03
3/1/22,Tumblr,,,,82819636.00,5405896.00,77413740.00,7%,11445.80,686.75
3/1/22,Wordfinder by WordTips,,,,458601.00,122691.00,335910.00,27%,149.44,11.96
3/1/22,PricePulse,,,,27471.00,798.00,26673.00,3%,0.63,0.05
3/1/22,Untappd,,,,299707.00,41572.00,258135.00,14%,32.11,2.57
3/1/22,Dice with Buddies,,,,404237.00,22981.00,381256.00,6%,57.76,3.18
3/1/22,Dice with Ellen,,,,2.00,0.00,2.00,0%,0.00,0.00
3/1/22,Yahtzee with Buddies,,,,2582382.00,95994.00,2486388.00,4%,256.67,14.12
3/1/22,Daily Mail Online / Mail Online,,,,58584.00,3943.00,54641.00,7%,2.03,0.14
3/1/22,Astrology Daily,,,,617.00,65.00,552.00,11%,0.16,0.01
3/1/22,Meetup,,,,102905.00,39051.00,63854.00,38%,92.08,7.37
3/1/22,BisManOnline,,,,11894.00,4085.00,7809.00,34%,4.33,0.35
3/1/22,Tokybook ,,,,19758.00,5263.00,14495.00,27%,3.51,0.28
3/1/22,Radio Texas Live,,,,28439.00,1138.00,27301.00,4%,0.93,0.26
3/1/22,KLAQ,,,,152520.00,20426.00,132094.00,13%,11.52,1.73
3/1/22,KICKS 105,,,,13917.00,1079.00,12838.00,8%,1.39,0.19
3/1/22,106.5 WYRK,,,,103626.00,4703.00,98923.00,5%,6.09,1.12
3/1/22,Buffalos 937 WBLK -The Peoples Station,,,,106250.00,5482.00,100768.00,5%,6.37,1.15
3/1/22,K2,,,,23853.00,831.00,23022.00,3%,0.82,0.22
3/1/22,101.5 WPDH,,,,47784.00,7578.00,40206.00,16%,5.14,0.64
3/1/22,97.3 KKRC,,,,18559.00,1858.00,16701.00,10%,1.31,0.21
3/1/22,The Dawg 973,,,,35531.00,1626.00,33905.00,5%,1.62,0.35
3/1/22,The Beet,,,,1618.00,115.00,1503.00,7%,0.11,0.02
3/1/22,KNUE 1015 East Texas Country Station,,,,11191.00,346.00,10845.00,3%,0.26,0.09
3/1/22,MyLaps,,,,10968.00,3142.00,7826.00,29%,0.39,0.03
3/1/22,Highway 98.9,,,,36217.00,2166.00,34051.00,6%,1.40,0.34
3/1/22,News Talk KIT,,,,43085.00,1225.00,41860.00,3%,1.16,0.37
3/1/22,The Game 730 AM,,,,29426.00,3687.00,25739.00,13%,1.22,0.27
3/1/22,99.1 WFMK,,,,13694.00,485.00,13209.00,4%,0.46,0.12
3/1/22,981 Minnesotas New Country,,,,21460.00,870.00,20590.00,4%,0.60,0.19
3/1/22,97X,,,,106937.00,5092.00,101845.00,5%,2.46,0.89
3/1/22,KHAK 981,,,,37046.00,1688.00,35358.00,5%,1.36,0.34
3/1/22,FMX 945,,,,11868.00,2247.00,9621.00,19%,0.97,0.14
3/1/22,GNA,,,,40467.00,2666.00,37801.00,7%,1.46,0.37
3/1/22,Hudson Valley Post,,,,6310.00,577.00,5733.00,9%,0.84,0.10
3/1/22,92.9 Jack FM,,,,7300.00,518.00,6782.00,7%,0.39,0.07
2/28/22,Imgur,,,,14336230.00,608117.00,13728113.00,4%,1922.44,154.20
2/28/22,Wattpad,,,,2714581.00,952407.00,1762174.00,35%,1520.04,202.82
2/28/22,MixerBox,,,,51052.00,17187.00,33865.00,34%,109.51,3.67
2/28/22,MixerBoxLite,,,,1090393.00,138538.00,951855.00,13%,89.84,34.37
2/28/22,Kidoodle,,,,134239805.00,991452.00,133248353.00,1%,8336.91,1349.58
2/28/22,MocoSpace,,,,449178.00,287277.00,161901.00,64%,638.98,45.86
2/28/22,Online Plus,,,,2614697.00,733734.00,1880963.00,28%,2350.55,134.14
2/28/22,Qlixar,,,,1457083.00,361474.00,1095609.00,25%,1610.30,66.93
2/28/22,WeatherBug,,,,54917687.00,1070982.00,53846705.00,2%,1881.38,150.51
2/28/22,Droplist,,,,571013.00,246578.00,324435.00,43%,153.43,17.61
2/28/22,Growlr,,,,4370478.00,2035883.00,2334595.00,47%,733.13,67.66
2/28/22,The Times of India,,,,13640350.00,284917.00,13355433.00,2%,252.24,111.14
2/28/22,LiveMixTapes,,,,753827.00,283097.00,470730.00,38%,318.10,25.56
2/28/22,Instant News,,,,38041.00,27593.00,10448.00,73%,469.31,4.74
2/28/22,Dolphin,,,,5840.00,2756.00,3084.00,47%,3.34,0.48
2/28/22,MyDaily,,,,8400.00,6028.00,2372.00,72%,13.62,1.04
2/28/22,Everyday,,,,1362.00,834.00,528.00,61%,5.06,0.14
2/28/22,First News,,,,756417.00,252485.00,503932.00,33%,710.40,45.44
2/28/22,The Feed,,,,2033.00,1059.00,974.00,52%,2.30,0.18
2/28/22,VladTV,,,,183814.00,75678.00,108136.00,41%,66.79,5.43
2/28/22,Crocodile,,,,18925.00,4397.00,14528.00,23%,13.05,0.82
2/28/22,QuizJP,,,,651.00,1.00,650.00,0%,0.01,0.00
2/28/22,QuizUS,,,,235.00,0.00,235.00,0%,0.00,0.00
2/28/22,PalTalk,,,,1663633.00,1278255.00,385378.00,77%,315.13,24.76
2/28/22,Impala - Headlines,,,,695256.00,70699.00,624557.00,10%,310.82,15.14
2/28/22,Steps,,,,320321.00,81490.00,238831.00,25%,59.08,5.81
2/28/22,MyFitnessPal,,,,71075087.00,32071115.00,39003972.00,45%,8579.00,701.98
2/28/22,ShopKick,,,,1636820.00,336488.00,1300332.00,21%,1795.76,76.40
2/28/22,Audiomack,,,,2598252.00,908914.00,1689338.00,35%,2347.70,129.21
2/28/22,Encyclopedia Britannica,,,,8636110.00,312704.00,8323406.00,4%,298.22,20.88
2/28/22,Scrabble Go,,,,11448019.00,1339240.00,10108779.00,12%,2458.43,135.21
2/28/22,Wheel of Fortune,,,,255166.00,9508.00,245658.00,4%,50.49,2.78
2/28/22,Camfrog,,,,1406503.00,1117103.00,289400.00,79%,92.38,8.49
2/28/22,Flickr,,,,19115831.00,61372.00,19054459.00,0%,27.10,135.28
2/28/22,MeetMe,,,,1955231.00,406873.00,1548358.00,21%,776.35,91.66
2/28/22,StockTwits,,,,7704360.00,284998.00,7419362.00,4%,164.47,13.16
2/28/22,Ultimate Classic Rock,,,,11895.00,859.00,11036.00,7%,1.24,0.16
2/28/22,Barstool Sports,,,,4768701.00,127843.00,4640858.00,3%,26.96,2.16
2/28/22,SwingU,,,,18998.00,3127.00,15871.00,16%,5.44,0.44
2/28/22,Reuters,,,,3713616.00,72624.00,3640992.00,2%,68.91,5.51
2/28/22,Funny Weather,,,,7107.00,1208.00,5899.00,17%,3.60,0.29
2/28/22,VPN - Super Unlimited Proxy,,,,5912184.00,38510.00,5873674.00,1%,40.11,43.92
2/28/22,NJ 101.5,,,,696444.00,49700.00,646744.00,7%,62.45,8.90
2/28/22,WGRD,,,,245910.00,9399.00,236511.00,4%,15.38,2.73
2/28/22,NewsTalk,,,,481032.00,15847.00,465185.00,3%,15.22,4.32
2/28/22,WBLM,,,,62388.00,2362.00,60026.00,4%,2.27,0.58
2/28/22,WJON,,,,50667.00,3856.00,46811.00,8%,6.53,0.78
2/28/22,Tide,,,,47575.00,5415.00,42160.00,11%,4.59,0.62
2/28/22,KFR,,,,9716.00,521.00,9195.00,5%,0.56,0.10
2/28/22,WBCK,,,,34468.00,1897.00,32571.00,6%,1.97,0.37
2/28/22,Cat Country,,,,69062.00,2503.00,66559.00,4%,3.66,0.72
2/28/22,Mix 95.7FM,,,,24607.00,801.00,23806.00,3%,1.08,0.24
2/28/22,Memedroid,,,,178866.00,12255.00,166611.00,7%,2.72,0.22
2/28/22,Loudwire,,,,21071.00,3103.00,17968.00,15%,3.96,0.40
2/28/22,XXL Mag,,,,11347.00,2198.00,9149.00,19%,2.16,0.22
2/28/22,ScoreStream,,,,922.00,43.00,879.00,5%,0.04,0.00
2/28/22,FreeUnblock VPN,,,,676.00,40.00,636.00,6%,0.00,0.00
2/28/22,HAR Texas,,,,603028.00,97859.00,505169.00,16%,122.78,9.82
2/28/22,Psiphon Pro,,,,13203203.00,1214581.00,11988622.00,9%,225.60,18.05
2/28/22,Bracelet Book,,,,36471.00,1590.00,34881.00,4%,0.60,0.05
2/28/22,Tumblr,,,,81368026.00,5572033.00,75795993.00,7%,12112.26,726.74
2/28/22,Wordfinder by WordTips,,,,475958.00,124455.00,351503.00,26%,160.90,12.87
2/28/22,PricePulse,,,,26306.00,989.00,25317.00,4%,0.85,0.07
2/28/22,Untappd,,,,225911.00,22484.00,203427.00,10%,11.28,0.90
2/28/22,Dice with Buddies,,,,389793.00,21936.00,367857.00,6%,55.90,3.07
2/28/22,Yahtzee with Buddies,,,,2470806.00,99824.00,2370982.00,4%,251.63,13.84
2/28/22,Astrology Daily,,,,529.00,55.00,474.00,10%,0.09,0.01
2/28/22,Meetup,,,,109591.00,38068.00,71523.00,35%,85.95,6.88
2/28/22,BisManOnline,,,,12245.00,4271.00,7974.00,35%,3.60,0.29
2/28/22,Tokybook ,,,,18533.00,4348.00,14185.00,23%,3.00,0.24
2/28/22,1point3acres,,,,35.00,1.00,34.00,3%,0.00,0.00
2/28/22,Radio Texas Live,,,,31068.00,1488.00,29580.00,5%,1.23,0.29
2/28/22,KLAQ,,,,153223.00,21567.00,131656.00,14%,14.03,1.90
2/28/22,KICKS 105,,,,14105.00,681.00,13424.00,5%,0.73,0.15
2/28/22,106.5 WYRK,,,,97354.00,7590.00,89764.00,8%,8.38,1.21
2/28/22,Buffalos 937 WBLK -The Peoples Station,,,,111749.00,7869.00,103880.00,7%,9.34,1.38
2/28/22,K2,,,,22630.00,891.00,21739.00,4%,0.86,0.21
2/28/22,101.5 WPDH,,,,48264.00,7804.00,40460.00,16%,5.03,0.64
2/28/22,97.3 KKRC,,,,20473.00,3207.00,17266.00,16%,2.79,0.32
2/28/22,The Dawg 973,,,,40071.00,1829.00,38242.00,5%,2.12,0.42
2/28/22,KNUE 1015 East Texas Country Station,,,,13369.00,551.00,12818.00,4%,0.41,0.12
2/28/22,MyLaps,,,,19735.00,4955.00,14780.00,25%,0.75,0.06
2/27/22,Imgur,,,,14670677.00,655778.00,14014899.00,4%,2070.89,160.84
2/27/22,Wattpad,,,,2855876.00,989631.00,1866245.00,35%,1572.22,210.99
2/27/22,MixerBox,,,,55510.00,18954.00,36556.00,34%,118.78,4.05
2/27/22,MixerBoxLite,,,,1207292.00,157248.00,1050044.00,13%,101.62,38.80
2/27/22,Kidoodle,,,,155061108.00,916040.00,154145068.00,1%,7671.78,1462.60
2/27/22,MocoSpace,,,,480944.00,329389.00,151555.00,68%,635.01,45.51
2/27/22,Online Plus,,,,2630752.00,664579.00,1966173.00,25%,2143.86,122.81
2/27/22,Qlixar,,,,1461159.00,318851.00,1142308.00,22%,1349.37,59.92
2/27/22,WeatherBug,,,,55524857.00,1290022.00,54234835.00,2%,2287.66,183.01
2/27/22,Droplist,,,,377806.00,158816.00,218990.00,42%,96.49,11.18
2/27/22,Growlr,,,,4557327.00,2127861.00,2429466.00,47%,735.24,68.47
2/27/22,The Times of India,,,,12658080.00,389946.00,12268134.00,3%,303.67,107.13
2/27/22,LiveMixTapes,,,,758103.00,292829.00,465274.00,39%,324.50,25.97
2/27/22,Instant News,,,,39891.00,30558.00,9333.00,77%,549.86,5.24
2/27/22,Dolphin,,,,5461.00,2536.00,2925.00,46%,3.28,0.45
2/27/22,MyDaily,,,,8008.00,5988.00,2020.00,75%,12.01,1.03
2/27/22,Everyday,,,,1807.00,1363.00,444.00,75%,5.91,0.23
2/27/22,First News,,,,850831.00,284337.00,566494.00,33%,734.19,51.17
2/27/22,The Feed,,,,525.00,205.00,320.00,39%,0.47,0.04
2/27/22,VladTV,,,,149791.00,60163.00,89628.00,40%,57.53,4.65
2/27/22,Crocodile,,,,23817.00,4141.00,19676.00,17%,11.90,0.80
2/27/22,QuizJP,,,,300.00,2.00,298.00,1%,0.01,0.00
2/27/22,QuizUS,,,,399.00,13.00,386.00,3%,0.13,0.01
2/27/22,PalTalk,,,,1750549.00,1326019.00,424530.00,76%,362.24,28.33
2/27/22,Impala - Headlines,,,,672336.00,53885.00,618451.00,8%,241.95,12.25
2/27/22,Steps,,,,313750.00,74524.00,239226.00,24%,58.98,5.80
2/27/22,MyFitnessPal,,,,51798547.00,23011525.00,28787022.00,44%,6381.43,520.58
2/27/22,ShopKick,,,,1899937.00,434970.00,1464967.00,23%,2332.16,97.25
2/27/22,Audiomack,,,,2424207.00,825423.00,1598784.00,34%,1950.44,108.71
2/27/22,Encyclopedia Britannica,,,,8071961.00,293241.00,7778720.00,4%,258.54,18.10
2/27/22,Scrabble Go,,,,12211131.00,1346242.00,10864889.00,11%,2489.03,136.90
2/27/22,Wheel of Fortune,,,,277249.00,10558.00,266691.00,4%,56.97,3.13
2/27/22,Camfrog,,,,1571144.00,1251594.00,319550.00,80%,96.23,8.97
2/27/22,Flickr,,,,22763031.00,59373.00,22703658.00,0%,27.47,160.85
2/27/22,MeetMe,,,,1933150.00,418437.00,1514713.00,22%,798.62,93.71
2/27/22,StockTwits,,,,2242415.00,61935.00,2180480.00,3%,43.30,3.46
2/27/22,Ultimate Classic Rock,,,,11994.00,665.00,11329.00,6%,0.91,0.14
2/27/22,Barstool Sports,,,,2703800.00,97454.00,2606346.00,4%,21.17,1.69
2/27/22,SwingU,,,,32833.00,5394.00,27439.00,16%,10.55,0.84
2/27/22,Reuters,,,,4030765.00,75439.00,3955326.00,2%,77.79,6.22
2/27/22,Funny Weather,,,,7553.00,1545.00,6008.00,20%,4.25,0.34
2/27/22,VPN - Super Unlimited Proxy,,,,5669750.00,36874.00,5632876.00,1%,38.03,42.09
2/27/22,NJ 101.5,,,,203670.00,13293.00,190377.00,7%,18.43,2.62
2/27/22,WGRD,,,,12189.00,240.00,11949.00,2%,0.30,0.10
2/27/22,NewsTalk,,,,74928.00,2609.00,72319.00,3%,3.12,0.72
2/27/22,WBLM,,,,30923.00,1436.00,29487.00,5%,1.40,0.30
2/27/22,WJON,,,,22581.00,1608.00,20973.00,7%,1.94,0.28
2/27/22,Tide,,,,17524.00,2920.00,14604.00,17%,3.02,0.31
2/27/22,KFR,,,,2618.00,274.00,2344.00,10%,0.36,0.04
2/27/22,WBCK,,,,11222.00,714.00,10508.00,6%,1.04,0.15
2/27/22,Cat Country,,,,13709.00,349.00,13360.00,3%,0.51,0.13
2/27/22,Mix 95.7FM,,,,6207.00,43.00,6164.00,1%,0.02,0.04
2/27/22,Memedroid,,,,167760.00,11219.00,156541.00,7%,2.36,0.19
2/27/22,Loudwire,,,,17950.00,2768.00,15182.00,15%,3.23,0.33
2/27/22,XXL Mag,,,,10552.00,1484.00,9068.00,14%,1.68,0.18
2/27/22,ScoreStream,,,,2164.00,61.00,2103.00,3%,0.06,0.00
2/27/22,FreeUnblock VPN,,,,643.00,30.00,613.00,5%,0.00,0.00
2/27/22,HAR Texas,,,,722520.00,119492.00,603028.00,17%,159.88,12.79
2/27/22,Psiphon Pro,,,,13326149.00,1373354.00,11952795.00,10%,242.98,19.44
2/27/22,Bracelet Book,,,,47280.00,1832.00,45448.00,4%,0.76,0.06
2/27/22,Tumblr,,,,80748081.00,5124860.00,75623221.00,6%,10956.30,657.38
2/27/22,Wordfinder by WordTips,,,,529612.00,144378.00,385234.00,27%,171.70,13.74
2/27/22,PricePulse,,,,23319.00,786.00,22533.00,3%,0.72,0.06
2/27/22,Untappd,,,,462317.00,43878.00,418439.00,9%,21.53,1.72
2/27/22,Dice with Buddies,,,,385808.00,22888.00,362920.00,6%,58.94,3.24
2/27/22,Yahtzee with Buddies,,,,2405028.00,95867.00,2309161.00,4%,247.08,13.59
2/27/22,Astrology Daily,,,,681.00,90.00,591.00,13%,0.17,0.01
2/27/22,Meetup,,,,121713.00,39728.00,81985.00,33%,88.63,7.09
2/27/22,BisManOnline,,,,14497.00,6147.00,8350.00,42%,5.60,0.45
2/27/22,Tokybook ,,,,13711.00,2817.00,10894.00,21%,1.80,0.14
2/27/22,1point3acres,,,,81.00,1.00,80.00,1%,0.00,0.00
2/27/22,Radio Texas Live,,,,38334.00,1638.00,36696.00,4%,1.08,0.33
2/27/22,KLAQ,,,,17313.00,1751.00,15562.00,10%,1.12,0.19
2/27/22,KICKS 105,,,,4946.00,268.00,4678.00,5%,0.20,0.05
2/27/22,106.5 WYRK,,,,40194.00,2129.00,38065.00,5%,2.09,0.41
2/27/22,Buffalos 937 WBLK -The Peoples Station,,,,34796.00,1953.00,32843.00,6%,2.26,0.39
2/27/22,K2,,,,11108.00,188.00,10920.00,2%,0.21,0.09
2/27/22,101.5 WPDH,,,,30266.00,4277.00,25989.00,14%,3.70,0.44
2/27/22,97.3 KKRC,,,,5728.00,684.00,5044.00,12%,0.61,0.08
2/27/22,The Dawg 973,,,,148881.00,6344.00,142537.00,4%,6.38,1.44
2/27/22,KNUE 1015 East Texas Country Station,,,,15270.00,297.00,14973.00,2%,0.16,0.12
2/27/22,MyLaps,,,,132470.00,26551.00,105919.00,20%,4.72,0.38
2/26/22,Imgur,,,,12910853.00,682931.00,12227922.00,5%,2088.17,151.52
2/26/22,Wattpad,,,,2492670.00,960796.00,1531874.00,39%,1696.40,202.88
2/26/22,MixerBox,,,,57069.00,19527.00,37542.00,34%,133.48,4.17
2/26/22,MixerBoxLite,,,,1245543.00,166204.00,1079339.00,13%,115.33,40.80
2/26/22,Kidoodle,,,,162337610.00,1022428.00,161315182.00,1%,8931.85,1575.80
2/26/22,MocoSpace,,,,455680.00,314050.00,141630.00,69%,590.26,42.31
2/26/22,Online Plus,,,,2677049.00,715891.00,1961158.00,27%,2277.42,131.51
2/26/22,Qlixar,,,,1505684.00,331705.00,1173979.00,22%,1412.34,62.26
2/26/22,WeatherBug,,,,56573763.00,1375906.00,55197857.00,2%,2498.29,199.86
2/26/22,Droplist,,,,393935.00,170638.00,223297.00,43%,116.00,13.16
2/26/22,Growlr,,,,4470465.00,2082352.00,2388113.00,47%,741.13,68.60
2/26/22,The Times of India,,,,12853142.00,403868.00,12449274.00,3%,334.65,110.57
2/26/22,LiveMixTapes,,,,861037.00,335047.00,525990.00,39%,366.73,29.35
2/26/22,Instant News,,,,40110.00,27913.00,12197.00,70%,499.90,4.81
2/26/22,Dolphin,,,,4716.00,2036.00,2680.00,43%,2.04,0.36
2/26/22,MyDaily,,,,7800.00,5675.00,2125.00,73%,12.23,0.98
2/26/22,Everyday,,,,1272.00,975.00,297.00,77%,5.33,0.17
2/26/22,First News,,,,854235.00,276500.00,577735.00,32%,711.92,49.89
2/26/22,The Feed,,,,269.00,75.00,194.00,28%,0.22,0.01
2/26/22,ShopSavvy,,,,7.00,4.00,3.00,57%,0.01,0.00
2/26/22,VladTV,,,,181316.00,71581.00,109735.00,39%,64.44,5.28
2/26/22,Crocodile,,,,16641.00,2762.00,13879.00,17%,7.84,0.54
2/26/22,QuizJP,,,,674.00,0.00,674.00,0%,0.00,0.00
2/26/22,QuizUS,,,,293.00,4.00,289.00,1%,0.03,0.00
2/26/22,PalTalk,,,,1771850.00,1327047.00,444803.00,75%,386.02,30.14
2/26/22,Impala - Headlines,,,,718648.00,63446.00,655202.00,9%,280.41,14.06
2/26/22,Steps,,,,321795.00,78698.00,243097.00,24%,64.23,6.20
2/26/22,MyFitnessPal,,,,50840015.00,23287265.00,27552750.00,46%,6490.13,517.38
2/26/22,ShopKick,,,,2121740.00,629822.00,1491918.00,30%,3297.18,136.40
2/26/22,Audiomack,,,,2619617.00,847333.00,1772284.00,32%,2069.98,115.90
2/26/22,Encyclopedia Britannica,,,,7960752.00,264145.00,7696607.00,3%,261.06,18.27
2/26/22,Scrabble Go,,,,11378358.00,1199610.00,10178748.00,11%,2531.85,139.25
2/26/22,Wheel of Fortune,,,,274299.00,9590.00,264709.00,4%,59.57,3.28
2/26/22,Camfrog,,,,1609566.00,1287472.00,322094.00,80%,101.78,9.38
2/26/22,Flickr,,,,18687386.00,57463.00,18629923.00,0%,26.63,132.27
2/26/22,MeetMe,,,,1829287.00,431663.00,1397624.00,24%,834.53,95.47
2/26/22,StockTwits,,,,2428169.00,74493.00,2353676.00,3%,51.84,4.15
2/26/22,Ultimate Classic Rock,,,,11543.00,662.00,10881.00,6%,0.87,0.14
2/26/22,Barstool Sports,,,,4283413.00,107072.00,4176341.00,3%,23.31,1.86
2/26/22,SwingU,,,,32094.00,5438.00,26656.00,17%,10.80,0.86
2/26/22,Reuters,,,,3649414.00,70552.00,3578862.00,2%,73.41,5.87
2/26/22,Funny Weather,,,,8159.00,1577.00,6582.00,19%,4.07,0.33
2/26/22,VPN - Super Unlimited Proxy,,,,5351100.00,32470.00,5318630.00,1%,29.83,39.32
2/26/22,NJ 101.5,,,,266234.00,26537.00,239697.00,10%,32.58,3.96
2/26/22,WGRD,,,,31314.00,1615.00,29699.00,5%,2.57,0.39
2/26/22,NewsTalk,,,,87253.00,3477.00,83776.00,4%,3.68,0.84
2/26/22,WBLM,,,,33359.00,1820.00,31539.00,5%,1.81,0.35
2/26/22,WJON,,,,30928.00,3440.00,27488.00,11%,5.02,0.54
2/26/22,Tide,,,,20999.00,3310.00,17689.00,16%,2.68,0.31
2/26/22,KFR,,,,3904.00,423.00,3481.00,11%,0.53,0.06
2/26/22,WBCK,,,,15497.00,1040.00,14457.00,7%,1.54,0.21
2/26/22,Cat Country,,,,17711.00,388.00,17323.00,2%,0.58,0.16
2/26/22,Mix 95.7FM,,,,8419.00,132.00,8287.00,2%,0.12,0.07
2/26/22,Memedroid,,,,172540.00,13800.00,158740.00,8%,2.76,0.22
2/26/22,Loudwire,,,,17963.00,2792.00,15171.00,16%,3.35,0.34
2/26/22,XXL Mag,,,,10638.00,1223.00,9415.00,12%,1.47,0.17
2/26/22,ScoreStream,,,,4138.00,88.00,4050.00,2%,0.07,0.01
2/26/22,FreeUnblock VPN,,,,658.00,36.00,622.00,5%,0.00,0.00
2/26/22,HAR Texas,,,,753950.00,128119.00,625831.00,17%,161.04,12.88
2/26/22,Psiphon Pro,,,,13472152.00,1225440.00,12246712.00,9%,216.36,17.31
2/26/22,Bracelet Book,,,,41790.00,1654.00,40136.00,4%,0.74,0.06
2/26/22,Tumblr,,,,78109696.00,4758910.00,73350786.00,6%,9962.03,597.72
2/26/22,Wordfinder by WordTips,,,,499190.00,134932.00,364258.00,27%,172.27,13.78
2/26/22,PricePulse,,,,23878.00,1082.00,22796.00,5%,0.87,0.07
2/26/22,Untappd,,,,600027.00,52022.00,548005.00,9%,27.78,2.22
2/26/22,Dice with Buddies,,,,379867.00,19922.00,359945.00,5%,57.40,3.16
2/26/22,Yahtzee with Buddies,,,,2185699.00,83152.00,2102547.00,4%,232.31,12.78
2/26/22,Astrology Daily,,,,531.00,55.00,476.00,10%,0.10,0.01
2/26/22,Meetup,,,,126147.00,40996.00,85151.00,33%,90.82,7.27
2/26/22,BisManOnline,,,,14509.00,4755.00,9754.00,33%,4.43,0.35
2/26/22,Tokybook ,,,,18061.00,4220.00,13841.00,23%,2.91,0.23
2/26/22,1point3acres,,,,59.00,6.00,53.00,10%,0.00,0.00
2/26/22,Radio Texas Live,,,,32815.00,1187.00,31628.00,4%,1.05,0.29
2/26/22,KLAQ,,,,27371.00,3670.00,23701.00,13%,2.74,0.36
2/26/22,KICKS 105,,,,7928.00,350.00,7578.00,4%,0.27,0.07
2/26/22,106.5 WYRK,,,,55010.00,2639.00,52371.00,5%,2.41,0.54
2/26/22,Buffalos 937 WBLK -The Peoples Station,,,,45491.00,3159.00,42332.00,7%,3.50,0.54
2/26/22,K2,,,,15883.00,330.00,15553.00,2%,0.38,0.14
2/26/22,101.5 WPDH,,,,27304.00,2706.00,24598.00,10%,2.06,0.32
2/26/22,97.3 KKRC,,,,6815.00,761.00,6054.00,11%,0.49,0.08
2/26/22,The Dawg 973,,,,34152.00,1898.00,32254.00,6%,2.17,0.38
2/26/22,KNUE 1015 East Texas Country Station,,,,13362.00,73.00,13289.00,1%,0.08,0.10
2/26/22,MyLaps,,,,168140.00,33466.00,134674.00,20%,5.79,0.46
2/25/22,Imgur,,,,12327724.00,683702.00,11644022.00,6%,2136.10,147.66
2/25/22,Wattpad,,,,2259608.00,896630.00,1362978.00,40%,1579.54,188.87
2/25/22,MixerBox,,,,56217.00,19246.00,36971.00,34%,128.07,4.11
2/25/22,Lucktastic,,,,346.00,34.00,312.00,10%,0.15,0.01
2/25/22,MixerBoxLite,,,,1122072.00,149418.00,972654.00,13%,108.10,36.69
2/25/22,Kidoodle,,,,145418009.00,870575.00,144547434.00,1%,7089.15,1366.29
2/25/22,MocoSpace,,,,454988.00,310088.00,144900.00,68%,509.13,36.65
2/25/22,Online Plus,,,,2725564.00,833245.00,1892319.00,31%,2592.75,151.11
2/25/22,Qlixar,,,,1587878.00,418023.00,1169855.00,26%,1817.58,76.91
2/25/22,WeatherBug,,,,84318389.00,2024424.00,82293965.00,2%,3317.32,265.39
2/25/22,Droplist,,,,350200.00,154481.00,195719.00,44%,99.35,11.31
2/25/22,Growlr,,,,4160257.00,1974921.00,2185336.00,47%,684.58,63.22
2/25/22,The Times of India,,,,9427924.00,169158.00,9258766.00,2%,164.02,76.29
2/25/22,LiveMixTapes,,,,847421.00,325261.00,522160.00,38%,370.66,29.60
2/25/22,Instant News,,,,40993.00,30981.00,10012.00,76%,561.69,5.32
2/25/22,Dolphin,,,,6595.00,3410.00,3185.00,52%,4.05,0.60
2/25/22,MyDaily,,,,7928.00,6022.00,1906.00,76%,14.65,1.03
2/25/22,Everyday,,,,1481.00,883.00,598.00,60%,5.14,0.15
2/25/22,First News,,,,843599.00,275546.00,568053.00,33%,735.74,49.68
2/25/22,The Feed,,,,649.00,216.00,433.00,33%,0.54,0.04
2/25/22,ShopSavvy,,,,17.00,4.00,13.00,24%,0.01,0.00
2/25/22,VladTV,,,,213414.00,83281.00,130133.00,39%,72.68,6.00
2/25/22,Crocodile,,,,16241.00,3581.00,12660.00,22%,10.07,0.67
2/25/22,QuizJP,,,,866.00,2.00,864.00,0%,0.01,0.01
2/25/22,QuizUS,,,,440.00,2.00,438.00,0%,0.02,0.00
2/25/22,PalTalk,,,,1668274.00,1249756.00,418518.00,75%,343.39,26.97
2/25/22,Impala - Headlines,,,,739526.00,100383.00,639143.00,14%,449.96,20.26
2/25/22,Steps,,,,340202.00,87901.00,252301.00,26%,65.65,6.36
2/25/22,MyFitnessPal,,,,60581471.00,27383906.00,33197565.00,45%,7638.59,614.31
2/25/22,ShopKick,,,,1878615.00,489775.00,1388840.00,26%,2598.55,107.67
2/25/22,Audiomack,,,,2600402.00,829015.00,1771387.00,32%,1989.80,111.89
2/25/22,Encyclopedia Britannica,,,,8496321.00,275455.00,8220866.00,3%,281.87,19.73
2/25/22,Scrabble Go,,,,11452354.00,1137037.00,10315317.00,10%,2180.28,119.92
2/25/22,Wheel of Fortune,,,,247369.00,8010.00,239359.00,3%,51.61,2.84
2/25/22,Camfrog,,,,1532959.00,1233732.00,299227.00,80%,97.05,8.89
2/25/22,Flickr,,,,21758436.00,56573.00,21701863.00,0%,27.74,153.85
2/25/22,MeetMe,,,,1779535.00,442460.00,1337075.00,25%,837.41,97.15
2/25/22,StockTwits,,,,7186984.00,214422.00,6972562.00,3%,141.19,11.30
2/25/22,Ultimate Classic Rock,,,,14326.00,918.00,13408.00,6%,1.36,0.19
2/25/22,Barstool Sports,,,,6815451.00,114286.00,6701165.00,2%,25.11,2.01
2/25/22,SwingU,,,,24232.00,3979.00,20253.00,16%,6.80,0.54
2/25/22,Reuters,,,,3736053.00,80340.00,3655713.00,2%,75.27,6.02
2/25/22,Funny Weather,,,,9517.00,1958.00,7559.00,21%,5.10,0.41
2/25/22,VPN - Super Unlimited Proxy,,,,5382978.00,23643.00,5359335.00,0%,24.28,39.21
2/25/22,NJ 101.5,,,,698741.00,58488.00,640253.00,8%,67.99,9.24
2/25/22,WGRD,,,,239165.00,11219.00,227946.00,5%,17.00,2.79
2/25/22,NewsTalk,,,,430461.00,15600.00,414861.00,4%,14.21,3.90
2/25/22,WBLM,,,,60538.00,2491.00,58047.00,4%,2.38,0.57
2/25/22,WJON,,,,53297.00,5303.00,47994.00,10%,8.48,0.93
2/25/22,Tide,,,,42236.00,4774.00,37462.00,11%,3.48,0.51
2/25/22,KFR,,,,4028.00,269.00,3759.00,7%,0.44,0.06
2/25/22,WBCK,,,,38316.00,2256.00,36060.00,6%,2.72,0.44
2/25/22,Cat Country,,,,71160.00,2226.00,68934.00,3%,2.81,0.68
2/25/22,Mix 95.7FM,,,,22539.00,844.00,21695.00,4%,1.04,0.22
2/25/22,Memedroid,,,,184129.00,10724.00,173405.00,6%,2.23,0.18
2/25/22,Loudwire,,,,21533.00,3393.00,18140.00,16%,4.50,0.44
2/25/22,XXL Mag,,,,11770.00,1580.00,10190.00,13%,2.04,0.21
2/25/22,ScoreStream,,,,2126.00,47.00,2079.00,2%,0.03,0.00
2/25/22,FreeUnblock VPN,,,,611.00,27.00,584.00,4%,0.00,0.00
2/25/22,HAR Texas,,,,668740.00,117811.00,550929.00,18%,132.10,10.57
2/25/22,Psiphon Pro,,,,14634149.00,1425860.00,13208289.00,10%,252.90,20.23
2/25/22,Bracelet Book,,,,38738.00,1767.00,36971.00,5%,0.67,0.05
2/25/22,Tumblr,,,,79865597.00,4150778.00,75714819.00,5%,9234.55,554.07
2/25/22,Wordfinder by WordTips,,,,476340.00,130615.00,345725.00,27%,167.86,13.43
2/25/22,PricePulse,,,,26069.00,1183.00,24886.00,5%,0.98,0.08
2/25/22,Untappd,,,,395647.00,35214.00,360433.00,9%,17.56,1.40
2/25/22,Dice with Buddies,,,,371465.00,21696.00,349769.00,6%,59.13,3.25
2/25/22,Yahtzee with Buddies,,,,2198387.00,91792.00,2106595.00,4%,219.93,12.10
2/25/22,Astrology Daily,,,,548.00,56.00,492.00,10%,0.11,0.01
2/25/22,Meetup,,,,118091.00,42807.00,75284.00,36%,92.90,7.43
2/25/22,BisManOnline,,,,12999.00,3583.00,9416.00,28%,3.45,0.28
2/25/22,Tokybook ,,,,17544.00,4605.00,12939.00,26%,3.57,0.29
2/25/22,1point3acres,,,,74.00,1.00,73.00,1%,0.00,0.00
2/25/22,Radio Texas Live,,,,30265.00,1103.00,29162.00,4%,0.89,0.27
2/25/22,KLAQ,,,,149689.00,17964.00,131725.00,12%,13.09,1.84
2/25/22,KICKS 105,,,,12872.00,871.00,12001.00,7%,0.86,0.14
2/25/22,106.5 WYRK,,,,140625.00,10540.00,130085.00,8%,15.45,1.99
2/25/22,Buffalos 937 WBLK -The Peoples Station,,,,103776.00,7233.00,96543.00,7%,8.04,1.24
2/25/22,K2,,,,24740.00,856.00,23884.00,3%,1.11,0.24
2/25/22,101.5 WPDH,,,,42496.00,5912.00,36584.00,14%,4.73,0.59
2/25/22,97.3 KKRC,,,,20580.00,2773.00,17807.00,13%,1.81,0.25
2/25/22,The Dawg 973,,,,33612.00,1225.00,32387.00,4%,1.44,0.33
2/25/22,KNUE 1015 East Texas Country Station,,,,14731.00,402.00,14329.00,3%,0.40,0.13
2/25/22,MyLaps,,,,85896.00,16354.00,69542.00,19%,2.55,0.20
2/24/22,Imgur,,,,11036690.00,617518.00,10419172.00,6%,1928.92,132.44
2/24/22,Wattpad,,,,2350450.00,910274.00,1440176.00,39%,1589.60,192.14
2/24/22,MixerBox,,,,55317.00,18689.00,36628.00,34%,114.40,3.99
2/24/22,Lucktastic,,,,76778.00,20120.00,56658.00,26%,117.66,2.52
2/24/22,MixerBoxLite,,,,1135507.00,143009.00,992498.00,13%,105.41,35.55
2/24/22,Kidoodle,,,,140583626.00,847161.00,139736465.00,1%,7312.10,1343.76
2/24/22,MocoSpace,,,,467991.00,313022.00,154969.00,67%,481.05,34.76
2/24/22,Online Plus,,,,2683829.00,770175.00,1913654.00,29%,2426.80,140.50
2/24/22,Qlixar,,,,1588560.00,441692.00,1146868.00,28%,1891.67,80.82
2/24/22,WeatherBug,,,,110998192.00,2975392.00,108022800.00,3%,4889.36,391.15
2/24/22,Droplist,,,,459002.00,225713.00,233289.00,49%,138.54,15.49
2/24/22,Growlr,,,,4153898.00,1935071.00,2218827.00,47%,671.29,62.52
2/24/22,The Times of India,,,,9454314.00,60833.00,9393481.00,1%,62.94,70.16
2/24/22,LiveMixTapes,,,,779321.00,308246.00,471075.00,40%,335.73,26.80
2/24/22,Instant News,,,,26674.00,20768.00,5906.00,78%,381.73,3.56
2/24/22,Dolphin,,,,3299.00,1856.00,1443.00,56%,2.50,0.32
2/24/22,MyDaily,,,,4259.00,3151.00,1108.00,74%,8.03,0.54
2/24/22,Everyday,,,,410.00,305.00,105.00,74%,2.53,0.05
2/24/22,First News,,,,838810.00,295019.00,543791.00,35%,783.58,52.87
2/24/22,The Feed,,,,170.00,37.00,133.00,22%,0.19,0.01
2/24/22,VladTV,,,,181339.00,69045.00,112294.00,38%,61.77,5.11
2/24/22,Crocodile,,,,17518.00,3342.00,14176.00,19%,10.02,0.64
2/24/22,QuizJP,,,,799.00,1.00,798.00,0%,0.01,0.01
2/24/22,QuizUS,,,,865.00,0.00,865.00,0%,0.00,0.01
2/24/22,PalTalk,,,,1820933.00,1379141.00,441792.00,76%,366.90,28.78
2/24/22,Impala - Headlines,,,,739988.00,110854.00,629134.00,15%,494.70,21.99
2/24/22,Steps,,,,349542.00,91890.00,257652.00,26%,72.95,6.91
2/24/22,MyFitnessPal,,,,70009425.00,30475290.00,39534135.00,44%,8564.65,704.97
2/24/22,ShopKick,,,,1901082.00,708851.00,1192231.00,37%,3899.95,150.11
2/24/22,Audiomack,,,,2631092.00,861088.00,1770004.00,33%,2214.74,123.13
2/24/22,Encyclopedia Britannica,,,,9166556.00,287926.00,8878630.00,3%,296.06,20.72
2/24/22,Scrabble Go,,,,11941773.00,1171333.00,10770440.00,10%,1816.86,99.93
2/24/22,Wheel of Fortune,,,,253376.00,8018.00,245358.00,3%,51.90,2.85
2/24/22,Camfrog,,,,1536845.00,1225446.00,311399.00,80%,93.57,8.73
2/24/22,Flickr,,,,21413997.00,55853.00,21358144.00,0%,26.94,151.39
2/24/22,MeetMe,,,,1817445.00,444885.00,1372560.00,24%,785.46,97.90
2/24/22,StockTwits,,,,9978802.00,275828.00,9702974.00,3%,195.11,15.61
2/24/22,Ultimate Classic Rock,,,,13139.00,886.00,12253.00,7%,1.26,0.17
2/24/22,Barstool Sports,,,,4316268.00,96067.00,4220201.00,2%,20.97,1.68
2/24/22,SwingU,,,,20200.00,3111.00,17089.00,15%,5.62,0.45
2/24/22,Reuters,,,,4961724.00,116065.00,4845659.00,2%,117.07,9.37
2/24/22,Funny Weather,,,,11578.00,2375.00,9203.00,21%,6.62,0.53
2/24/22,VPN - Super Unlimited Proxy,,,,5312382.00,23089.00,5289293.00,0%,23.08,38.64
2/24/22,NJ 101.5,,,,804338.00,75591.00,728747.00,9%,81.17,10.78
2/24/22,WGRD,,,,249397.00,12306.00,237091.00,5%,19.24,3.01
2/24/22,NewsTalk,,,,480582.00,20273.00,460309.00,4%,16.09,4.35
2/24/22,WBLM,,,,62197.00,2761.00,59436.00,4%,2.83,0.61
2/24/22,WJON,,,,57984.00,5278.00,52706.00,9%,7.14,0.87
2/24/22,Tide,,,,44065.00,4126.00,39939.00,9%,3.14,0.50
2/24/22,KFR,,,,4473.00,461.00,4012.00,10%,0.53,0.07
2/24/22,WBCK,,,,39725.00,2146.00,37579.00,5%,2.72,0.45
2/24/22,Cat Country,,,,70815.00,2714.00,68101.00,4%,3.02,0.69
2/24/22,Mix 95.7FM,,,,24349.00,1148.00,23201.00,5%,1.47,0.27
2/24/22,Memedroid,,,,175028.00,9457.00,165571.00,5%,2.46,0.20
2/24/22,Loudwire,,,,26807.00,4132.00,22675.00,15%,5.42,0.54
2/24/22,XXL Mag,,,,14023.00,1672.00,12351.00,12%,2.03,0.23
2/24/22,ScoreStream,,,,2258.00,60.00,2198.00,3%,0.09,0.01
2/24/22,FreeUnblock VPN,,,,788.00,38.00,750.00,5%,0.00,0.00
2/24/22,HAR Texas,,,,678818.00,112876.00,565942.00,17%,122.09,9.77
2/24/22,Psiphon Pro,,,,13681603.00,1361360.00,12320243.00,10%,252.18,20.17
2/24/22,Bracelet Book,,,,41987.00,1614.00,40373.00,4%,0.57,0.05
2/24/22,Tumblr,,,,80538402.00,4053747.00,76484655.00,5%,8662.22,519.73
2/24/22,Wordfinder by WordTips,,,,479446.00,110726.00,368720.00,23%,153.29,12.26
2/24/22,PricePulse,,,,24867.00,1371.00,23496.00,6%,1.08,0.09
2/24/22,Untappd,,,,301858.00,27442.00,274416.00,9%,15.11,1.21
2/24/22,Dice with Buddies,,,,381939.00,22749.00,359190.00,6%,60.48,3.33
2/24/22,Yahtzee with Buddies,,,,2391424.00,98462.00,2292962.00,4%,227.71,12.52
2/24/22,Astrology Daily,,,,574.00,59.00,515.00,10%,0.14,0.01
2/24/22,Meetup,,,,117534.00,41027.00,76507.00,35%,87.13,6.97
2/24/22,BisManOnline,,,,10998.00,3427.00,7571.00,31%,2.86,0.23
2/24/22,Tokybook ,,,,19561.00,4828.00,14733.00,25%,4.00,0.32
2/24/22,1point3acres,,,,89.00,2.00,87.00,2%,0.00,0.00
2/24/22,Radio Texas Live,,,,26388.00,948.00,25440.00,4%,0.82,0.24
2/24/22,KLAQ,,,,159667.00,20224.00,139443.00,13%,11.60,1.79
2/24/22,KICKS 105,,,,11479.00,1037.00,10442.00,9%,0.69,0.12
2/24/22,106.5 WYRK,,,,234472.00,20331.00,214141.00,9%,33.83,3.87
2/24/22,Buffalos 937 WBLK -The Peoples Station,,,,120938.00,8476.00,112462.00,7%,8.60,1.39
2/24/22,K2,,,,28639.00,924.00,27715.00,3%,0.91,0.26
2/24/22,101.5 WPDH,,,,52283.00,7256.00,45027.00,14%,5.10,0.67
2/24/22,97.3 KKRC,,,,20834.00,2688.00,18146.00,13%,1.97,0.26
2/24/22,The Dawg 973,,,,43426.00,1357.00,42069.00,3%,1.55,0.40
2/24/22,KNUE 1015 East Texas Country Station,,,,13314.00,355.00,12959.00,3%,0.31,0.11
2/24/22,MyLaps,,,,50870.00,9209.00,41661.00,18%,1.64,0.13
2/23/22,Imgur,,,,9200095.00,563464.00,8636631.00,6%,1778.59,114.49
2/23/22,Wattpad,,,,2478698.00,1019389.00,1459309.00,41%,1780.12,214.09
2/23/22,MixerBox,,,,59094.00,20048.00,39046.00,34%,112.60,4.28
2/23/22,Lucktastic,,,,106640.00,27511.00,79129.00,26%,150.11,3.46
2/23/22,MixerBoxLite,,,,1372876.00,163200.00,1209676.00,12%,102.35,41.11
2/23/22,Kidoodle,,,,142806849.00,844143.00,141962706.00,1%,6933.11,1340.39
2/23/22,MocoSpace,,,,477143.00,299003.00,178140.00,63%,424.00,30.93
2/23/22,Online Plus,,,,2584535.00,804054.00,1780481.00,31%,2540.37,145.59
2/23/22,Qlixar,,,,1590951.00,444320.00,1146631.00,28%,1858.04,81.27
2/23/22,WeatherBug,,,,113897807.00,3270256.00,110627551.00,3%,5349.91,427.99
2/23/22,Droplist,,,,345994.00,174364.00,171630.00,50%,100.75,11.28
2/23/22,Growlr,,,,4282729.00,2015828.00,2266901.00,47%,702.56,65.05
2/23/22,The Times of India,,,,5330742.00,6936.00,5323806.00,0%,2.05,37.41
2/23/22,LiveMixTapes,,,,830987.00,323142.00,507845.00,39%,338.01,27.22
2/23/22,Instant News,,,,23344.00,18562.00,4782.00,80%,349.46,3.18
2/23/22,Dolphin,,,,2206.00,915.00,1291.00,41%,1.25,0.16
2/23/22,MyDaily,,,,3310.00,2378.00,932.00,72%,5.20,0.41
2/23/22,Everyday,,,,461.00,329.00,132.00,71%,1.78,0.06
2/23/22,First News,,,,832694.00,299463.00,533231.00,36%,772.72,53.57
2/23/22,The Feed,,,,675.00,156.00,519.00,23%,0.37,0.03
2/23/22,ShopSavvy,,,,2.00,2.00,0.00,100%,0.00,0.00
2/23/22,VladTV,,,,177951.00,66925.00,111026.00,38%,57.48,4.80
2/23/22,Crocodile,,,,13142.00,1422.00,11720.00,11%,3.91,0.30
2/23/22,QuizJP,,,,901.00,0.00,901.00,0%,0.00,0.01
2/23/22,QuizUS,,,,581.00,5.00,576.00,1%,0.04,0.01
2/23/22,PalTalk,,,,1851363.00,1410892.00,440471.00,76%,367.44,28.80
2/23/22,Impala - Headlines,,,,740459.00,111172.00,629287.00,15%,499.04,22.05
2/23/22,Steps,,,,357062.00,95710.00,261352.00,27%,71.77,6.85
2/23/22,MyFitnessPal,,,,76171355.00,33256999.00,42914356.00,44%,9342.29,767.51
2/23/22,ShopKick,,,,1921117.00,756766.00,1164351.00,39%,4136.89,159.50
2/23/22,Audiomack,,,,2628169.00,894832.00,1733337.00,34%,2338.38,129.05
2/23/22,Encyclopedia Britannica,,,,9475432.00,262577.00,9212855.00,3%,291.03,20.37
2/23/22,Scrabble Go,,,,11980406.00,1153344.00,10827062.00,10%,1811.05,99.61
2/23/22,Wheel of Fortune,,,,258924.00,7991.00,250933.00,3%,54.90,3.02
2/23/22,Camfrog,,,,1468055.00,1180608.00,287447.00,80%,95.19,8.68
2/23/22,Flickr,,,,18191785.00,61114.00,18130671.00,0%,28.96,128.94
2/23/22,MeetMe,,,,1930608.00,440680.00,1489928.00,23%,767.68,97.85
2/23/22,StockTwits,,,,8006479.00,231374.00,7775105.00,3%,151.57,12.13
2/23/22,Ultimate Classic Rock,,,,15699.00,1119.00,14580.00,7%,1.65,0.22
2/23/22,Barstool Sports,,,,4733475.00,98149.00,4635326.00,2%,20.45,1.64
2/23/22,SwingU,,,,19160.00,2804.00,16356.00,15%,5.15,0.41
2/23/22,Reuters,,,,1891845.00,52590.00,1839255.00,3%,51.97,4.16
2/23/22,Funny Weather,,,,12218.00,2608.00,9610.00,21%,6.62,0.53
2/23/22,VPN - Super Unlimited Proxy,,,,5160974.00,18221.00,5142753.00,0%,20.54,37.44
2/23/22,NJ 101.5,,,,792401.00,52464.00,739937.00,7%,66.66,9.85
2/23/22,WGRD,,,,250007.00,11043.00,238964.00,4%,15.93,2.79
2/23/22,NewsTalk,,,,425764.00,19693.00,406071.00,5%,14.75,3.87
2/23/22,WBLM,,,,60875.00,2796.00,58079.00,5%,2.97,0.61
2/23/22,WJON,,,,61316.00,4706.00,56610.00,8%,7.40,0.91
2/23/22,Tide,,,,87129.00,7738.00,79391.00,9%,5.59,0.95
2/23/22,KFR,,,,4152.00,464.00,3688.00,11%,0.52,0.06
2/23/22,WBCK,,,,37968.00,1915.00,36053.00,5%,1.97,0.39
2/23/22,Cat Country,,,,71592.00,2901.00,68691.00,4%,3.55,0.73
2/23/22,Mix 95.7FM,,,,26438.00,1055.00,25383.00,4%,1.59,0.29
2/23/22,Memedroid,,,,176727.00,9482.00,167245.00,5%,2.00,0.16
2/23/22,Loudwire,,,,27176.00,4333.00,22843.00,16%,5.24,0.53
2/23/22,XXL Mag,,,,17712.00,2264.00,15448.00,13%,3.11,0.33
2/23/22,ScoreStream,,,,2505.00,46.00,2459.00,2%,0.04,0.00
2/23/22,FreeUnblock VPN,,,,646.00,35.00,611.00,5%,0.00,0.00
2/23/22,HAR Texas,,,,734817.00,123283.00,611534.00,17%,133.93,10.71
2/23/22,Psiphon Pro,,,,13417834.00,1458318.00,11959516.00,11%,265.43,21.23
2/23/22,Bracelet Book,,,,37608.00,1495.00,36113.00,4%,0.56,0.04
2/23/22,Tumblr,,,,81878955.00,3641000.00,78237955.00,4%,7529.70,451.78
2/23/22,Wordfinder by WordTips,,,,492066.00,122053.00,370013.00,25%,158.99,12.72
2/23/22,PricePulse,,,,26551.00,1714.00,24837.00,6%,1.36,0.11
2/23/22,Untappd,,,,291624.00,26696.00,264928.00,9%,14.06,1.12
2/23/22,Dice with Buddies,,,,389133.00,21539.00,367594.00,6%,57.32,3.15
2/23/22,Yahtzee with Buddies,,,,2375905.00,97219.00,2278686.00,4%,211.22,11.62
2/23/22,Astrology Daily,,,,602.00,56.00,546.00,9%,0.17,0.01
2/23/22,Meetup,,,,130293.00,39086.00,91207.00,30%,77.68,6.21
2/23/22,BisManOnline,,,,12175.00,3582.00,8593.00,29%,3.08,0.25
2/23/22,Tokybook ,,,,19004.00,4982.00,14022.00,26%,4.26,0.34
2/23/22,Radio Texas Live,,,,28961.00,1147.00,27814.00,4%,0.87,0.26
2/23/22,KLAQ,,,,158411.00,18435.00,139976.00,12%,12.84,1.88
2/23/22,KICKS 105,,,,14989.00,1349.00,13640.00,9%,1.05,0.17
2/23/22,106.5 WYRK,,,,114025.00,6654.00,107371.00,6%,7.70,1.29
2/23/22,Buffalos 937 WBLK -The Peoples Station,,,,118603.00,7448.00,111155.00,6%,8.04,1.34
2/23/22,K2,,,,22137.00,723.00,21414.00,3%,0.84,0.21
2/23/22,101.5 WPDH,,,,54789.00,7537.00,47252.00,14%,4.65,0.66
2/23/22,97.3 KKRC,,,,21409.00,2938.00,18471.00,14%,2.27,0.29
2/23/22,The Dawg 973,,,,42264.00,1641.00,40623.00,4%,2.22,0.44
2/23/22,KNUE 1015 East Texas Country Station,,,,13778.00,511.00,13267.00,4%,0.46,0.13
2/23/22,MyLaps,,,,19227.00,4324.00,14903.00,22%,0.98,0.08
2/22/22,Imgur,,,,9178236.00,544144.00,8634092.00,6%,1687.74,112.49
2/22/22,Wattpad,,,,2816225.00,1151501.00,1664724.00,41%,1964.95,241.95
2/22/22,MixerBox,,,,56483.00,19177.00,37306.00,34%,106.09,4.10
2/22/22,Lucktastic,,,,103597.00,25184.00,78413.00,24%,132.96,3.22
2/22/22,MixerBoxLite,,,,1201783.00,143683.00,1058100.00,12%,93.81,36.14
2/22/22,Kidoodle,,,,141788817.00,839303.00,140949514.00,1%,6790.80,1326.19
2/22/22,MocoSpace,,,,498125.00,306875.00,191250.00,62%,444.21,32.43
2/22/22,Online Plus,,,,2540156.00,799340.00,1740816.00,31%,2689.09,144.59
2/22/22,Qlixar,,,,1595648.00,433948.00,1161700.00,27%,1837.86,79.58
2/22/22,WeatherBug,,,,128392921.00,3916546.00,124476375.00,3%,6559.41,524.75
2/22/22,Droplist,,,,610650.00,297050.00,313600.00,49%,178.30,20.03
2/22/22,Growlr,,,,4305289.00,2033099.00,2272190.00,47%,675.73,63.21
2/22/22,The Times of India,,,,6877746.00,1180.00,6876566.00,0%,0.75,48.19
2/22/22,LiveMixTapes,,,,845753.00,310588.00,535165.00,37%,316.78,25.92
2/22/22,Instant News,,,,40367.00,31668.00,8699.00,78%,606.05,5.43
2/22/22,Dolphin,,,,4698.00,2250.00,2448.00,48%,3.25,0.39
2/22/22,MyDaily,,,,9222.00,6713.00,2509.00,73%,13.40,1.15
2/22/22,Everyday,,,,917.00,662.00,255.00,72%,4.09,0.11
2/22/22,First News,,,,856865.00,286559.00,570306.00,33%,708.15,51.57
2/22/22,The Feed,,,,382.00,137.00,245.00,36%,0.45,0.02
2/22/22,VladTV,,,,214531.00,79356.00,135175.00,37%,65.89,5.56
2/22/22,Crocodile,,,,22405.00,3729.00,18676.00,17%,10.06,0.73
2/22/22,QuizJP,,,,1212.00,0.00,1212.00,0%,0.00,0.01
2/22/22,QuizUS,,,,654.00,11.00,643.00,2%,0.07,0.01
2/22/22,PalTalk,,,,1825226.00,1391428.00,433798.00,76%,342.73,27.03
2/22/22,Impala - Headlines,,,,737613.00,93645.00,643968.00,13%,436.57,19.14
2/22/22,Steps,,,,356195.00,99270.00,256925.00,28%,68.78,6.61
2/22/22,MyFitnessPal,,,,77385954.00,34795706.00,42590248.00,45%,9475.90,771.93
2/22/22,ShopKick,,,,1915440.00,536362.00,1379078.00,28%,2905.22,116.92
2/22/22,Audiomack,,,,2598166.00,849838.00,1748328.00,33%,2121.68,118.32
2/22/22,Encyclopedia Britannica,,,,9319237.00,233218.00,9086019.00,3%,285.92,20.01
2/22/22,Scrabble Go,,,,12235926.00,1184023.00,11051903.00,10%,1759.81,96.79
2/22/22,Wheel of Fortune,,,,262837.00,7874.00,254963.00,3%,53.35,2.93
2/22/22,Camfrog,,,,1407384.00,1138584.00,268800.00,81%,98.14,8.75
2/22/22,Flickr,,,,18788910.00,61442.00,18727468.00,0%,28.64,133.10
2/22/22,MeetMe,,,,1986297.00,484697.00,1501600.00,24%,834.28,106.66
2/22/22,StockTwits,,,,8073977.00,282946.00,7791031.00,4%,188.90,15.11
2/22/22,Ultimate Classic Rock,,,,14488.00,1041.00,13447.00,7%,1.44,0.19
2/22/22,Barstool Sports,,,,6084624.00,88329.00,5996295.00,1%,18.08,1.45
2/22/22,SwingU,,,,20767.00,2963.00,17804.00,14%,5.05,0.40
2/22/22,Reuters,,,,2327921.00,67661.00,2260260.00,3%,66.99,5.36
2/22/22,Funny Weather,,,,11393.00,2248.00,9145.00,20%,5.55,0.45
2/22/22,VPN - Super Unlimited Proxy,,,,5466458.00,22039.00,5444419.00,0%,25.00,39.86
2/22/22,NJ 101.5,,,,785353.00,42257.00,743096.00,5%,62.02,9.54
2/22/22,WGRD,,,,250926.00,12720.00,238206.00,5%,19.73,3.05
2/22/22,NewsTalk,,,,449010.00,19858.00,429152.00,4%,17.70,4.24
2/22/22,WBLM,,,,75549.00,3751.00,71798.00,5%,4.04,0.79
2/22/22,WJON,,,,61133.00,4952.00,56181.00,8%,7.73,0.93
2/22/22,Tide,,,,54289.00,5972.00,48317.00,11%,4.71,0.67
2/22/22,KFR,,,,5351.00,828.00,4523.00,15%,1.07,0.11
2/22/22,WBCK,,,,37556.00,2109.00,35447.00,6%,2.26,0.41
2/22/22,Cat Country,,,,71620.00,2508.00,69112.00,4%,2.98,0.69
2/22/22,Mix 95.7FM,,,,26182.00,841.00,25341.00,3%,1.13,0.26
2/22/22,Memedroid,,,,170204.00,7946.00,162258.00,5%,1.57,0.13
2/22/22,Loudwire,,,,27387.00,4658.00,22729.00,17%,6.62,0.62
2/22/22,XXL Mag,,,,13091.00,1561.00,11530.00,12%,1.59,0.19
2/22/22,ScoreStream,,,,1782.00,44.00,1738.00,2%,0.03,0.00
2/22/22,FreeUnblock VPN,,,,720.00,45.00,675.00,6%,0.00,0.00
2/22/22,HAR Texas,,,,744180.00,115607.00,628573.00,16%,130.57,10.45
2/22/22,Psiphon Pro,,,,13494694.00,1337028.00,12157666.00,10%,247.41,19.79
2/22/22,Bracelet Book,,,,41975.00,1910.00,40065.00,5%,0.72,0.06
2/22/22,Tumblr,,,,82668584.00,3360708.00,79307876.00,4%,7106.97,426.42
2/22/22,Wordfinder by WordTips,,,,512633.00,130685.00,381948.00,25%,163.30,13.06
2/22/22,PricePulse,,,,25902.00,1821.00,24081.00,7%,1.17,0.09
2/22/22,Untappd,,,,267261.00,26156.00,241105.00,10%,12.97,1.04
2/22/22,Dice with Buddies,,,,429243.00,23091.00,406152.00,5%,63.67,3.50
2/22/22,Yahtzee with Buddies,,,,2627495.00,102735.00,2524760.00,4%,240.37,13.22
2/22/22,Astrology Daily,,,,542.00,76.00,466.00,14%,0.10,0.01
2/22/22,Meetup,,,,139831.00,24927.00,114904.00,18%,45.21,3.62
2/22/22,BisManOnline,,,,13023.00,3854.00,9169.00,30%,3.32,0.27
2/22/22,Tokybook ,,,,16082.00,4584.00,11498.00,29%,3.43,0.27
2/22/22,1point3acres,,,,49.00,1.00,48.00,2%,0.00,0.00
2/22/22,Radio Texas Live,,,,34074.00,1773.00,32301.00,5%,1.20,0.31
2/22/22,KLAQ,,,,148479.00,18695.00,129784.00,13%,12.27,1.77
2/22/22,KICKS 105,,,,18601.00,1727.00,16874.00,9%,1.16,0.20
2/22/22,106.5 WYRK,,,,122979.00,7255.00,115724.00,6%,7.73,1.35
2/22/22,Buffalos 937 WBLK -The Peoples Station,,,,117712.00,8502.00,109210.00,7%,8.78,1.38
2/22/22,K2,,,,26762.00,635.00,26127.00,2%,0.65,0.23
2/22/22,101.5 WPDH,,,,58227.00,8264.00,49963.00,14%,6.60,0.81
2/22/22,97.3 KKRC,,,,18431.00,2189.00,16242.00,12%,1.75,0.24
2/22/22,The Dawg 973,,,,38597.00,1355.00,37242.00,4%,1.51,0.37
2/22/22,KNUE 1015 East Texas Country Station,,,,13976.00,545.00,13431.00,4%,0.52,0.13
2/22/22,MyLaps,,,,10430.00,3239.00,7191.00,31%,0.64,0.05
2/21/22,Imgur,,,,9908761.00,711778.00,9196983.00,7%,2171.53,133.19
2/21/22,Wattpad,,,,3064085.00,1130809.00,1933276.00,37%,1968.29,239.69
2/21/22,MixerBox,,,,54700.00,17951.00,36749.00,33%,96.77,3.85
2/21/22,Lucktastic,,,,107246.00,27243.00,80003.00,25%,146.74,3.44
2/21/22,MixerBoxLite,,,,1237719.00,150107.00,1087612.00,12%,90.39,37.63
2/21/22,Kidoodle,,,,149148482.00,863144.00,148285338.00,1%,6963.67,1386.18
2/21/22,MocoSpace,,,,508192.00,321376.00,186816.00,63%,478.49,34.80
2/21/22,Online Plus,,,,2497236.00,750885.00,1746351.00,30%,2453.42,136.38
2/21/22,Qlixar,,,,1566489.00,419489.00,1147000.00,27%,1770.59,77.05
2/21/22,WeatherBug,,,,91261088.00,2628632.00,88632456.00,3%,4422.68,353.81
2/21/22,Droplist,,,,629844.00,304668.00,325176.00,48%,178.18,20.09
2/21/22,Growlr,,,,4473526.00,2095932.00,2377594.00,47%,715.30,66.71
2/21/22,The Times of India,,,,8484112.00,202215.00,8281897.00,2%,184.07,70.86
2/21/22,LiveMixTapes,,,,793844.00,293994.00,499850.00,37%,281.69,23.22
2/21/22,Instant News,,,,38735.00,30468.00,8267.00,79%,595.18,5.22
2/21/22,Dolphin,,,,4477.00,2233.00,2244.00,50%,2.91,0.39
2/21/22,MyDaily,,,,8468.00,6365.00,2103.00,75%,13.76,1.09
2/21/22,Everyday,,,,883.00,650.00,233.00,74%,4.10,0.11
2/21/22,First News,,,,871522.00,309007.00,562515.00,35%,768.86,55.34
2/21/22,The Feed,,,,189.00,78.00,111.00,41%,0.23,0.01
2/21/22,VladTV,,,,194119.00,77174.00,116945.00,40%,67.56,5.55
2/21/22,Crocodile,,,,19297.00,4065.00,15232.00,21%,11.34,0.77
2/21/22,QuizJP,,,,903.00,0.00,903.00,0%,0.00,0.01
2/21/22,QuizUS,,,,420.00,1.00,419.00,0%,0.01,0.00
2/21/22,PalTalk,,,,1805170.00,1381666.00,423504.00,77%,350.89,27.53
2/21/22,Impala - Headlines,,,,733137.00,85764.00,647373.00,12%,396.96,17.82
2/21/22,Steps,,,,356495.00,104834.00,251661.00,29%,70.83,6.72
2/21/22,MyFitnessPal,,,,68450895.00,31959183.00,36491712.00,47%,8755.37,693.21
2/21/22,ShopKick,,,,1866981.00,553969.00,1313012.00,30%,3031.02,119.98
2/21/22,Audiomack,,,,2372094.00,782477.00,1589617.00,33%,1857.24,103.99
2/21/22,Encyclopedia Britannica,,,,8999771.00,236509.00,8763262.00,3%,285.66,20.00
2/21/22,Scrabble Go,,,,12631066.00,1290679.00,11340387.00,10%,1889.13,103.90
2/21/22,Wheel of Fortune,,,,277519.00,9677.00,267842.00,3%,61.40,3.38
2/21/22,Camfrog,,,,1570271.00,1277095.00,293176.00,81%,143.07,12.07
2/21/22,Flickr,,,,20156012.00,65603.00,20090409.00,0%,31.28,142.82
2/21/22,MeetMe,,,,1957438.00,452207.00,1505231.00,23%,780.95,100.27
2/21/22,StockTwits,,,,3451650.00,146703.00,3304947.00,4%,101.20,8.10
2/21/22,MyMixTapez,,,,23.00,0.00,23.00,0%,0.00,0.00
2/21/22,Ultimate Classic Rock,,,,12607.00,655.00,11952.00,5%,1.09,0.16
2/21/22,Barstool Sports,,,,5374771.00,109068.00,5265703.00,2%,21.88,1.75
2/21/22,SwingU,,,,29100.00,5653.00,23447.00,19%,11.37,0.91
2/21/22,Reuters,,,,2082594.00,64297.00,2018297.00,3%,68.43,5.47
2/21/22,Funny Weather,,,,9877.00,2007.00,7870.00,20%,5.55,0.44
2/21/22,VPN - Super Unlimited Proxy,,,,5196873.00,24102.00,5172771.00,0%,28.73,38.22
2/21/22,NJ 101.5,,,,602635.00,29925.00,572710.00,5%,45.56,7.20
2/21/22,WGRD,,,,219751.00,10897.00,208854.00,5%,17.27,2.67
2/21/22,NewsTalk,,,,347252.00,15251.00,332001.00,4%,15.56,3.41
2/21/22,WBLM,,,,55992.00,2059.00,53933.00,4%,2.23,0.53
2/21/22,WJON,,,,52154.00,3918.00,48236.00,8%,6.43,0.79
2/21/22,Tide,,,,62260.00,8245.00,54015.00,13%,6.95,0.86
2/21/22,KFR,,,,4462.00,770.00,3692.00,17%,1.03,0.10
2/21/22,WBCK,,,,35519.00,1908.00,33611.00,5%,2.34,0.40
2/21/22,Cat Country,,,,64166.00,2458.00,61708.00,4%,2.82,0.63
2/21/22,Mix 95.7FM,,,,25854.00,1024.00,24830.00,4%,1.58,0.28
2/21/22,Memedroid,,,,185038.00,9102.00,175936.00,5%,1.99,0.16
2/21/22,Loudwire,,,,22092.00,3204.00,18888.00,15%,4.14,0.42
2/21/22,XXL Mag,,,,12744.00,1644.00,11100.00,13%,1.88,0.21
2/21/22,ScoreStream,,,,1017.00,41.00,976.00,4%,0.02,0.00
2/21/22,FreeUnblock VPN,,,,700.00,37.00,663.00,5%,0.00,0.00
2/21/22,HAR Texas,,,,746833.00,112829.00,634004.00,15%,123.93,9.91
2/21/22,Psiphon Pro,,,,13416983.00,1377110.00,12039873.00,10%,268.46,21.48
2/21/22,Bracelet Book,,,,52254.00,2025.00,50229.00,4%,0.71,0.06
2/21/22,Tumblr,,,,82075532.00,3422227.00,78653305.00,4%,7248.57,434.91
2/21/22,Wordfinder by WordTips,,,,530684.00,132435.00,398249.00,25%,186.95,14.96
2/21/22,PricePulse,,,,29438.00,2461.00,26977.00,8%,1.90,0.15
2/21/22,Untappd,,,,327565.00,33674.00,293891.00,10%,18.58,1.49
2/21/22,Dice with Buddies,,,,402575.00,22775.00,379800.00,6%,64.06,3.52
2/21/22,Yahtzee with Buddies,,,,2479701.00,108787.00,2370914.00,4%,265.03,14.58
2/21/22,Astrology Daily,,,,586.00,59.00,527.00,10%,0.06,0.00
2/21/22,Meetup,,,,151755.00,25317.00,126438.00,17%,45.00,3.60
2/21/22,BisManOnline,,,,14579.00,5026.00,9553.00,34%,4.69,0.38
2/21/22,Tokybook ,,,,16247.00,4676.00,11571.00,29%,4.27,0.34
2/21/22,Radio Texas Live,,,,31781.00,1290.00,30491.00,4%,0.97,0.28
2/21/22,KLAQ,,,,136016.00,20407.00,115609.00,15%,12.42,1.68
2/21/22,KICKS 105,,,,13876.00,666.00,13210.00,5%,0.52,0.13
2/21/22,106.5 WYRK,,,,122810.00,7658.00,115152.00,6%,9.41,1.46
2/21/22,Buffalos 937 WBLK -The Peoples Station,,,,89078.00,8099.00,80979.00,9%,8.45,1.16
2/21/22,K2,,,,19748.00,747.00,19001.00,4%,0.77,0.19
2/21/22,101.5 WPDH,,,,44159.00,6514.00,37645.00,15%,4.96,0.61
2/21/22,97.3 KKRC,,,,19728.00,2826.00,16902.00,14%,2.29,0.28
2/21/22,The Dawg 973,,,,47966.00,2444.00,45522.00,5%,2.49,0.49
2/21/22,KNUE 1015 East Texas Country Station,,,,12204.00,442.00,11762.00,4%,0.27,0.10
2/21/22,MyLaps,,,,16477.00,5059.00,11418.00,31%,1.02,0.08
2/20/22,Imgur,,,,10297850.00,820802.00,9477048.00,8%,2517.24,145.92
2/20/22,Wattpad,,,,2815979.00,1037519.00,1778460.00,37%,1717.92,219.95
2/20/22,MixerBox,,,,53971.00,18360.00,35611.00,34%,93.90,3.92
2/20/22,Lucktastic,,,,104339.00,26250.00,78089.00,25%,138.37,3.33
2/20/22,MixerBoxLite,,,,1342055.00,173760.00,1168295.00,13%,101.19,42.93
2/20/22,Kidoodle,,,,144288607.00,1305091.00,142983516.00,1%,9607.85,1481.28
2/20/22,MocoSpace,,,,495436.00,313174.00,182262.00,63%,440.28,32.10
2/20/22,Online Plus,,,,2346582.00,606767.00,1739815.00,26%,1991.98,111.85
2/20/22,Qlixar,,,,1475244.00,370998.00,1104246.00,25%,1535.38,68.59
2/20/22,WeatherBug,,,,65884406.00,1520300.00,64364106.00,2%,2797.24,223.78
2/20/22,Droplist,,,,526970.00,249920.00,277050.00,47%,146.33,16.57
2/20/22,Growlr,,,,4700200.00,2208800.00,2491400.00,47%,792.91,72.94
2/20/22,The Times of India,,,,7001226.00,161067.00,6840159.00,2%,144.53,58.00
2/20/22,LiveMixTapes,,,,846887.00,331964.00,514923.00,39%,320.41,26.03
2/20/22,Instant News,,,,36563.00,29277.00,7286.00,80%,557.97,5.01
2/20/22,Dolphin,,,,4635.00,2368.00,2267.00,51%,3.26,0.41
2/20/22,MyDaily,,,,6994.00,5178.00,1816.00,74%,10.21,0.89
2/20/22,Everyday,,,,867.00,606.00,261.00,70%,3.50,0.10
2/20/22,First News,,,,850464.00,298726.00,551738.00,35%,725.91,53.54
2/20/22,The Feed,,,,373.00,107.00,266.00,29%,0.24,0.02
2/20/22,VladTV,,,,144842.00,57181.00,87661.00,39%,52.31,4.28
2/20/22,Crocodile,,,,10134.00,4380.00,5754.00,43%,13.19,0.77
2/20/22,QuizJP,,,,672.00,4.00,668.00,1%,0.03,0.01
2/20/22,QuizUS,,,,432.00,44.00,388.00,10%,0.37,0.01
2/20/22,PalTalk,,,,1836166.00,1395481.00,440685.00,76%,372.87,29.19
2/20/22,Impala - Headlines,,,,719027.00,52433.00,666594.00,7%,236.25,12.25
2/20/22,Steps,,,,337196.00,89101.00,248095.00,26%,64.47,6.25
2/20/22,MyFitnessPal,,,,51127268.00,24614194.00,26513074.00,48%,6861.99,528.69
2/20/22,ShopKick,,,,2030269.00,582914.00,1447355.00,29%,3229.25,126.71
2/20/22,Audiomack,,,,2644441.00,797761.00,1846680.00,30%,1858.62,105.86
2/20/22,Encyclopedia Britannica,,,,8353574.00,229745.00,8123829.00,3%,291.25,20.39
2/20/22,Scrabble Go,,,,13241585.00,1250985.00,11990600.00,9%,2024.74,111.36
2/20/22,Wheel of Fortune,,,,277497.00,11286.00,266211.00,4%,68.61,3.77
2/20/22,Camfrog,,,,1543294.00,1244878.00,298416.00,81%,134.37,11.49
2/20/22,Flickr,,,,22533072.00,64808.00,22468264.00,0%,30.13,159.39
2/20/22,MeetMe,,,,1969874.00,433120.00,1536754.00,22%,767.12,96.75
2/20/22,StockTwits,,,,2259260.00,141311.00,2117949.00,6%,101.48,8.12
2/20/22,MyMixTapez,,,,110.00,0.00,110.00,0%,0.00,0.00
2/20/22,Ultimate Classic Rock,,,,11654.00,623.00,11031.00,5%,0.90,0.14
2/20/22,Barstool Sports,,,,3378828.00,105331.00,3273497.00,3%,20.46,1.64
2/20/22,SwingU,,,,40429.00,7016.00,33413.00,17%,14.28,1.14
2/20/22,Reuters,,,,1744396.00,50351.00,1694045.00,3%,54.50,4.36
2/20/22,Funny Weather,,,,9192.00,1668.00,7524.00,18%,3.95,0.33
2/20/22,VPN - Super Unlimited Proxy,,,,5274250.00,19815.00,5254435.00,0%,25.94,38.60
2/20/22,NJ 101.5,,,,221134.00,17220.00,203914.00,8%,28.07,3.39
2/20/22,WGRD,,,,13072.00,604.00,12468.00,5%,0.93,0.15
2/20/22,NewsTalk,,,,73823.00,2482.00,71341.00,3%,2.99,0.71
2/20/22,WBLM,,,,40520.00,1358.00,39162.00,3%,1.25,0.36
2/20/22,WJON,,,,23281.00,1340.00,21941.00,6%,1.92,0.29
2/20/22,Tide,,,,11292.00,1864.00,9428.00,17%,1.63,0.18
2/20/22,KFR,,,,2550.00,337.00,2213.00,13%,0.43,0.05
2/20/22,WBCK,,,,9736.00,641.00,9095.00,7%,0.71,0.11
2/20/22,Cat Country,,,,9046.00,282.00,8764.00,3%,0.30,0.08
2/20/22,Mix 95.7FM,,,,7788.00,192.00,7596.00,2%,0.22,0.07
2/20/22,Memedroid,,,,179758.00,7280.00,172478.00,4%,1.44,0.12
2/20/22,Loudwire,,,,18632.00,2717.00,15915.00,15%,3.83,0.38
2/20/22,XXL Mag,,,,12149.00,1608.00,10541.00,13%,1.53,0.18
2/20/22,ScoreStream,,,,1646.00,39.00,1607.00,2%,0.05,0.00
2/20/22,FreeUnblock VPN,,,,711.00,37.00,674.00,5%,0.00,0.00
2/20/22,HAR Texas,,,,787773.00,119485.00,668288.00,15%,131.44,10.52
2/20/22,Psiphon Pro,,,,13535389.00,1367971.00,12167418.00,10%,337.52,27.00
2/20/22,Bracelet Book,,,,53445.00,2283.00,51162.00,4%,0.74,0.06
2/20/22,Tumblr,,,,81791199.00,3691215.00,78099984.00,5%,7751.53,465.09
2/20/22,Wordfinder by WordTips,,,,542433.00,133082.00,409351.00,25%,179.94,14.40
2/20/22,PricePulse,,,,26242.00,1432.00,24810.00,5%,1.07,0.09
2/20/22,Untappd,,,,567408.00,60640.00,506768.00,11%,35.01,2.80
2/20/22,Dice with Buddies,,,,428145.00,26271.00,401874.00,6%,71.99,3.96
2/20/22,Yahtzee with Buddies,,,,2659013.00,113884.00,2545129.00,4%,319.24,17.56
2/20/22,Astrology Daily,,,,689.00,83.00,606.00,12%,0.10,0.01
2/20/22,Meetup,,,,159071.00,31558.00,127513.00,20%,56.44,4.52
2/20/22,BisManOnline,,,,12784.00,5392.00,7392.00,42%,5.21,0.42
2/20/22,Tokybook ,,,,16022.00,4069.00,11953.00,25%,2.23,0.18
2/20/22,Radio Texas Live,,,,53520.00,2194.00,51326.00,4%,1.65,0.47
2/20/22,KLAQ,,,,15307.00,2000.00,13307.00,13%,1.36,0.19
2/20/22,KICKS 105,,,,7034.00,164.00,6870.00,2%,0.12,0.06
2/20/22,106.5 WYRK,,,,37086.00,1653.00,35433.00,4%,1.37,0.34
2/20/22,Buffalos 937 WBLK -The Peoples Station,,,,34843.00,3284.00,31559.00,9%,3.20,0.44
2/20/22,K2,,,,10956.00,229.00,10727.00,2%,0.22,0.09
2/20/22,101.5 WPDH,,,,28781.00,4607.00,24174.00,16%,3.59,0.42
2/20/22,97.3 KKRC,,,,3886.00,584.00,3302.00,15%,0.53,0.06
2/20/22,The Dawg 973,,,,163047.00,8780.00,154267.00,5%,7.89,1.63
2/20/22,KNUE 1015 East Texas Country Station,,,,14378.00,530.00,13848.00,4%,0.37,0.12
2/20/22,MyLaps,,,,113464.00,23814.00,89650.00,21%,3.31,0.26
2/19/22,Imgur,,,,9029596.00,822032.00,8207564.00,9%,2523.94,137.39
2/19/22,Wattpad,,,,2488030.00,886911.00,1601119.00,36%,1579.21,188.59
2/19/22,MixerBox,,,,58565.00,19449.00,39116.00,33%,102.90,4.16
2/19/22,Lucktastic,,,,104935.00,28939.00,75996.00,28%,150.99,3.58
2/19/22,MixerBoxLite,,,,1381206.00,181374.00,1199832.00,13%,110.50,44.67
2/19/22,Kidoodle,,,,152632794.00,1756636.00,150876158.00,1%,13404.46,1726.36
2/19/22,MocoSpace,,,,489093.00,327425.00,161668.00,67%,467.46,33.85
2/19/22,Online Plus,,,,2405612.00,715947.00,1689665.00,30%,2299.48,130.16
2/19/22,Qlixar,,,,1536518.00,405990.00,1130528.00,26%,1698.73,74.67
2/19/22,WeatherBug,,,,71121702.00,1767460.00,69354242.00,2%,3455.04,276.40
2/19/22,Droplist,,,,423431.00,194382.00,229049.00,46%,119.61,13.56
2/19/22,Growlr,,,,4584311.00,2148953.00,2435358.00,47%,781.26,71.74
2/19/22,The Times of India,,,,11155826.00,294487.00,10861339.00,3%,252.02,93.67
2/19/22,LiveMixTapes,,,,902445.00,359779.00,542666.00,40%,350.89,28.36
2/19/22,Instant News,,,,37189.00,29893.00,7296.00,80%,575.74,5.12
2/19/22,Dolphin,,,,4350.00,2450.00,1900.00,56%,3.21,0.43
2/19/22,MyDaily,,,,7304.00,5703.00,1601.00,78%,11.99,0.98
2/19/22,Everyday,,,,806.00,548.00,258.00,68%,3.45,0.09
2/19/22,First News,,,,898708.00,333672.00,565036.00,37%,882.19,59.55
2/19/22,The Feed,,,,280.00,110.00,170.00,39%,0.35,0.02
2/19/22,ShopSavvy,,,,5.00,3.00,2.00,60%,0.01,0.00
2/19/22,VladTV,,,,164804.00,66048.00,98756.00,40%,64.82,5.23
2/19/22,Crocodile,,,,13211.00,4162.00,9049.00,32%,12.69,0.75
2/19/22,QuizJP,,,,1066.00,1.00,1065.00,0%,0.01,0.01
2/19/22,QuizUS,,,,752.00,13.00,739.00,2%,0.10,0.01
2/19/22,PalTalk,,,,1891228.00,1480399.00,410829.00,78%,374.86,29.12
2/19/22,Impala - Headlines,,,,779048.00,49668.00,729380.00,6%,223.92,12.09
2/19/22,Steps,,,,336865.00,86766.00,250099.00,26%,63.68,6.21
2/19/22,MyFitnessPal,,,,50902373.00,25921583.00,24980790.00,51%,7095.65,529.65
2/19/22,ShopKick,,,,2105499.00,576221.00,1529278.00,27%,3247.74,125.95
2/19/22,Audiomack,,,,2742542.00,843613.00,1898929.00,31%,2043.28,115.46
2/19/22,Encyclopedia Britannica,,,,8144965.00,227387.00,7917578.00,3%,276.29,19.34
2/19/22,Scrabble Go,,,,12226864.00,1078075.00,11148789.00,9%,2010.62,110.58
2/19/22,Wheel of Fortune,,,,265542.00,9714.00,255828.00,4%,60.94,3.35
2/19/22,Camfrog,,,,1653014.00,1333007.00,320007.00,81%,133.13,11.56
2/19/22,Flickr,,,,19534078.00,61310.00,19472768.00,0%,28.04,138.27
2/19/22,MeetMe,,,,1860189.00,448653.00,1411536.00,24%,816.78,98.94
2/19/22,StockTwits,,,,2593997.00,184851.00,2409146.00,7%,148.71,11.90
2/19/22,MyMixTapez,,,,485.00,3.00,482.00,1%,0.00,0.00
2/19/22,Ultimate Classic Rock,,,,14276.00,861.00,13415.00,6%,1.26,0.18
2/19/22,Barstool Sports,,,,2980413.00,79639.00,2900774.00,3%,16.08,1.29
2/19/22,SwingU,,,,35096.00,5379.00,29717.00,15%,10.20,0.82
2/19/22,Reuters,,,,1848372.00,52767.00,1795605.00,3%,60.39,4.83
2/19/22,Funny Weather,,,,10295.00,1726.00,8569.00,17%,4.24,0.36
2/19/22,VPN - Super Unlimited Proxy,,,,5317975.00,19945.00,5298030.00,0%,25.52,38.87
2/19/22,NJ 101.5,,,,269331.00,19836.00,249495.00,7%,31.05,3.92
2/19/22,WGRD,,,,33276.00,1626.00,31650.00,5%,2.44,0.39
2/19/22,NewsTalk,,,,84437.00,2939.00,81498.00,3%,3.28,0.80
2/19/22,WBLM,,,,40404.00,1581.00,38823.00,4%,1.41,0.37
2/19/22,WJON,,,,29264.00,2450.00,26814.00,8%,3.81,0.45
2/19/22,Tide,,,,50031.00,7332.00,42699.00,15%,6.48,0.75
2/19/22,KFR,,,,3169.00,404.00,2765.00,13%,0.39,0.05
2/19/22,WBCK,,,,21142.00,1874.00,19268.00,9%,1.96,0.27
2/19/22,Cat Country,,,,12773.00,714.00,12059.00,6%,0.96,0.15
2/19/22,Mix 95.7FM,,,,7376.00,299.00,7077.00,4%,0.44,0.08
2/19/22,Memedroid,,,,163024.00,6149.00,156875.00,4%,1.15,0.09
2/19/22,Loudwire,,,,22237.00,3482.00,18755.00,16%,4.44,0.44
2/19/22,XXL Mag,,,,12622.00,1791.00,10831.00,14%,1.74,0.20
2/19/22,ScoreStream,,,,3358.00,97.00,3261.00,3%,0.13,0.01
2/19/22,FreeUnblock VPN,,,,706.00,45.00,661.00,6%,0.00,0.00
2/19/22,HAR Texas,,,,781759.00,130328.00,651431.00,17%,151.98,12.16
2/19/22,Psiphon Pro,,,,13208102.00,1330444.00,11877658.00,10%,316.70,25.34
2/19/22,Bracelet Book,,,,52352.00,2343.00,50009.00,4%,0.88,0.07
2/19/22,Tumblr,,,,78632334.00,3801111.00,74831223.00,5%,8081.55,484.89
2/19/22,Wordfinder by WordTips,,,,506725.00,126812.00,379913.00,25%,192.63,15.41
2/19/22,PricePulse,,,,25881.00,1160.00,24721.00,4%,1.04,0.08
2/19/22,Untappd,,,,739362.00,83628.00,655734.00,11%,63.80,5.10
2/19/22,Dice with Buddies,,,,377998.00,21452.00,356546.00,6%,63.85,3.51
2/19/22,Yahtzee with Buddies,,,,2436630.00,94808.00,2341822.00,4%,275.94,15.18
2/19/22,Astrology Daily,,,,561.00,47.00,514.00,8%,0.06,0.00
2/19/22,Meetup,,,,165658.00,27997.00,137661.00,17%,49.62,3.97
2/19/22,BisManOnline,,,,12525.00,3902.00,8623.00,31%,3.94,0.32
2/19/22,Tokybook ,,,,19267.00,4282.00,14985.00,22%,2.84,0.23
2/19/22,Radio Texas Live,,,,41243.00,2457.00,38786.00,6%,1.94,0.41
2/19/22,KLAQ,,,,26871.00,3134.00,23737.00,12%,2.11,0.31
2/19/22,KICKS 105,,,,8549.00,429.00,8120.00,5%,0.31,0.08
2/19/22,106.5 WYRK,,,,48673.00,2360.00,46313.00,5%,1.78,0.45
2/19/22,Buffalos 937 WBLK -The Peoples Station,,,,47738.00,4337.00,43401.00,9%,4.51,0.62
2/19/22,K2,,,,15106.00,527.00,14579.00,3%,0.60,0.14
2/19/22,101.5 WPDH,,,,28540.00,3371.00,25169.00,12%,2.65,0.36
2/19/22,97.3 KKRC,,,,8718.00,829.00,7889.00,10%,0.54,0.09
2/19/22,The Dawg 973,,,,25748.00,1436.00,24312.00,6%,1.58,0.28
2/19/22,KNUE 1015 East Texas Country Station,,,,14684.00,537.00,14147.00,4%,0.30,0.12
2/19/22,MyLaps,,,,125577.00,30919.00,94658.00,25%,4.05,0.32
2/18/22,Imgur,,,,8934817.00,748967.00,8185850.00,8%,2339.47,130.14
2/18/22,Wattpad,,,,2385090.00,880299.00,1504791.00,37%,1598.37,186.59
2/18/22,MixerBox,,,,57876.00,19693.00,38183.00,34%,95.14,4.21
2/18/22,Lucktastic,,,,111489.00,26454.00,85035.00,24%,138.76,3.41
2/18/22,MixerBoxLite,,,,1182781.00,103253.00,1079528.00,9%,95.25,28.21
2/18/22,Kidoodle,,,,140103276.00,1307155.00,138796121.00,1%,10156.06,1479.38
2/18/22,MocoSpace,,,,474826.00,305977.00,168849.00,64%,438.40,31.87
2/18/22,Online Plus,,,,2379294.00,751731.00,1627563.00,32%,2344.45,135.93
2/18/22,Qlixar,,,,1560608.00,480788.00,1079820.00,31%,2047.42,87.13
2/18/22,WeatherBug,,,,91898553.00,2318755.00,89579798.00,3%,4119.54,329.56
2/18/22,Droplist,,,,270518.00,130782.00,139736.00,48%,74.68,8.45
2/18/22,Growlr,,,,4326187.00,2034655.00,2291532.00,47%,725.14,66.80
2/18/22,The Times of India,,,,6772933.00,124455.00,6648478.00,2%,124.18,55.23
2/18/22,LiveMixTapes,,,,896914.00,339271.00,557643.00,38%,332.34,27.17
2/18/22,Instant News,,,,38896.00,31081.00,7815.00,80%,594.72,5.32
2/18/22,Dolphin,,,,4460.00,2316.00,2144.00,52%,2.80,0.40
2/18/22,MyDaily,,,,8232.00,6086.00,2146.00,74%,13.98,1.05
2/18/22,Everyday,,,,1518.00,556.00,962.00,37%,3.22,0.10
2/18/22,First News,,,,858149.00,313887.00,544262.00,37%,837.57,56.08
2/18/22,The Feed,,,,380.00,103.00,277.00,27%,0.29,0.02
2/18/22,VladTV,,,,178223.00,71918.00,106305.00,40%,64.93,5.29
2/18/22,Crocodile,,,,11421.00,3320.00,8101.00,29%,10.03,0.60
2/18/22,QuizJP,,,,881.00,0.00,881.00,0%,0.00,0.01
2/18/22,QuizUS,,,,941.00,3.00,938.00,0%,0.02,0.01
2/18/22,PalTalk,,,,1845120.00,1441294.00,403826.00,78%,346.64,27.09
2/18/22,Impala - Headlines,,,,808109.00,62880.00,745229.00,8%,284.25,14.42
2/18/22,Steps,,,,341947.00,87108.00,254839.00,25%,60.01,5.98
2/18/22,MyFitnessPal,,,,60674200.00,31244560.00,29429640.00,52%,8712.92,641.65
2/18/22,ShopKick,,,,1861187.00,497207.00,1363980.00,27%,2761.43,108.99
2/18/22,Audiomack,,,,2807547.00,887819.00,1919728.00,32%,2181.18,122.50
2/18/22,Encyclopedia Britannica,,,,8741670.00,176589.00,8565081.00,2%,214.30,15.00
2/18/22,Scrabble Go,,,,12192878.00,1171705.00,11021173.00,10%,1996.41,109.80
2/18/22,Wheel of Fortune,,,,245409.00,7275.00,238134.00,3%,55.15,3.03
2/18/22,Camfrog,,,,1585585.00,1296938.00,288647.00,82%,104.49,9.33
2/18/22,Flickr,,,,19210529.00,61558.00,19148971.00,0%,27.91,136.00
2/18/22,MeetMe,,,,1818166.00,434332.00,1383834.00,24%,769.04,95.80
2/18/22,StockTwits,,,,7596764.00,518085.00,7078679.00,7%,413.39,33.07
2/18/22,MyMixTapez,,,,1715.00,0.00,1715.00,0%,0.00,0.01
2/18/22,Ultimate Classic Rock,,,,16404.00,741.00,15663.00,5%,1.02,0.18
2/18/22,Barstool Sports,,,,5380213.00,79072.00,5301141.00,1%,16.18,1.29
2/18/22,SwingU,,,,25474.00,3330.00,22144.00,13%,6.08,0.49
2/18/22,Reuters,,,,1899332.00,45587.00,1853745.00,2%,51.44,4.12
2/18/22,Funny Weather,,,,11595.00,2041.00,9554.00,18%,4.65,0.39
2/18/22,VPN - Super Unlimited Proxy,,,,5258160.00,17474.00,5240686.00,0%,29.10,38.72
2/18/22,NJ 101.5,,,,738859.00,37097.00,701762.00,5%,45.21,8.08
2/18/22,WGRD,,,,215386.00,10249.00,205137.00,5%,15.66,2.53
2/18/22,NewsTalk,,,,377780.00,11511.00,366269.00,3%,10.86,3.32
2/18/22,WBLM,,,,68931.00,3351.00,65580.00,5%,3.74,0.72
2/18/22,WJON,,,,62963.00,5857.00,57106.00,9%,8.07,0.96
2/18/22,Tide,,,,53723.00,6301.00,47422.00,12%,4.63,0.66
2/18/22,KFR,,,,3976.00,590.00,3386.00,15%,0.73,0.07
2/18/22,WBCK,,,,41718.00,2101.00,39617.00,5%,2.59,0.46
2/18/22,Cat Country,,,,64542.00,791.00,63751.00,1%,0.99,0.52
2/18/22,Mix 95.7FM,,,,30304.00,1089.00,29215.00,4%,1.86,0.33
2/18/22,Memedroid,,,,166109.00,6521.00,159588.00,4%,1.44,0.12
2/18/22,Loudwire,,,,24975.00,3346.00,21629.00,13%,3.65,0.41
2/18/22,XXL Mag,,,,14366.00,1556.00,12810.00,11%,1.76,0.21
2/18/22,ScoreStream,,,,2657.00,69.00,2588.00,3%,0.05,0.00
2/18/22,FreeUnblock VPN,,,,877.00,50.00,827.00,6%,0.00,0.00
2/18/22,HAR Texas,,,,731977.00,115500.00,616477.00,16%,126.19,10.10
2/18/22,Psiphon Pro,,,,13749227.00,1414317.00,12334910.00,10%,247.39,19.79
2/18/22,Bracelet Book,,,,49800.00,2830.00,46970.00,6%,1.35,0.11
2/18/22,Tumblr,,,,80996457.00,3774551.00,77221906.00,5%,7798.52,467.91
2/18/22,Wordfinder by WordTips,,,,467525.00,119343.00,348182.00,26%,171.50,13.72
2/18/22,PricePulse,,,,26276.00,1108.00,25168.00,4%,1.06,0.08
2/18/22,Untappd,,,,642662.00,84532.00,558130.00,13%,73.88,5.91
2/18/22,Dice with Buddies,,,,379827.00,21849.00,357978.00,6%,63.47,3.49
2/18/22,Yahtzee with Buddies,,,,2442678.00,93078.00,2349600.00,4%,262.41,14.43
2/18/22,Astrology Daily,,,,682.00,78.00,604.00,11%,0.22,0.02
2/18/22,Meetup,,,,153242.00,24363.00,128879.00,16%,43.39,3.47
2/18/22,BisManOnline,,,,12428.00,3662.00,8766.00,29%,4.67,0.37
2/18/22,Tokybook ,,,,18649.00,5613.00,13036.00,30%,4.80,0.38
2/18/22,1point3acres,,,,17.00,1.00,16.00,6%,0.00,0.00
2/18/22,Radio Texas Live,,,,35821.00,1447.00,34374.00,4%,1.24,0.33
2/18/22,KLAQ,,,,150777.00,16067.00,134710.00,11%,14.13,1.93
2/18/22,KICKS 105,,,,15398.00,1457.00,13941.00,9%,1.34,0.19
2/18/22,106.5 WYRK,,,,92399.00,4914.00,87485.00,5%,4.50,0.93
2/18/22,Buffalos 937 WBLK -The Peoples Station,,,,101127.00,8986.00,92141.00,9%,9.51,1.31
2/18/22,K2,,,,25052.00,768.00,24284.00,3%,0.86,0.23
2/18/22,101.5 WPDH,,,,53009.00,6133.00,46876.00,12%,5.11,0.69
2/18/22,97.3 KKRC,,,,16888.00,1643.00,15245.00,10%,1.23,0.19
2/18/22,The Dawg 973,,,,29844.00,2048.00,27796.00,7%,2.46,0.37
2/18/22,KNUE 1015 East Texas Country Station,,,,12272.00,443.00,11829.00,4%,0.35,0.11
2/18/22,MyLaps,,,,25337.00,5390.00,19947.00,21%,0.92,0.07
2/17/22,Imgur,,,,8600559.00,652448.00,7948111.00,8%,2021.24,118.72
2/17/22,Wattpad,,,,2283274.00,875259.00,1408015.00,38%,1544.15,184.91
2/17/22,MixerBox,,,,55917.00,18925.00,36992.00,34%,93.99,4.04
2/17/22,Lucktastic,,,,131224.00,32002.00,99222.00,24%,174.23,4.09
2/17/22,MixerBoxLite,,,,1136323.00,89868.00,1046455.00,8%,96.00,25.30
2/17/22,Kidoodle,,,,132041122.00,1345686.00,130695436.00,1%,9830.09,1406.37
2/17/22,MocoSpace,,,,497313.00,353896.00,143417.00,71%,506.50,36.46
2/17/22,Online Plus,,,,2234907.00,628919.00,1605988.00,28%,1920.03,114.95
2/17/22,Qlixar,,,,1495378.00,452333.00,1043045.00,30%,1918.73,82.11
2/17/22,WeatherBug,,,,127530742.00,3915516.00,123615226.00,3%,7082.11,566.57
2/17/22,Droplist,,,,697055.00,311925.00,385130.00,45%,173.41,20.04
2/17/22,Growlr,,,,4270636.00,2015668.00,2254968.00,47%,674.37,62.99
2/17/22,The Times of India,,,,10118613.00,215852.00,9902761.00,2%,207.50,83.84
2/17/22,LiveMixTapes,,,,831409.00,310866.00,520543.00,37%,298.91,24.57
2/17/22,Instant News,,,,38879.00,29961.00,8918.00,77%,553.22,5.14
2/17/22,Dolphin,,,,4713.00,2599.00,2114.00,55%,3.91,0.45
2/17/22,MyDaily,,,,8586.00,6242.00,2344.00,73%,15.35,1.07
2/17/22,Everyday,,,,3802.00,606.00,3196.00,16%,3.33,0.12
2/17/22,First News,,,,814447.00,273345.00,541102.00,34%,801.61,49.17
2/17/22,The Feed,,,,454.00,142.00,312.00,31%,0.41,0.03
2/17/22,ShopSavvy,,,,1.00,1.00,0.00,100%,0.00,0.00
2/17/22,VladTV,,,,185627.00,77246.00,108381.00,42%,68.18,5.53
2/17/22,Crocodile,,,,8704.00,3481.00,5223.00,40%,10.27,0.62
2/17/22,QuizJP,,,,829.00,0.00,829.00,0%,0.00,0.01
2/17/22,QuizUS,,,,1199.00,18.00,1181.00,2%,0.11,0.01
2/17/22,PalTalk,,,,2003167.00,1591210.00,411957.00,79%,367.54,28.61
2/17/22,Impala - Headlines,,,,805358.00,54939.00,750419.00,7%,246.19,13.09
2/17/22,Steps,,,,343490.00,98537.00,244953.00,29%,66.92,6.40
2/17/22,MyFitnessPal,,,,68863222.00,35351282.00,33511940.00,51%,9734.19,721.29
2/17/22,ShopKick,,,,1825346.00,466945.00,1358401.00,26%,2573.85,102.90
2/17/22,Audiomack,,,,2735045.00,832530.00,1902515.00,30%,2268.41,126.74
2/17/22,Encyclopedia Britannica,,,,9177995.00,168235.00,9009760.00,2%,203.90,14.27
2/17/22,Scrabble Go,,,,11949656.00,1369627.00,10580029.00,11%,1971.86,108.45
2/17/22,Wheel of Fortune,,,,252991.00,8316.00,244675.00,3%,59.92,3.30
2/17/22,Camfrog,,,,1625606.00,1316968.00,308638.00,81%,106.20,9.59
2/17/22,Flickr,,,,19205285.00,63620.00,19141665.00,0%,27.88,135.94
2/17/22,MeetMe,,,,1851726.00,480082.00,1371644.00,26%,810.73,104.89
2/17/22,StockTwits,,,,8229955.00,624769.00,7605186.00,8%,476.67,38.13
2/17/22,MyMixTapez,,,,3414077.00,5771.00,3408306.00,0%,5.18,24.12
2/17/22,Ultimate Classic Rock,,,,16414.00,686.00,15728.00,4%,0.98,0.18
2/17/22,Barstool Sports,,,,5296756.00,91202.00,5205554.00,2%,18.98,1.52
2/17/22,SwingU,,,,22989.00,3380.00,19609.00,15%,6.23,0.50
2/17/22,Reuters,,,,1933241.00,48055.00,1885186.00,2%,55.23,4.42
2/17/22,Funny Weather,,,,12218.00,2306.00,9912.00,19%,5.79,0.47
2/17/22,VPN - Super Unlimited Proxy,,,,5246230.00,17180.00,5229050.00,0%,26.18,38.44
2/17/22,NJ 101.5,,,,787713.00,32283.00,755430.00,4%,38.55,7.99
2/17/22,WGRD,,,,254190.00,9473.00,244717.00,4%,13.18,2.64
2/17/22,NewsTalk,,,,483661.00,12415.00,471246.00,3%,10.52,4.04
2/17/22,WBLM,,,,74208.00,2856.00,71352.00,4%,2.73,0.69
2/17/22,WJON,,,,50325.00,3073.00,47252.00,6%,3.87,0.60
2/17/22,Tide,,,,87011.00,8263.00,78748.00,10%,6.43,1.00
2/17/22,KFR,,,,4568.00,472.00,4096.00,10%,0.59,0.07
2/17/22,WBCK,,,,38144.00,2252.00,35892.00,6%,2.25,0.41
2/17/22,Cat Country,,,,71218.00,758.00,70460.00,1%,0.88,0.55
2/17/22,Mix 95.7FM,,,,31484.00,866.00,30618.00,3%,1.09,0.29
2/17/22,Memedroid,,,,173240.00,7549.00,165691.00,4%,1.76,0.14
2/17/22,Loudwire,,,,24344.00,3141.00,21203.00,13%,3.64,0.40
2/17/22,XXL Mag,,,,12059.00,1184.00,10875.00,10%,1.34,0.17
2/17/22,ScoreStream,,,,5082.00,48.00,5034.00,1%,0.04,0.00
2/17/22,FreeUnblock VPN,,,,785.00,46.00,739.00,6%,0.00,0.00
2/17/22,HAR Texas,,,,742876.00,112002.00,630874.00,15%,128.65,10.29
2/17/22,Psiphon Pro,,,,13879090.00,1411676.00,12467414.00,10%,246.68,19.73
2/17/22,Bracelet Book,,,,35765.00,2110.00,33655.00,6%,1.20,0.10
2/17/22,Tumblr,,,,82259273.00,3567323.00,78691950.00,4%,7435.16,446.11
2/17/22,Wordfinder by WordTips,,,,479333.00,123969.00,355364.00,26%,180.82,14.47
2/17/22,PricePulse,,,,26475.00,1620.00,24855.00,6%,1.49,0.12
2/17/22,Untappd,,,,515909.00,82526.00,433383.00,16%,70.96,5.68
2/17/22,Dice with Buddies,,,,397995.00,23709.00,374286.00,6%,62.55,3.44
2/17/22,Yahtzee with Buddies,,,,2499674.00,110296.00,2389378.00,4%,275.98,15.18
2/17/22,Astrology Daily,,,,604.00,62.00,542.00,10%,0.25,0.02
2/17/22,Meetup,,,,151427.00,23527.00,127900.00,16%,42.22,3.38
2/17/22,BisManOnline,,,,11382.00,4085.00,7297.00,36%,3.52,0.28
2/17/22,Tokybook ,,,,17859.00,4514.00,13345.00,25%,3.76,0.30
2/17/22,1point3acres,,,,15.00,1.00,14.00,7%,0.00,0.00
2/17/22,Radio Texas Live,,,,35520.00,1388.00,34132.00,4%,0.87,0.30
2/17/22,KLAQ,,,,169983.00,17683.00,152300.00,10%,11.62,1.88
2/17/22,KICKS 105,,,,13707.00,1224.00,12483.00,9%,0.99,0.16
2/17/22,106.5 WYRK,,,,101520.00,5644.00,95876.00,6%,4.66,1.00
2/17/22,Buffalos 937 WBLK -The Peoples Station,,,,132222.00,10929.00,121293.00,8%,11.33,1.64
2/17/22,K2,,,,24375.00,551.00,23824.00,2%,0.48,0.20
2/17/22,101.5 WPDH,,,,54502.00,6924.00,47578.00,13%,5.52,0.72
2/17/22,97.3 KKRC,,,,20385.00,1854.00,18531.00,9%,1.20,0.21
2/17/22,The Dawg 973,,,,38272.00,2365.00,35907.00,6%,1.96,0.39
2/17/22,KNUE 1015 East Texas Country Station,,,,12733.00,624.00,12109.00,5%,0.49,0.12
2/17/22,MyLaps,,,,7703.00,1159.00,6544.00,15%,0.14,0.01
2/16/22,Imgur,,,,9653562.00,717385.00,8936177.00,7%,2189.99,132.23
2/16/22,Wattpad,,,,2361098.00,857951.00,1503147.00,36%,1580.98,182.11
2/16/22,MixerBox,,,,55787.00,19468.00,36319.00,35%,92.86,4.15
2/16/22,Lucktastic,,,,164745.00,40573.00,124172.00,25%,224.85,5.17
2/16/22,MixerBoxLite,,,,1140665.00,88542.00,1052123.00,8%,111.01,25.07
2/16/22,Kidoodle,,,,135618376.00,1071256.00,134547120.00,1%,8152.18,1349.44
2/16/22,MocoSpace,,,,494035.00,374320.00,119715.00,76%,527.14,37.74
2/16/22,Online Plus,,,,2078387.00,605788.00,1472599.00,29%,1811.72,110.35
2/16/22,Qlixar,,,,1488682.00,473411.00,1015271.00,32%,2029.94,85.56
2/16/22,WeatherBug,,,,88585337.00,2426274.00,86159063.00,3%,4440.99,355.28
2/16/22,Droplist,,,,569398.00,259145.00,310253.00,46%,132.20,15.39
2/16/22,Growlr,,,,4332721.00,2000212.00,2332509.00,46%,664.54,62.85
2/16/22,The Times of India,,,,12310476.00,302381.00,12008095.00,2%,273.02,103.17
2/16/22,LiveMixTapes,,,,816265.00,417291.00,398974.00,51%,324.45,25.50
2/16/22,Instant News,,,,37454.00,29028.00,8426.00,78%,533.87,4.98
2/16/22,Dolphin,,,,5006.00,2706.00,2300.00,54%,3.96,0.47
2/16/22,MyDaily,,,,8788.00,6702.00,2086.00,76%,13.21,1.15
2/16/22,Everyday,,,,4005.00,618.00,3387.00,15%,3.74,0.12
2/16/22,First News,,,,788279.00,261854.00,526425.00,33%,724.65,47.15
2/16/22,The Feed,,,,304.00,140.00,164.00,46%,0.38,0.02
2/16/22,ShopSavvy,,,,1.00,0.00,1.00,0%,0.00,0.00
2/16/22,VladTV,,,,197507.00,87556.00,109951.00,44%,79.51,6.34
2/16/22,Crocodile,,,,6776.00,3276.00,3500.00,48%,9.70,0.57
2/16/22,QuizJP,,,,971.00,4.00,967.00,0%,0.03,0.01
2/16/22,QuizUS,,,,585.00,4.00,581.00,1%,0.04,0.00
2/16/22,PalTalk,,,,2107583.00,1724395.00,383188.00,82%,371.26,28.67
2/16/22,Impala - Headlines,,,,800959.00,59306.00,741653.00,7%,271.71,13.79
2/16/22,Steps,,,,341300.00,95119.00,246181.00,28%,68.92,6.55
2/16/22,MyFitnessPal,,,,73498109.00,39261692.00,34236417.00,53%,10758.43,777.58
2/16/22,ShopKick,,,,1951801.00,609310.00,1342491.00,31%,3288.75,131.25
2/16/22,Audiomack,,,,2728497.00,820288.00,1908209.00,30%,2346.37,130.68
2/16/22,Encyclopedia Britannica,,,,9440277.00,180370.00,9259907.00,2%,222.21,15.55
2/16/22,Scrabble Go,,,,10411407.00,1355279.00,9056128.00,13%,1833.90,100.86
2/16/22,Wheel of Fortune,,,,252010.00,7982.00,244028.00,3%,54.22,2.98
2/16/22,Camfrog,,,,1532150.00,1231466.00,300684.00,80%,101.23,9.19
2/16/22,Flickr,,,,14351458.00,64749.00,14286709.00,0%,28.74,102.02
2/16/22,MeetMe,,,,1871507.00,453213.00,1418294.00,24%,796.48,99.88
2/16/22,StockTwits,,,,9086145.00,677974.00,8408171.00,7%,584.20,46.74
2/16/22,Ultimate Classic Rock,,,,16256.00,773.00,15483.00,5%,1.05,0.18
2/16/22,Barstool Sports,,,,4816240.00,102438.00,4713802.00,2%,21.64,1.73
2/16/22,SwingU,,,,22019.00,3226.00,18793.00,15%,5.51,0.44
2/16/22,Reuters,,,,1656471.00,46592.00,1609879.00,3%,56.33,4.51
2/16/22,Funny Weather,,,,10644.00,1837.00,8807.00,17%,5.45,0.44
2/16/22,VPN - Super Unlimited Proxy,,,,5279803.00,15071.00,5264732.00,0%,24.54,38.57
2/16/22,NJ 101.5,,,,810307.00,30714.00,779593.00,4%,40.15,8.27
2/16/22,WGRD,,,,260241.00,9194.00,251047.00,4%,13.18,2.68
2/16/22,NewsTalk,,,,477873.00,14201.00,463672.00,3%,11.60,4.06
2/16/22,WBLM,,,,71354.00,3034.00,68320.00,4%,2.62,0.66
2/16/22,WJON,,,,62894.00,5127.00,57767.00,8%,7.41,0.92
2/16/22,Tide,,,,66774.00,6230.00,60544.00,9%,4.32,0.73
2/16/22,KFR,,,,3958.00,444.00,3514.00,11%,0.50,0.06
2/16/22,WBCK,,,,16571.00,1259.00,15312.00,8%,1.89,0.24
2/16/22,Cat Country,,,,78502.00,807.00,77695.00,1%,1.07,0.62
2/16/22,Mix 95.7FM,,,,30147.00,1030.00,29117.00,3%,1.67,0.32
2/16/22,Memedroid,,,,172822.00,6201.00,166621.00,4%,1.48,0.12
2/16/22,Loudwire,,,,25234.00,3584.00,21650.00,14%,3.75,0.41
2/16/22,XXL Mag,,,,12524.00,1387.00,11137.00,11%,1.45,0.18
2/16/22,ScoreStream,,,,2322.00,105.00,2217.00,5%,0.11,0.01
2/16/22,FreeUnblock VPN,,,,755.00,26.00,729.00,3%,0.00,0.00
2/16/22,HAR Texas,,,,731120.00,101570.00,629550.00,14%,119.08,9.53
2/16/22,Psiphon Pro,,,,13791563.00,1399206.00,12392357.00,10%,298.44,23.88
2/16/22,Bracelet Book,,,,37939.00,1848.00,36091.00,5%,1.30,0.10
2/16/22,Tumblr,,,,82610425.00,5228980.00,77381445.00,6%,7390.56,443.43
2/16/22,Wordfinder by WordTips,,,,506805.00,127103.00,379702.00,25%,181.18,14.49
2/16/22,PricePulse,,,,27758.00,1366.00,26392.00,5%,1.67,0.13
2/16/22,Untappd,,,,472105.00,81543.00,390562.00,17%,64.59,5.17
2/16/22,Dice with Buddies,,,,459743.00,29175.00,430568.00,6%,64.72,3.56
2/16/22,Yahtzee with Buddies,,,,3249800.00,149053.00,3100747.00,5%,310.84,17.10
2/16/22,Astrology Daily,,,,571.00,80.00,491.00,14%,0.12,0.01
2/16/22,Meetup,,,,145933.00,22374.00,123559.00,15%,38.82,3.11
2/16/22,BisManOnline,,,,12151.00,4120.00,8031.00,34%,4.09,0.33
2/16/22,Tokybook ,,,,17224.00,5276.00,11948.00,31%,3.42,0.27
2/16/22,1point3acres,,,,27.00,3.00,24.00,11%,0.00,0.00
2/16/22,Radio Texas Live,,,,34862.00,1853.00,33009.00,5%,1.23,0.32
2/16/22,KLAQ,,,,170482.00,14916.00,155566.00,9%,11.41,1.89
2/16/22,KICKS 105,,,,16824.00,1526.00,15298.00,9%,1.35,0.20
2/16/22,106.5 WYRK,,,,101054.00,5982.00,95072.00,6%,5.55,1.05
2/16/22,Buffalos 937 WBLK -The Peoples Station,,,,123834.00,10773.00,113061.00,9%,11.91,1.63
2/16/22,K2,,,,24142.00,373.00,23769.00,2%,0.40,0.19
2/16/22,101.5 WPDH,,,,49855.00,6639.00,43216.00,13%,5.75,0.71
2/16/22,97.3 KKRC,,,,21101.00,1905.00,19196.00,9%,1.32,0.23
2/16/22,The Dawg 973,,,,35617.00,2108.00,33509.00,6%,2.12,0.38
2/16/22,KNUE 1015 East Texas Country Station,,,,11316.00,542.00,10774.00,5%,0.31,0.10
2/16/22,MyLaps,,,,9758.00,1531.00,8227.00,16%,0.15,0.01
2/15/22,Imgur,,,,9561299.00,739278.00,8822021.00,8%,2222.61,133.43
2/15/22,Wattpad,,,,2446890.00,875338.00,1571552.00,36%,1569.94,186.07
2/15/22,MixerBox,,,,54510.00,18269.00,36241.00,34%,86.23,3.91
2/15/22,Lucktastic,,,,167374.00,43493.00,123881.00,26%,229.27,5.46
2/15/22,MixerBoxLite,,,,1199967.00,89962.00,1110005.00,8%,121.45,25.76
2/15/22,Kidoodle,,,,128169272.00,1117200.00,127052072.00,1%,8266.88,1302.71
2/15/22,MocoSpace,,,,487474.00,367372.00,120102.00,75%,523.75,37.50
2/15/22,Online Plus,,,,1977387.00,611585.00,1365802.00,31%,1885.33,110.80
2/15/22,Qlixar,,,,1441222.00,487133.00,954089.00,34%,2133.85,87.58
2/15/22,WeatherBug,,,,62660502.00,1440885.00,61219617.00,2%,2828.46,226.28
2/15/22,Droplist,,,,638328.00,295819.00,342509.00,46%,148.54,17.25
2/15/22,Growlr,,,,4239739.00,1949098.00,2290641.00,46%,657.08,62.03
2/15/22,The Times of India,,,,11399444.00,255062.00,11144382.00,2%,241.86,94.94
2/15/22,LiveMixTapes,,,,793735.00,447584.00,346151.00,56%,329.01,25.45
2/15/22,Instant News,,,,36829.00,28287.00,8542.00,77%,516.07,4.85
2/15/22,Dolphin,,,,3924.00,1961.00,1963.00,50%,3.04,0.34
2/15/22,MyDaily,,,,9001.00,6744.00,2257.00,75%,14.85,1.16
2/15/22,Everyday,,,,4289.00,988.00,3301.00,23%,4.04,0.18
2/15/22,First News,,,,768444.00,257831.00,510613.00,34%,696.74,46.38
2/15/22,The Feed,,,,248.00,109.00,139.00,44%,0.30,0.02
2/15/22,VladTV,,,,203949.00,90550.00,113399.00,44%,79.44,6.35
2/15/22,Crocodile,,,,7748.00,3428.00,4320.00,44%,9.91,0.60
2/15/22,QuizJP,,,,687.00,1.00,686.00,0%,0.01,0.01
2/15/22,QuizUS,,,,425.00,5.00,420.00,1%,0.03,0.00
2/15/22,PalTalk,,,,1863284.00,1467542.00,395742.00,79%,367.07,28.47
2/15/22,Impala - Headlines,,,,806621.00,74847.00,731774.00,9%,347.02,16.38
2/15/22,Steps,,,,342313.00,99263.00,243050.00,29%,68.86,6.52
2/15/22,MyFitnessPal,,,,70198642.00,37009430.00,33189212.00,53%,9811.83,722.92
2/15/22,ShopKick,,,,1780325.00,410590.00,1369735.00,23%,2048.52,91.70
2/15/22,Audiomack,,,,2624818.00,795521.00,1829297.00,30%,2274.49,126.53
2/15/22,Encyclopedia Britannica,,,,9151167.00,187300.00,8963867.00,2%,227.54,15.93
2/15/22,Scrabble Go,,,,9587084.00,1183043.00,8404041.00,12%,1598.07,87.89
2/15/22,Wheel of Fortune,,,,252778.00,8114.00,244664.00,3%,51.97,2.86
2/15/22,Camfrog,,,,1527868.00,1214892.00,312976.00,80%,98.91,9.11
2/15/22,Flickr,,,,17660662.00,63804.00,17596858.00,0%,30.04,125.28
2/15/22,MeetMe,,,,1821873.00,452993.00,1368880.00,25%,761.41,99.46
2/15/22,StockTwits,,,,8347628.00,618475.00,7729153.00,7%,617.51,49.40
2/15/22,MyMixTapez,,,,5999658.00,193.00,5999465.00,0%,0.91,42.04
2/15/22,Ultimate Classic Rock,,,,16703.00,793.00,15910.00,5%,1.02,0.18
2/15/22,Barstool Sports,,,,4802322.00,88009.00,4714313.00,2%,19.22,1.54
2/15/22,SwingU,,,,18823.00,3122.00,15701.00,17%,5.79,0.46
2/15/22,Reuters,,,,1815223.00,64434.00,1750789.00,4%,78.26,6.26
2/15/22,Funny Weather,,,,9301.00,1586.00,7715.00,17%,4.47,0.37
2/15/22,VPN - Super Unlimited Proxy,,,,5123980.00,11499.00,5112481.00,0%,19.70,37.17
2/15/22,NJ 101.5,,,,794785.00,26760.00,768025.00,3%,34.30,7.78
2/15/22,WGRD,,,,257422.00,10500.00,246922.00,4%,14.94,2.77
2/15/22,NewsTalk,,,,523166.00,15670.00,507496.00,3%,12.99,4.46
2/15/22,WBLM,,,,73293.00,2870.00,70423.00,4%,2.86,0.69
2/15/22,WJON,,,,57348.00,3152.00,54196.00,6%,4.25,0.68
2/15/22,Tide,,,,69808.00,6161.00,63647.00,9%,4.74,0.78
2/15/22,KFR,,,,3859.00,543.00,3316.00,14%,0.60,0.07
2/15/22,WBCK,,,,34475.00,1804.00,32671.00,5%,1.89,0.36
2/15/22,Cat Country,,,,76998.00,819.00,76179.00,1%,1.00,0.60
2/15/22,Mix 95.7FM,,,,27584.00,1129.00,26455.00,4%,1.49,0.29
2/15/22,Memedroid,,,,173711.00,6220.00,167491.00,4%,1.36,0.11
2/15/22,Loudwire,,,,26317.00,3420.00,22897.00,13%,3.65,0.42
2/15/22,XXL Mag,,,,13042.00,1789.00,11253.00,14%,1.81,0.21
2/15/22,ScoreStream,,,,1693.00,73.00,1620.00,4%,0.11,0.01
2/15/22,FreeUnblock VPN,,,,923.00,49.00,874.00,5%,0.01,0.00
2/15/22,HAR Texas,,,,672479.00,103402.00,569077.00,15%,128.94,10.32
2/15/22,Psiphon Pro,,,,14242572.00,1553728.00,12688844.00,11%,298.96,23.92
2/15/22,Bracelet Book,,,,32886.00,1358.00,31528.00,4%,0.90,0.07
2/15/22,Tumblr,,,,82970872.00,7272999.00,75697873.00,9%,8759.88,525.59
2/15/22,Wordfinder by WordTips,,,,515648.00,134930.00,380718.00,26%,197.88,15.83
2/15/22,PricePulse,,,,28690.00,1797.00,26893.00,6%,1.54,0.12
2/15/22,Untappd,,,,505039.00,84458.00,420581.00,17%,61.26,4.90
2/15/22,Dice with Buddies,,,,370751.00,21607.00,349144.00,6%,54.54,3.00
2/15/22,Yahtzee with Buddies,,,,2367991.00,119762.00,2248229.00,5%,256.34,14.10
2/15/22,Astrology Daily,,,,797.00,104.00,693.00,13%,0.19,0.02
2/15/22,Meetup,,,,139636.00,23170.00,116466.00,17%,42.00,3.36
2/15/22,BisManOnline,,,,12187.00,4978.00,7209.00,41%,5.23,0.42
2/15/22,Tokybook ,,,,19891.00,6287.00,13604.00,32%,5.53,0.44
2/15/22,1point3acres,,,,20.00,2.00,18.00,10%,0.00,0.00
2/15/22,Radio Texas Live,,,,29926.00,1534.00,28392.00,5%,1.26,0.29
2/15/22,KLAQ,,,,166289.00,14900.00,151389.00,9%,11.37,1.86
2/15/22,KICKS 105,,,,12889.00,636.00,12253.00,5%,0.60,0.13
2/15/22,106.5 WYRK,,,,111574.00,6001.00,105573.00,5%,5.06,1.09
2/15/22,Buffalos 937 WBLK -The Peoples Station,,,,128475.00,11179.00,117296.00,9%,12.67,1.71
2/15/22,K2,,,,26903.00,642.00,26261.00,2%,0.72,0.23
2/15/22,101.5 WPDH,,,,54160.00,7454.00,46706.00,14%,6.43,0.78
2/15/22,97.3 KKRC,,,,19007.00,1568.00,17439.00,8%,1.08,0.20
2/15/22,The Dawg 973,,,,42385.00,2151.00,40234.00,5%,2.18,0.43
2/15/22,KNUE 1015 East Texas Country Station,,,,11901.00,479.00,11422.00,4%,0.38,0.11
2/15/22,MyLaps,,,,11821.00,2067.00,9754.00,17%,0.31,0.02
2/14/22,Imgur,,,,9577792.00,740863.00,8836929.00,8%,2170.80,133.61
2/14/22,Wattpad,,,,2743885.00,955437.00,1788448.00,35%,1651.30,203.61
2/14/22,MixerBox,,,,50334.00,17032.00,33302.00,34%,81.34,3.64
2/14/22,Lucktastic,,,,164361.00,44241.00,120120.00,27%,240.14,5.51
2/14/22,MixerBoxLite,,,,1206753.00,92256.00,1114497.00,8%,126.78,26.25
2/14/22,Kidoodle,,,,115166644.00,933018.00,114233626.00,1%,7074.78,1153.37
2/14/22,MocoSpace,,,,482227.00,367385.00,114842.00,76%,556.30,39.74
2/14/22,Online Plus,,,,1935300.00,598690.00,1336610.00,31%,1818.40,108.46
2/14/22,Qlixar,,,,1445580.00,465454.00,980126.00,32%,1996.80,84.03
2/14/22,WeatherBug,,,,57078889.00,1162572.00,55916317.00,2%,2208.46,176.68
2/14/22,Droplist,,,,621198.00,289544.00,331654.00,47%,157.31,18.05
2/14/22,Growlr,,,,4303714.00,2015110.00,2288604.00,47%,671.67,63.04
2/14/22,The Times of India,,,,7726927.00,105686.00,7621241.00,1%,103.30,60.58
2/14/22,LiveMixTapes,,,,729048.00,418629.00,310419.00,57%,308.90,23.80
2/14/22,Instant News,,,,36906.00,28998.00,7908.00,79%,534.59,4.97
2/14/22,Dolphin,,,,5893.00,2708.00,3185.00,46%,3.46,0.48
2/14/22,MyDaily,,,,8810.00,6667.00,2143.00,76%,14.56,1.14
2/14/22,Everyday,,,,3017.00,877.00,2140.00,29%,3.74,0.16
2/14/22,First News,,,,779528.00,226788.00,552740.00,29%,600.96,41.32
2/14/22,The Feed,,,,532.00,143.00,389.00,27%,0.69,0.03
2/14/22,ShopSavvy,,,,5.00,3.00,2.00,60%,0.01,0.00
2/14/22,VladTV,,,,132157.00,62890.00,69267.00,48%,57.47,4.51
2/14/22,Crocodile,,,,19569.00,3808.00,15761.00,19%,10.96,0.73
2/14/22,QuizJP,,,,440.00,0.00,440.00,0%,0.00,0.00
2/14/22,QuizUS,,,,736.00,30.00,706.00,4%,0.19,0.01
2/14/22,PalTalk,,,,1848213.00,1436215.00,411998.00,78%,371.25,28.87
2/14/22,Impala - Headlines,,,,806958.00,58450.00,748508.00,7%,285.12,13.68
2/14/22,Steps,,,,347831.00,106240.00,241591.00,31%,79.34,7.24
2/14/22,MyFitnessPal,,,,59431157.00,31415780.00,28015377.00,53%,8301.27,611.17
2/14/22,ShopKick,,,,1595842.00,313651.00,1282191.00,20%,1558.24,71.70
2/14/22,Audiomack,,,,2608160.00,838057.00,1770103.00,32%,2384.67,131.62
2/14/22,Encyclopedia Britannica,,,,8689840.00,190642.00,8499198.00,2%,220.03,15.40
2/14/22,Scrabble Go,,,,9862498.00,1219966.00,8642532.00,12%,1756.34,96.60
2/14/22,Wheel of Fortune,,,,274738.00,11490.00,263248.00,4%,61.81,3.40
2/14/22,Camfrog,,,,1643715.00,1318478.00,325237.00,80%,107.88,9.83
2/14/22,Flickr,,,,18481444.00,69535.00,18411909.00,0%,32.82,131.18
2/14/22,MeetMe,,,,1816972.00,489084.00,1327888.00,27%,837.99,106.42
2/14/22,StockTwits,,,,7137956.00,634893.00,6503063.00,9%,573.56,45.88
2/14/22,MyMixTapez,,,,5432853.00,1844.00,5431009.00,0%,7.54,38.39
2/14/22,Ultimate Classic Rock,,,,11841.00,557.00,11284.00,5%,0.64,0.12
2/14/22,Barstool Sports,,,,4968708.00,102393.00,4866315.00,2%,22.98,1.84
2/14/22,SwingU,,,,17931.00,3233.00,14698.00,18%,7.06,0.56
2/14/22,Reuters,,,,1737982.00,68958.00,1669024.00,4%,79.29,6.34
2/14/22,Funny Weather,,,,8114.00,1265.00,6849.00,16%,3.54,0.30
2/14/22,VPN - Super Unlimited Proxy,,,,5290194.00,13630.00,5276564.00,0%,22.72,38.53
2/14/22,NJ 101.5,,,,686126.00,21264.00,664862.00,3%,28.37,6.64
2/14/22,WGRD,,,,243949.00,7734.00,236215.00,3%,10.68,2.40
2/14/22,NewsTalk,,,,461948.00,12279.00,449669.00,3%,9.85,3.84
2/14/22,WBLM,,,,70510.00,2607.00,67903.00,4%,2.51,0.65
2/14/22,WJON,,,,48522.00,2794.00,45728.00,6%,3.74,0.58
2/14/22,Tide,,,,66821.00,6223.00,60598.00,9%,4.17,0.72
2/14/22,KFR,,,,5045.00,625.00,4420.00,12%,0.73,0.08
2/14/22,WBCK,,,,38222.00,1876.00,36346.00,5%,1.92,0.39
2/14/22,Cat Country,,,,52361.00,630.00,51731.00,1%,0.69,0.41
2/14/22,Mix 95.7FM,,,,26154.00,682.00,25472.00,3%,0.85,0.24
2/14/22,Memedroid,,,,186514.00,7377.00,179137.00,4%,1.60,0.13
2/14/22,Loudwire,,,,21156.00,2869.00,18287.00,14%,2.95,0.33
2/14/22,XXL Mag,,,,18580.00,2081.00,16499.00,11%,1.96,0.25
2/14/22,ScoreStream,,,,870.00,49.00,821.00,6%,0.04,0.00
2/14/22,FreeUnblock VPN,,,,909.00,39.00,870.00,4%,0.00,0.00
2/14/22,HAR Texas,,,,594681.00,110132.00,484549.00,19%,119.07,9.53
2/14/22,Psiphon Pro,,,,13938858.00,1485256.00,12453602.00,11%,250.13,20.01
2/14/22,Bracelet Book,,,,36228.00,1612.00,34616.00,4%,0.98,0.08
2/14/22,Tumblr,,,,84522434.00,8819172.00,75703262.00,10%,9240.03,554.40
2/14/22,Wordfinder by WordTips,,,,511787.00,128504.00,383283.00,25%,171.48,13.72
2/14/22,PricePulse,,,,29291.00,2798.00,26493.00,10%,2.90,0.23
2/14/22,Untappd,,,,728363.00,141674.00,586689.00,19%,92.48,7.40
2/14/22,Dice with Buddies,,,,363279.00,22968.00,340311.00,6%,51.35,2.82
2/14/22,Yahtzee with Buddies,,,,2213109.00,124378.00,2088731.00,6%,249.81,13.74
2/14/22,Astrology Daily,,,,540.00,66.00,474.00,12%,0.36,0.03
2/14/22,Meetup,,,,142328.00,22545.00,119783.00,16%,39.84,3.19
2/14/22,BisManOnline,,,,10090.00,5577.00,4513.00,55%,5.92,0.47
2/14/22,Tokybook ,,,,17107.00,5576.00,11531.00,33%,4.32,0.35
2/14/22,1point3acres,,,,40.00,4.00,36.00,10%,0.00,0.00
2/14/22,Radio Texas Live,,,,30807.00,1176.00,29631.00,4%,0.81,0.26
2/14/22,KLAQ,,,,153803.00,14911.00,138892.00,10%,10.83,1.73
2/14/22,KICKS 105,,,,13350.00,688.00,12662.00,5%,0.45,0.12
2/14/22,106.5 WYRK,,,,94941.00,5796.00,89145.00,6%,4.64,0.95
2/14/22,Buffalos 937 WBLK -The Peoples Station,,,,115086.00,9447.00,105639.00,8%,10.02,1.44
2/14/22,K2,,,,21632.00,482.00,21150.00,2%,0.55,0.19
2/14/22,101.5 WPDH,,,,47218.00,7447.00,39771.00,16%,5.90,0.69
2/14/22,97.3 KKRC,,,,16762.00,2293.00,14469.00,14%,1.62,0.21
2/14/22,The Dawg 973,,,,41829.00,2474.00,39355.00,6%,2.76,0.47
2/14/22,KNUE 1015 East Texas Country Station,,,,11487.00,608.00,10879.00,5%,0.41,0.10
2/14/22,MyLaps,,,,18265.00,3335.00,14930.00,18%,0.46,0.04
2/13/22,Imgur,,,,8718265.00,722606.00,7995659.00,8%,2244.31,125.92
2/13/22,Wattpad,,,,3045028.00,951782.00,2093246.00,31%,1646.57,205.01
2/13/22,MixerBox,,,,54252.00,18076.00,36176.00,33%,103.71,3.87
2/13/22,Lucktastic,,,,166145.00,43108.00,123037.00,26%,235.66,5.42
2/13/22,MixerBoxLite,,,,1284401.00,105490.00,1178911.00,8%,152.71,29.35
2/13/22,Kidoodle,,,,151835954.00,1083310.00,150752644.00,1%,8065.24,1458.53
2/13/22,MocoSpace,,,,505849.00,377441.00,128408.00,75%,580.31,41.52
2/13/22,Online Plus,,,,1817870.00,426249.00,1391621.00,23%,1303.71,79.42
2/13/22,Qlixar,,,,1405392.00,359659.00,1045733.00,26%,1505.68,66.37
2/13/22,WeatherBug,,,,69316152.00,1782934.00,67533218.00,3%,3222.52,257.80
2/13/22,Droplist,,,,523765.00,245847.00,277918.00,47%,137.47,15.69
2/13/22,Growlr,,,,4637878.00,2080606.00,2557272.00,45%,654.90,63.74
2/13/22,The Times of India,,,,9295484.00,218821.00,9076663.00,2%,212.62,78.42
2/13/22,LiveMixTapes,,,,808429.00,480325.00,328104.00,59%,360.99,27.57
2/13/22,Instant News,,,,35833.00,29019.00,6814.00,81%,553.25,4.97
2/13/22,Dolphin,,,,3998.00,2074.00,1924.00,52%,3.05,0.36
2/13/22,MyDaily,,,,7897.00,5752.00,2145.00,73%,11.08,0.99
2/13/22,Everyday,,,,3703.00,791.00,2912.00,21%,3.62,0.15
2/13/22,First News,,,,831247.00,204442.00,626805.00,25%,577.25,37.89
2/13/22,The Feed,,,,359.00,82.00,277.00,23%,0.23,0.02
2/13/22,VladTV,,,,135614.00,64664.00,70950.00,48%,62.53,4.87
2/13/22,Crocodile,,,,16189.00,4018.00,12171.00,25%,12.42,0.74
2/13/22,QuizJP,,,,524.00,19.00,505.00,4%,0.13,0.01
2/13/22,QuizUS,,,,901.00,9.00,892.00,1%,0.11,0.01
2/13/22,PalTalk,,,,1913213.00,1469650.00,443563.00,77%,372.71,29.19
2/13/22,Impala - Headlines,,,,794975.00,29677.00,765298.00,4%,167.36,8.87
2/13/22,Steps,,,,331479.00,96392.00,235087.00,29%,71.97,6.68
2/13/22,MyFitnessPal,,,,49804600.00,25434684.00,24369916.00,51%,6591.45,500.16
2/13/22,ShopKick,,,,1615865.00,301413.00,1314452.00,19%,1507.35,69.48
2/13/22,Audiomack,,,,2603445.00,799614.00,1803831.00,31%,2276.05,126.43
2/13/22,Encyclopedia Britannica,,,,8027348.00,184682.00,7842666.00,2%,218.87,15.32
2/13/22,Scrabble Go,,,,10853513.00,1465586.00,9387927.00,14%,1951.16,107.31
2/13/22,Wheel of Fortune,,,,314171.00,13603.00,300568.00,4%,70.13,3.86
2/13/22,Camfrog,,,,1464058.00,1155735.00,308323.00,79%,94.67,8.79
2/13/22,Flickr,,,,21199154.00,69570.00,21129584.00,0%,31.01,150.08
2/13/22,MeetMe,,,,1832820.00,481038.00,1351782.00,26%,915.42,104.94
2/13/22,StockTwits,,,,2440439.00,236424.00,2204015.00,10%,214.61,17.17
2/13/22,MyMixTapez,,,,5794318.00,1900.00,5792418.00,0%,8.31,40.96
2/13/22,Ultimate Classic Rock,,,,13662.00,580.00,13082.00,4%,0.77,0.15
2/13/22,Barstool Sports,,,,3144188.00,73986.00,3070202.00,2%,15.71,1.26
2/13/22,SwingU,,,,31442.00,4372.00,27070.00,14%,9.15,0.73
2/13/22,Reuters,,,,1701402.00,59802.00,1641600.00,4%,74.33,5.95
2/13/22,Funny Weather,,,,8163.00,1493.00,6670.00,18%,4.00,0.33
2/13/22,VPN - Super Unlimited Proxy,,,,5404252.00,9622.00,5394630.00,0%,15.53,38.85
2/13/22,NJ 101.5,,,,243248.00,13872.00,229376.00,6%,19.95,3.00
2/13/22,WGRD,,,,8959.00,328.00,8631.00,4%,0.41,0.09
2/13/22,NewsTalk,,,,72795.00,1486.00,71309.00,2%,1.33,0.59
2/13/22,WBLM,,,,36855.00,1278.00,35577.00,3%,1.04,0.32
2/13/22,WJON,,,,24291.00,1046.00,23245.00,4%,1.22,0.25
2/13/22,Tide,,,,9395.00,806.00,8589.00,9%,0.62,0.10
2/13/22,KFR,,,,1681.00,216.00,1465.00,13%,0.24,0.03
2/13/22,WBCK,,,,8933.00,412.00,8521.00,5%,0.42,0.09
2/13/22,Cat Country,,,,9061.00,82.00,8979.00,1%,0.07,0.07
2/13/22,Mix 95.7FM,,,,7608.00,122.00,7486.00,2%,0.14,0.06
2/13/22,Memedroid,,,,181237.00,7426.00,173811.00,4%,1.95,0.16
2/13/22,Loudwire,,,,19892.00,2519.00,17373.00,13%,2.49,0.30
2/13/22,XXL Mag,,,,17498.00,2089.00,15409.00,12%,2.50,0.28
2/13/22,ScoreStream,,,,1325.00,54.00,1271.00,4%,0.06,0.00
2/13/22,FreeUnblock VPN,,,,826.00,38.00,788.00,5%,0.00,0.00
2/13/22,HAR Texas,,,,725877.00,125855.00,600022.00,17%,134.89,10.79
2/13/22,Psiphon Pro,,,,14087219.00,1411416.00,12675803.00,10%,215.18,17.21
2/13/22,Bracelet Book,,,,48679.00,2097.00,46582.00,4%,1.23,0.10
2/13/22,Tumblr,,,,83224480.00,9211613.00,74012867.00,11%,9530.93,571.86
2/13/22,Wordfinder by WordTips,,,,565385.00,143261.00,422124.00,25%,193.90,15.51
2/13/22,PricePulse,,,,27479.00,3001.00,24478.00,11%,2.66,0.21
2/13/22,Untappd,,,,1246877.00,255748.00,991129.00,21%,168.77,13.50
2/13/22,Dice with Buddies,,,,380670.00,28780.00,351890.00,8%,59.65,3.28
2/13/22,Yahtzee with Buddies,,,,2294847.00,134146.00,2160701.00,6%,287.46,15.81
2/13/22,Astrology Daily,,,,685.00,104.00,581.00,15%,0.20,0.02
2/13/22,Meetup,,,,159608.00,18648.00,140960.00,12%,32.87,2.63
2/13/22,BisManOnline,,,,9253.00,4510.00,4743.00,49%,4.75,0.38
2/13/22,Tokybook ,,,,15720.00,5690.00,10030.00,36%,3.67,0.29
2/13/22,1point3acres,,,,19.00,0.00,19.00,0%,0.00,0.00
2/13/22,Radio Texas Live,,,,45248.00,2123.00,43125.00,5%,1.72,0.42
2/13/22,KLAQ,,,,14133.00,1214.00,12919.00,9%,1.47,0.19
2/13/22,KICKS 105,,,,9980.00,147.00,9833.00,1%,0.12,0.08
2/13/22,106.5 WYRK,,,,36220.00,1931.00,34289.00,5%,1.39,0.34
2/13/22,Buffalos 937 WBLK -The Peoples Station,,,,43505.00,3643.00,39862.00,8%,3.70,0.54
2/13/22,K2,,,,14309.00,203.00,14106.00,1%,0.13,0.11
2/13/22,101.5 WPDH,,,,26039.00,3711.00,22328.00,14%,3.19,0.38
2/13/22,97.3 KKRC,,,,5942.00,459.00,5483.00,8%,0.32,0.06
2/13/22,The Dawg 973,,,,164949.00,9090.00,155859.00,6%,7.85,1.64
2/13/22,KNUE 1015 East Texas Country Station,,,,13624.00,482.00,13142.00,4%,0.21,0.11
2/13/22,MyLaps,,,,144474.00,16662.00,127812.00,12%,2.36,0.19
2/12/22,Imgur,,,,8508245.00,814155.00,7694090.00,10%,2591.75,133.02
2/12/22,Wattpad,,,,2619835.00,943658.00,1676177.00,36%,1603.99,200.46
2/12/22,MixerBox,,,,56093.00,19908.00,36185.00,35%,136.55,4.23
2/12/22,Lucktastic,,,,167077.00,46849.00,120228.00,28%,253.68,5.77
2/12/22,MixerBoxLite,,,,1375113.00,118657.00,1256456.00,9%,185.90,32.53
2/12/22,Kidoodle,,,,156659478.00,1647475.00,155012003.00,1%,11731.62,1671.67
2/12/22,MocoSpace,,,,516174.00,392715.00,123459.00,76%,628.15,44.83
2/12/22,Online Plus,,,,1829618.00,495744.00,1333874.00,27%,1509.55,90.95
2/12/22,Qlixar,,,,1414052.00,405915.00,1008137.00,29%,1717.96,74.05
2/12/22,WeatherBug,,,,67306778.00,1766260.00,65540518.00,3%,3211.24,256.90
2/12/22,Droplist,,,,287740.00,138431.00,149309.00,48%,71.37,8.18
2/12/22,Growlr,,,,4627304.00,2076302.00,2551002.00,45%,663.90,64.33
2/12/22,The Times of India,,,,11099257.00,224980.00,10874277.00,2%,222.40,91.69
2/12/22,LiveMixTapes,,,,949105.00,583306.00,365799.00,61%,458.33,34.64
2/12/22,Instant News,,,,37996.00,30076.00,7920.00,79%,583.47,5.15
2/12/22,Dolphin,,,,4777.00,2628.00,2149.00,55%,3.60,0.46
2/12/22,MyDaily,,,,8250.00,6030.00,2220.00,73%,12.56,1.04
2/12/22,Everyday,,,,3281.00,594.00,2687.00,18%,3.78,0.11
2/12/22,First News,,,,829291.00,204872.00,624419.00,25%,597.79,37.95
2/12/22,The Feed,,,,268.00,74.00,194.00,28%,0.21,0.01
2/12/22,VladTV,,,,198440.00,93691.00,104749.00,47%,86.22,6.77
2/12/22,Crocodile,,,,12714.00,3861.00,8853.00,30%,11.51,0.70
2/12/22,QuizJP,,,,483.00,0.00,483.00,0%,0.00,0.00
2/12/22,QuizUS,,,,481.00,48.00,433.00,10%,0.33,0.01
2/12/22,PalTalk,,,,1871601.00,1457145.00,414456.00,78%,393.07,30.42
2/12/22,Impala - Headlines,,,,825637.00,35632.00,790005.00,4%,203.64,10.01
2/12/22,Steps,,,,340451.00,97397.00,243054.00,29%,81.87,7.43
2/12/22,MyFitnessPal,,,,52510815.00,26661996.00,25848819.00,51%,7347.87,548.34
2/12/22,ShopKick,,,,1547843.00,278862.00,1268981.00,18%,1422.41,64.65
2/12/22,Audiomack,,,,2756587.00,824953.00,1931634.00,30%,2316.07,129.32
2/12/22,Encyclopedia Britannica,,,,7919593.00,183016.00,7736577.00,2%,233.88,16.37
2/12/22,Scrabble Go,,,,9816667.00,1135401.00,8681266.00,12%,1759.49,96.77
2/12/22,Wheel of Fortune,,,,304184.00,14076.00,290108.00,5%,79.20,4.36
2/12/22,Camfrog,,,,1549282.00,1241251.00,308031.00,80%,96.30,8.90
2/12/22,Flickr,,,,16243269.00,67915.00,16175354.00,0%,30.96,115.39
2/12/22,MeetMe,,,,1753431.00,504334.00,1249097.00,29%,888.84,108.90
2/12/22,StockTwits,,,,2768089.00,273879.00,2494210.00,10%,281.22,22.50
2/12/22,MyMixTapez,,,,7260969.00,2326.00,7258643.00,0%,10.39,51.33
2/12/22,Ultimate Classic Rock,,,,16823.00,739.00,16084.00,4%,0.93,0.18
2/12/22,Barstool Sports,,,,4013472.00,91145.00,3922327.00,2%,19.25,1.54
2/12/22,SwingU,,,,40775.00,8316.00,32459.00,20%,19.79,1.58
2/12/22,Reuters,,,,1775580.00,60588.00,1714992.00,3%,76.43,6.11
2/12/22,Funny Weather,,,,8081.00,1682.00,6399.00,21%,4.69,0.37
2/12/22,VPN - Super Unlimited Proxy,,,,5290199.00,9920.00,5280279.00,0%,15.72,38.06
2/12/22,NJ 101.5,,,,276543.00,13291.00,263252.00,5%,17.83,3.09
2/12/22,WGRD,,,,29652.00,1401.00,28251.00,5%,2.03,0.34
2/12/22,NewsTalk,,,,95095.00,2282.00,92813.00,2%,2.71,0.84
2/12/22,WBLM,,,,42342.00,1727.00,40615.00,4%,1.63,0.40
2/12/22,WJON,,,,32001.00,2587.00,29414.00,8%,3.06,0.42
2/12/22,Tide,,,,60658.00,5992.00,54666.00,10%,4.01,0.66
2/12/22,KFR,,,,2842.00,355.00,2487.00,12%,0.44,0.05
2/12/22,WBCK,,,,14148.00,918.00,13230.00,6%,1.03,0.16
2/12/22,Cat Country,,,,13274.00,226.00,13048.00,2%,0.23,0.11
2/12/22,Mix 95.7FM,,,,8659.00,123.00,8536.00,1%,0.43,0.09
2/12/22,Memedroid,,,,162753.00,7695.00,155058.00,5%,2.15,0.17
2/12/22,Loudwire,,,,22990.00,3021.00,19969.00,13%,3.37,0.38
2/12/22,XXL Mag,,,,16688.00,2124.00,14564.00,13%,2.54,0.28
2/12/22,ScoreStream,,,,3530.00,102.00,3428.00,3%,0.13,0.01
2/12/22,FreeUnblock VPN,,,,930.00,45.00,885.00,5%,0.00,0.00
2/12/22,HAR Texas,,,,787441.00,138314.00,649127.00,18%,148.19,11.86
2/12/22,Psiphon Pro,,,,11084868.00,1007327.00,10077541.00,9%,237.56,19.00
2/12/22,Bracelet Book,,,,42554.00,1862.00,40692.00,4%,0.98,0.08
2/12/22,Tumblr,,,,80144222.00,7376056.00,72768166.00,9%,8271.06,496.26
2/12/22,Wordfinder by WordTips,,,,546016.00,157880.00,388136.00,29%,222.87,17.83
2/12/22,PricePulse,,,,27485.00,2133.00,25352.00,8%,2.01,0.16
2/12/22,Untappd,,,,1508230.00,301399.00,1206831.00,20%,223.27,17.86
2/12/22,Dice with Buddies,,,,348635.00,26201.00,322434.00,8%,57.66,3.17
2/12/22,Yahtzee with Buddies,,,,2109393.00,113441.00,1995952.00,5%,255.62,14.06
2/12/22,Astrology Daily,,,,616.00,62.00,554.00,10%,0.24,0.02
2/12/22,Meetup,,,,170503.00,20592.00,149911.00,12%,38.37,3.07
2/12/22,BisManOnline,,,,9612.00,5053.00,4559.00,53%,5.34,0.43
2/12/22,Tokybook ,,,,16209.00,5344.00,10865.00,33%,4.38,0.35
2/12/22,1point3acres,,,,30.00,2.00,28.00,7%,0.00,0.00
2/12/22,Radio Texas Live,,,,38627.00,1770.00,36857.00,5%,1.25,0.35
2/12/22,KLAQ,,,,26464.00,1908.00,24556.00,7%,1.50,0.28
2/12/22,KICKS 105,,,,10489.00,83.00,10406.00,1%,0.03,0.07
2/12/22,106.5 WYRK,,,,46567.00,2654.00,43913.00,6%,1.92,0.44
2/12/22,Buffalos 937 WBLK -The Peoples Station,,,,56268.00,4257.00,52011.00,8%,4.71,0.69
2/12/22,K2,,,,14911.00,271.00,14640.00,2%,0.22,0.12
2/12/22,101.5 WPDH,,,,27076.00,3358.00,23718.00,12%,2.98,0.37
2/12/22,97.3 KKRC,,,,7777.00,728.00,7049.00,9%,0.37,0.08
2/12/22,The Dawg 973,,,,40330.00,2035.00,38295.00,5%,2.02,0.41
2/12/22,KNUE 1015 East Texas Country Station,,,,13684.00,623.00,13061.00,5%,0.34,0.12
2/12/22,MyLaps,,,,122890.00,14401.00,108489.00,12%,2.09,0.17
2/11/22,Imgur,,,,8245667.00,803180.00,7442487.00,10%,2549.15,130.39
2/11/22,Wattpad,,,,2461042.00,965369.00,1495673.00,39%,1666.83,203.54
2/11/22,MixerBox,,,,56740.00,21362.00,35378.00,38%,146.93,4.52
2/11/22,Lucktastic,,,,170827.00,43985.00,126842.00,26%,237.92,5.54
2/11/22,MixerBoxLite,,,,1343911.00,108571.00,1235340.00,8%,163.24,30.36
2/11/22,Kidoodle,,,,137127405.00,1121263.00,136006142.00,1%,8352.29,1369.66
2/11/22,MocoSpace,,,,491349.00,366186.00,125163.00,75%,612.40,43.74
2/11/22,Online Plus,,,,1850819.00,548012.00,1302807.00,30%,1622.12,99.68
2/11/22,Qlixar,,,,1443034.00,455397.00,987637.00,32%,1853.54,82.36
2/11/22,WeatherBug,,,,63777735.00,1465275.00,62312460.00,2%,2474.73,197.98
2/11/22,Droplist,,,,670283.00,325396.00,344887.00,49%,179.50,20.36
2/11/22,Growlr,,,,4380396.00,2000035.00,2380361.00,46%,623.36,60.30
2/11/22,The Times of India,,,,9674003.00,200165.00,9473838.00,2%,210.29,81.04
2/11/22,LiveMixTapes,,,,939456.00,570189.00,369267.00,61%,442.08,33.53
2/11/22,Instant News,,,,40896.00,29450.00,11446.00,72%,509.57,5.06
2/11/22,Dolphin,,,,4218.00,1914.00,2304.00,45%,2.69,0.34
2/11/22,MyDaily,,,,8449.00,6413.00,2036.00,76%,14.88,1.10
2/11/22,Everyday,,,,1951.00,590.00,1361.00,30%,3.79,0.11
2/11/22,First News,,,,802756.00,231311.00,571445.00,29%,649.09,42.18
2/11/22,The Feed,,,,376.00,149.00,227.00,40%,0.37,0.03
2/11/22,ShopSavvy,,,,3.00,1.00,2.00,33%,0.00,0.00
2/11/22,VladTV,,,,190614.00,90498.00,100116.00,47%,77.37,6.12
2/11/22,Crocodile,,,,14129.00,3326.00,10803.00,24%,9.88,0.62
2/11/22,QuizJP,,,,686.00,0.00,686.00,0%,0.00,0.00
2/11/22,QuizUS,,,,565.00,17.00,548.00,3%,0.13,0.01
2/11/22,PalTalk,,,,1861986.00,1464180.00,397806.00,79%,382.02,29.53
2/11/22,Impala - Headlines,,,,847578.00,71070.00,776508.00,8%,366.26,15.96
2/11/22,Steps,,,,360447.00,109006.00,251441.00,30%,88.48,7.95
2/11/22,MyFitnessPal,,,,63032923.00,32879101.00,30153822.00,52%,8604.72,641.31
2/11/22,ShopKick,,,,1657431.00,337032.00,1320399.00,20%,1590.26,76.65
2/11/22,Audiomack,,,,2913624.00,896255.00,2017369.00,31%,2564.34,142.34
2/11/22,Encyclopedia Britannica,,,,8510695.00,181717.00,8328978.00,2%,242.49,16.97
2/11/22,Scrabble Go,,,,9766070.00,1122499.00,8643571.00,11%,1665.73,91.62
2/11/22,Wheel of Fortune,,,,229032.00,10042.00,218990.00,4%,65.22,3.59
2/11/22,Camfrog,,,,1459133.00,1164296.00,294837.00,80%,94.76,8.70
2/11/22,Flickr,,,,18153466.00,65748.00,18087718.00,0%,30.18,128.73
2/11/22,MeetMe,,,,1672355.00,525789.00,1146566.00,31%,920.95,112.47
2/11/22,StockTwits,,,,7574855.00,765732.00,6809123.00,10%,667.42,53.39
2/11/22,MyMixTapez,,,,7631772.00,2729.00,7629043.00,0%,10.55,53.93
2/11/22,Ultimate Classic Rock,,,,14513.00,961.00,13552.00,7%,1.22,0.18
2/11/22,Barstool Sports,,,,4866671.00,138586.00,4728085.00,3%,28.88,2.31
2/11/22,SwingU,,,,32793.00,5719.00,27074.00,17%,12.20,0.98
2/11/22,Reuters,,,,1704401.00,65046.00,1639355.00,4%,74.22,5.94
2/11/22,Funny Weather,,,,8122.00,1626.00,6496.00,20%,4.68,0.37
2/11/22,VPN - Super Unlimited Proxy,,,,5668562.00,10998.00,5657564.00,0%,18.59,40.90
2/11/22,NJ 101.5,,,,800524.00,34223.00,766301.00,4%,44.54,8.48
2/11/22,WGRD,,,,229395.00,8714.00,220681.00,4%,11.92,2.38
2/11/22,NewsTalk,,,,440866.00,12720.00,428146.00,3%,11.06,3.77
2/11/22,WBLM,,,,84614.00,3824.00,80790.00,5%,3.44,0.81
2/11/22,WJON,,,,53165.00,3902.00,49263.00,7%,4.59,0.67
2/11/22,Tide,,,,63385.00,6859.00,56526.00,11%,5.59,0.79
2/11/22,KFR,,,,6650.00,999.00,5651.00,15%,1.35,0.13
2/11/22,WBCK,,,,42180.00,1823.00,40357.00,4%,1.99,0.42
2/11/22,Cat Country,,,,69982.00,1027.00,68955.00,1%,1.33,0.58
2/11/22,Mix 95.7FM,,,,27334.00,974.00,26360.00,4%,1.38,0.28
2/11/22,Memedroid,,,,181509.00,7932.00,173577.00,4%,2.01,0.16
2/11/22,Loudwire,,,,25106.00,3288.00,21818.00,13%,3.18,0.38
2/11/22,XXL Mag,,,,13698.00,1350.00,12348.00,10%,1.55,0.19
2/11/22,ScoreStream,,,,1555.00,55.00,1500.00,4%,0.07,0.01
2/11/22,FreeUnblock VPN,,,,934.00,43.00,891.00,5%,0.00,0.00
2/11/22,HAR Texas,,,,697463.00,119266.00,578197.00,17%,121.21,9.70
2/11/22,Psiphon Pro,,,,14648010.00,1596191.00,13051819.00,11%,310.67,24.85
2/11/22,Bracelet Book,,,,34457.00,1384.00,33073.00,4%,0.71,0.06
2/11/22,Tumblr,,,,81545118.00,7933011.00,73612107.00,10%,8515.88,510.95
2/11/22,Wordfinder by WordTips,,,,507641.00,143179.00,364462.00,28%,213.73,17.10
2/11/22,PricePulse,,,,27722.00,2014.00,25708.00,7%,1.90,0.15
2/11/22,Untappd,,,,1005417.00,183364.00,822053.00,18%,139.28,11.14
2/11/22,Dice with Buddies,,,,360998.00,26045.00,334953.00,7%,56.75,3.12
2/11/22,Yahtzee with Buddies,,,,2120357.00,108844.00,2011513.00,5%,259.52,14.27
2/11/22,Astrology Daily,,,,527.00,42.00,485.00,8%,0.08,0.01
2/11/22,Meetup,,,,323649.00,29301.00,294348.00,9%,51.40,4.11
2/11/22,BisManOnline,,,,9387.00,4623.00,4764.00,49%,5.06,0.40
2/11/22,Tokybook ,,,,20231.00,6847.00,13384.00,34%,5.64,0.45
2/11/22,1point3acres,,,,76.00,15.00,61.00,20%,0.01,0.00
2/11/22,Radio Texas Live,,,,35495.00,2591.00,32904.00,7%,1.66,0.35
2/11/22,KLAQ,,,,162552.00,15304.00,147248.00,9%,11.04,1.80
2/11/22,KICKS 105,,,,16749.00,771.00,15978.00,5%,0.61,0.15
2/11/22,106.5 WYRK,,,,96255.00,5027.00,91228.00,5%,4.47,0.95
2/11/22,Buffalos 937 WBLK -The Peoples Station,,,,128261.00,11044.00,117217.00,9%,11.36,1.62
2/11/22,K2,,,,24812.00,652.00,24160.00,3%,0.67,0.22
2/11/22,101.5 WPDH,,,,53554.00,7206.00,46348.00,13%,7.47,0.85
2/11/22,97.3 KKRC,,,,19797.00,2023.00,17774.00,10%,1.41,0.22
2/11/22,The Dawg 973,,,,41268.00,2286.00,38982.00,6%,2.05,0.42
2/11/22,KNUE 1015 East Texas Country Station,,,,12149.00,847.00,11302.00,7%,0.52,0.12
2/11/22,MyLaps,,,,36004.00,5190.00,30814.00,14%,0.64,0.05
2/10/22,Imgur,,,,8409909.00,745274.00,7664635.00,9%,2296.75,126.14
2/10/22,Wattpad,,,,2678704.00,970987.00,1707717.00,36%,1673.11,206.15
2/10/22,MixerBox,,,,56278.00,20786.00,35492.00,37%,151.02,4.41
2/10/22,Lucktastic,,,,177396.00,42175.00,135221.00,24%,229.87,5.43
2/10/22,MixerBoxLite,,,,1180904.00,90583.00,1090321.00,8%,126.57,25.75
2/10/22,Kidoodle,,,,137133224.00,879955.00,136253269.00,1%,6744.27,1290.99
2/10/22,MocoSpace,,,,503546.00,384939.00,118607.00,76%,617.40,44.05
2/10/22,Online Plus,,,,1832865.00,485219.00,1347646.00,26%,1467.13,89.23
2/10/22,Qlixar,,,,1406895.00,446925.00,959970.00,32%,1835.18,80.78
2/10/22,WeatherBug,,,,54815132.00,1249971.00,53565161.00,2%,2106.55,168.52
2/10/22,Droplist,,,,642095.00,321667.00,320428.00,50%,168.49,19.09
2/10/22,Growlr,,,,4310261.00,1907013.00,2403248.00,44%,638.03,61.48
2/10/22,The Times of India,,,,7743778.00,96630.00,7647148.00,1%,103.46,60.77
2/10/22,LiveMixTapes,,,,846251.00,499537.00,346714.00,59%,367.49,28.15
2/10/22,Instant News,,,,42614.00,33957.00,8657.00,80%,529.34,5.82
2/10/22,Dolphin,,,,4200.00,2253.00,1947.00,54%,3.16,0.39
2/10/22,MyDaily,,,,8347.00,5666.00,2681.00,68%,15.50,0.98
2/10/22,Everyday,,,,3515.00,642.00,2873.00,18%,3.79,0.12
2/10/22,First News,,,,815998.00,298146.00,517852.00,37%,721.62,53.27
2/10/22,The Feed,,,,296.00,93.00,203.00,31%,0.24,0.02
2/10/22,ShopSavvy,,,,4.00,3.00,1.00,75%,0.00,0.00
2/10/22,VladTV,,,,226654.00,104530.00,122124.00,46%,88.62,7.06
2/10/22,Crocodile,,,,14906.00,4017.00,10889.00,27%,11.81,0.74
2/10/22,QuizJP,,,,725.00,1.00,724.00,0%,0.01,0.01
2/10/22,QuizUS,,,,421.00,35.00,386.00,8%,0.27,0.01
2/10/22,PalTalk,,,,1826753.00,1425750.00,401003.00,78%,346.06,27.03
2/10/22,Impala - Headlines,,,,839116.00,78788.00,760328.00,9%,398.66,17.20
2/10/22,Steps,,,,378337.00,115091.00,263246.00,30%,90.49,8.18
2/10/22,MyFitnessPal,,,,74580872.00,38850151.00,35730721.00,52%,10181.03,759.17
2/10/22,ShopKick,,,,1754459.00,422358.00,1332101.00,24%,1887.58,93.79
2/10/22,Audiomack,,,,2733596.00,910299.00,1823297.00,33%,2528.41,139.18
2/10/22,Encyclopedia Britannica,,,,9122294.00,190078.00,8932216.00,2%,230.06,16.10
2/10/22,Scrabble Go,,,,9753683.00,1291375.00,8462308.00,13%,1581.36,86.97
2/10/22,Wheel of Fortune,,,,19629.00,775.00,18854.00,4%,5.51,0.30
2/10/22,Camfrog,,,,1566267.00,1265773.00,300494.00,81%,104.09,9.39
2/10/22,Flickr,,,,19197813.00,62708.00,19135105.00,0%,29.48,136.01
2/10/22,MeetMe,,,,1732382.00,496474.00,1235908.00,29%,877.90,107.26
2/10/22,StockTwits,,,,9375973.00,727786.00,8648187.00,8%,707.87,56.63
2/10/22,MyMixTapez,,,,6724875.00,2439.00,6722436.00,0%,9.61,47.54
2/10/22,Ultimate Classic Rock,,,,14000.00,743.00,13257.00,5%,0.98,0.16
2/10/22,Barstool Sports,,,,5991850.00,98919.00,5892931.00,2%,20.95,1.68
2/10/22,SwingU,,,,25847.00,4567.00,21280.00,18%,10.11,0.81
2/10/22,Reuters,,,,1529152.00,63818.00,1465334.00,4%,70.72,5.66
2/10/22,Funny Weather,,,,7430.00,1265.00,6165.00,17%,3.28,0.27
2/10/22,VPN - Super Unlimited Proxy,,,,5407891.00,11532.00,5396359.00,0%,20.55,39.21
2/10/22,NJ 101.5,,,,839891.00,30358.00,809533.00,4%,37.91,8.32
2/10/22,WGRD,,,,249764.00,7571.00,242193.00,3%,11.55,2.50
2/10/22,NewsTalk,,,,452148.00,10418.00,441730.00,2%,10.02,3.79
2/10/22,WBLM,,,,88285.00,3945.00,84340.00,4%,4.10,0.88
2/10/22,WJON,,,,51482.00,2938.00,48544.00,6%,3.74,0.60
2/10/22,Tide,,,,109956.00,10995.00,98961.00,10%,8.16,1.26
2/10/22,KFR,,,,5313.00,652.00,4661.00,12%,0.83,0.09
2/10/22,WBCK,,,,34866.00,1830.00,33036.00,5%,1.87,0.36
2/10/22,Cat Country,,,,72828.00,1085.00,71743.00,1%,1.47,0.61
2/10/22,Mix 95.7FM,,,,26469.00,665.00,25804.00,3%,1.20,0.26
2/10/22,Memedroid,,,,187224.00,8420.00,178804.00,5%,1.90,0.15
2/10/22,Loudwire,,,,23991.00,2528.00,21463.00,11%,2.64,0.34
2/10/22,XXL Mag,,,,19476.00,2825.00,16651.00,15%,3.18,0.34
2/10/22,ScoreStream,,,,1336.00,63.00,1273.00,5%,0.07,0.01
2/10/22,FreeUnblock VPN,,,,958.00,41.00,917.00,4%,0.00,0.00
2/10/22,HAR Texas,,,,708084.00,123000.00,585084.00,17%,125.38,10.03
2/10/22,Psiphon Pro,,,,15144601.00,1373868.00,13770733.00,9%,313.24,25.06
2/10/22,Bracelet Book,,,,33361.00,1303.00,32058.00,4%,0.62,0.05
2/10/22,Tumblr,,,,82562823.00,9129849.00,73432974.00,11%,10460.45,627.63
2/10/22,Wordfinder by WordTips,,,,517145.00,132532.00,384613.00,26%,171.40,13.71
2/10/22,PricePulse,,,,28136.00,2013.00,26123.00,7%,2.15,0.17
2/10/22,Untappd,,,,589296.00,105752.00,483544.00,18%,85.66,6.85
2/10/22,Dice with Buddies,,,,356298.00,24295.00,332003.00,7%,56.33,3.10
2/10/22,Yahtzee with Buddies,,,,2157313.00,83391.00,2073922.00,4%,229.49,12.62
2/10/22,Astrology Daily,,,,476.00,37.00,439.00,8%,0.11,0.01
2/10/22,Meetup,,,,377044.00,36304.00,340740.00,10%,57.09,4.57
2/10/22,BisManOnline,,,,8746.00,4113.00,4633.00,47%,4.58,0.37
2/10/22,Tokybook ,,,,20489.00,6827.00,13662.00,33%,6.01,0.48
2/10/22,Radio Texas Live,,,,39736.00,2401.00,37335.00,6%,1.50,0.37
2/10/22,KLAQ,,,,166841.00,17855.00,148986.00,11%,11.30,1.83
2/10/22,KICKS 105,,,,14091.00,592.00,13499.00,4%,0.63,0.14
2/10/22,106.5 WYRK,,,,100876.00,4116.00,96760.00,4%,3.73,0.94
2/10/22,Buffalos 937 WBLK -The Peoples Station,,,,125675.00,11827.00,113848.00,9%,11.25,1.58
2/10/22,K2,,,,25053.00,454.00,24599.00,2%,0.34,0.20
2/10/22,101.5 WPDH,,,,56853.00,7579.00,49274.00,13%,6.07,0.77
2/10/22,97.3 KKRC,,,,23021.00,1648.00,21373.00,7%,1.00,0.22
2/10/22,The Dawg 973,,,,38302.00,2073.00,36229.00,5%,2.09,0.40
2/10/22,KNUE 1015 East Texas Country Station,,,,12512.00,555.00,11957.00,4%,0.40,0.11
2/10/22,MyLaps,,,,14335.00,2842.00,11493.00,20%,0.36,0.03
2/9/22,Imgur,,,,8583445.00,773997.00,7809448.00,9%,2398.67,129.87
2/9/22,Wattpad,,,,2737998.00,973551.00,1764447.00,36%,1658.43,207.06
2/9/22,MixerBox,,,,56358.00,20680.00,35678.00,37%,140.98,4.39
2/9/22,Lucktastic,,,,187720.00,44720.00,143000.00,24%,257.12,5.76
2/9/22,MixerBoxLite,,,,1243200.00,88890.00,1154310.00,7%,122.13,25.86
2/9/22,Kidoodle,,,,136444472.00,852413.00,135592059.00,1%,6502.45,1274.27
2/9/22,MocoSpace,,,,512993.00,384476.00,128517.00,75%,631.59,45.11
2/9/22,Online Plus,,,,1838467.00,493144.00,1345323.00,27%,1549.04,90.56
2/9/22,Qlixar,,,,1353000.00,439820.00,913180.00,33%,1832.44,79.34
2/9/22,WeatherBug,,,,54865144.00,1229254.00,53635890.00,2%,2066.42,165.31
2/9/22,Droplist,,,,624670.00,315237.00,309433.00,50%,157.46,17.91
2/9/22,Growlr,,,,4426584.00,1921777.00,2504807.00,43%,651.98,63.17
2/9/22,The Times of India,,,,10998367.00,227782.00,10770585.00,2%,233.12,91.71
2/9/22,LiveMixTapes,,,,867800.00,528152.00,339648.00,61%,410.12,31.09
2/9/22,Instant News,,,,46920.00,32087.00,14833.00,68%,539.71,5.53
2/9/22,Dolphin,,,,4005.00,2154.00,1851.00,54%,3.15,0.38
2/9/22,MyDaily,,,,7757.00,5624.00,2133.00,73%,13.33,0.97
2/9/22,Everyday,,,,2690.00,892.00,1798.00,33%,5.00,0.16
2/9/22,First News,,,,802965.00,291568.00,511397.00,36%,650.77,52.12
2/9/22,The Feed,,,,257.00,116.00,141.00,45%,0.32,0.02
2/9/22,VladTV,,,,176598.00,83480.00,93118.00,47%,69.49,5.52
2/9/22,Crocodile,,,,13963.00,3887.00,10076.00,28%,11.62,0.71
2/9/22,QuizJP,,,,372.00,0.00,372.00,0%,0.00,0.00
2/9/22,QuizUS,,,,318.00,10.00,308.00,3%,0.07,0.00
2/9/22,PalTalk,,,,1778538.00,1375881.00,402657.00,77%,328.69,25.83
2/9/22,Impala - Headlines,,,,868015.00,95128.00,772887.00,11%,493.69,20.04
2/9/22,Steps,,,,423697.00,122787.00,300910.00,29%,101.64,9.22
2/9/22,MyFitnessPal,,,,80508727.00,40929254.00,39579473.00,51%,9701.37,762.12
2/9/22,ShopKick,,,,1485263.00,322548.00,1162715.00,22%,1469.50,72.64
2/9/22,Audiomack,,,,2717168.00,885531.00,1831637.00,33%,2433.04,134.47
2/9/22,Encyclopedia Britannica,,,,9262652.00,191472.00,9071180.00,2%,218.36,15.29
2/9/22,Scrabble Go,,,,9720953.00,1135439.00,8585514.00,12%,1559.43,85.77
2/9/22,Camfrog,,,,1511078.00,1196136.00,314942.00,79%,100.98,9.27
2/9/22,Flickr,,,,18059809.00,64904.00,17994905.00,0%,29.27,128.01
2/9/22,MeetMe,,,,1830705.00,514959.00,1315746.00,28%,936.30,111.50
2/9/22,StockTwits,,,,9549551.00,766002.00,8783549.00,8%,703.99,56.32
2/9/22,MyMixTapez,,,,6489933.00,2816.00,6487117.00,0%,11.28,45.97
2/9/22,Ultimate Classic Rock,,,,17009.00,594.00,16415.00,3%,0.84,0.17
2/9/22,Barstool Sports,,,,4610520.00,105803.00,4504717.00,2%,22.54,1.80
2/9/22,SwingU,,,,22577.00,4069.00,18508.00,18%,8.98,0.72
2/9/22,Reuters,,,,1522366.00,61428.00,1460938.00,4%,64.40,5.15
2/9/22,Funny Weather,,,,7677.00,1368.00,6309.00,18%,3.50,0.29
2/9/22,VPN - Super Unlimited Proxy,,,,5647184.00,11554.00,5635630.00,0%,20.93,40.91
2/9/22,NJ 101.5,,,,868251.00,22586.00,845665.00,3%,28.78,7.93
2/9/22,WGRD,,,,246727.00,7520.00,239207.00,3%,11.02,2.45
2/9/22,NewsTalk,,,,464385.00,10649.00,453736.00,2%,9.51,3.84
2/9/22,WBLM,,,,89953.00,3487.00,86466.00,4%,3.30,0.84
2/9/22,WJON,,,,47151.00,2074.00,45077.00,4%,2.45,0.49
2/9/22,Tide,,,,75138.00,5903.00,69235.00,8%,4.29,0.78
2/9/22,KFR,,,,5464.00,588.00,4876.00,11%,0.77,0.09
2/9/22,WBCK,,,,34213.00,1610.00,32603.00,5%,1.73,0.35
2/9/22,Cat Country,,,,78262.00,1071.00,77191.00,1%,1.33,0.63
2/9/22,Mix 95.7FM,,,,30239.00,972.00,29267.00,3%,1.58,0.32
2/9/22,Memedroid,,,,182715.00,8969.00,173746.00,5%,1.73,0.14
2/9/22,Loudwire,,,,24598.00,2613.00,21985.00,11%,2.71,0.34
2/9/22,XXL Mag,,,,15629.00,2472.00,13157.00,16%,2.51,0.27
2/9/22,ScoreStream,,,,2815.00,96.00,2719.00,3%,0.18,0.01
2/9/22,FreeUnblock VPN,,,,913.00,47.00,866.00,5%,0.00,0.00
2/9/22,HAR Texas,,,,722544.00,115649.00,606895.00,16%,122.92,9.83
2/9/22,Psiphon Pro,,,,15741365.00,1356286.00,14385079.00,9%,285.17,22.81
2/9/22,Bracelet Book,,,,35379.00,1272.00,34107.00,4%,0.39,0.03
2/9/22,Tumblr,,,,83961571.00,9277559.00,74684012.00,11%,11070.43,664.23
2/9/22,Wordfinder by WordTips,,,,523706.00,119787.00,403919.00,23%,119.70,9.58
2/9/22,PricePulse,,,,30341.00,2666.00,27675.00,9%,3.04,0.24
2/9/22,Untappd,,,,383506.00,64376.00,319130.00,17%,48.95,3.92
2/9/22,Dice with Buddies,,,,365863.00,18663.00,347200.00,5%,46.90,2.58
2/9/22,Yahtzee with Buddies,,,,2116199.00,63281.00,2052918.00,3%,253.07,13.92
2/9/22,Astrology Daily,,,,698.00,51.00,647.00,7%,0.10,0.01
2/9/22,Meetup,,,,366773.00,36105.00,330668.00,10%,58.21,4.66
2/9/22,BisManOnline,,,,9972.00,5727.00,4245.00,57%,6.87,0.55
2/9/22,Tokybook ,,,,21938.00,7307.00,14631.00,33%,6.53,0.52
2/9/22,1point3acres,,,,92.00,48.00,44.00,52%,0.05,0.00
2/9/22,Radio Texas Live,,,,34712.00,1536.00,33176.00,4%,1.08,0.31
2/9/22,KLAQ,,,,175852.00,19173.00,156679.00,11%,12.59,1.98
2/9/22,KICKS 105,,,,15157.00,744.00,14413.00,5%,0.74,0.15
2/9/22,106.5 WYRK,,,,110608.00,5441.00,105167.00,5%,5.26,1.10
2/9/22,Buffalos 937 WBLK -The Peoples Station,,,,133138.00,11064.00,122074.00,8%,11.20,1.64
2/9/22,K2,,,,24119.00,670.00,23449.00,3%,0.59,0.21
2/9/22,101.5 WPDH,,,,56475.00,6779.00,49696.00,12%,5.81,0.75
2/9/22,97.3 KKRC,,,,17130.00,1490.00,15640.00,9%,0.85,0.17
2/9/22,The Dawg 973,,,,38519.00,1959.00,36560.00,5%,1.59,0.37
2/9/22,KNUE 1015 East Texas Country Station,,,,12040.00,815.00,11225.00,7%,0.69,0.13
2/9/22,MyLaps,,,,10644.00,1793.00,8851.00,17%,0.27,0.02
2/8/22,Imgur,,,,8944776.00,771888.00,8172888.00,9%,2379.87,131.99
2/8/22,Wattpad,,,,2855164.00,1046603.00,1808561.00,37%,1717.04,221.98
2/8/22,MixerBox,,,,55930.00,20385.00,35545.00,36%,139.19,4.33
2/8/22,Lucktastic,,,,192603.00,47703.00,144900.00,25%,273.36,6.07
2/8/22,MixerBoxLite,,,,1218543.00,86016.00,1132527.00,7%,115.83,25.13
2/8/22,Kidoodle,,,,175786721.00,786029.00,175000692.00,0%,6225.33,1536.27
2/8/22,MocoSpace,,,,524821.00,379434.00,145387.00,72%,611.93,43.85
2/8/22,Online Plus,,,,1844105.00,526150.00,1317955.00,29%,1627.34,96.04
2/8/22,Qlixar,,,,1299678.00,375296.00,924382.00,29%,1481.99,68.42
2/8/22,WeatherBug,,,,54909903.00,1319385.00,53590518.00,2%,2187.04,174.96
2/8/22,Droplist,,,,738565.00,340846.00,397719.00,46%,195.27,22.31
2/8/22,Growlr,,,,4347833.00,1907244.00,2440589.00,44%,579.22,57.63
2/8/22,The Times of India,,,,9594253.00,213101.00,9381152.00,2%,247.63,83.00
2/8/22,LiveMixTapes,,,,873062.00,527308.00,345754.00,60%,395.77,30.12
2/8/22,Instant News,,,,46901.00,32077.00,14824.00,68%,540.49,5.53
2/8/22,Dolphin,,,,4482.00,2376.00,2106.00,53%,3.34,0.41
2/8/22,MyDaily,,,,8339.00,5958.00,2381.00,71%,13.83,1.02
2/8/22,Everyday,,,,3817.00,1429.00,2388.00,37%,6.01,0.25
2/8/22,First News,,,,787765.00,279834.00,507931.00,36%,577.55,50.11
2/8/22,The Feed,,,,232.00,102.00,130.00,44%,0.25,0.02
2/8/22,VladTV,,,,202073.00,88903.00,113170.00,44%,72.82,5.89
2/8/22,Crocodile,,,,18409.00,3953.00,14456.00,21%,12.33,0.74
2/8/22,QuizJP,,,,521.00,4.00,517.00,1%,0.03,0.00
2/8/22,QuizUS,,,,536.00,4.00,532.00,1%,0.02,0.00
2/8/22,PalTalk,,,,1753150.00,1332191.00,420959.00,76%,321.69,25.47
2/8/22,Impala - Headlines,,,,1563798.00,127124.00,1436674.00,8%,791.50,28.79
2/8/22,Steps,,,,405221.00,121391.00,283830.00,30%,95.53,8.67
2/8/22,MyFitnessPal,,,,76712774.00,37797205.00,38915569.00,49%,8916.02,718.21
2/8/22,ShopKick,,,,1506519.00,356678.00,1149841.00,24%,1504.68,79.38
2/8/22,Audiomack,,,,2690923.00,824382.00,1866541.00,31%,2385.61,132.35
2/8/22,Encyclopedia Britannica,,,,9182611.00,172850.00,9009761.00,2%,185.91,13.01
2/8/22,Scrabble Go,,,,10037869.00,1067677.00,8970192.00,11%,1545.30,84.99
2/8/22,Camfrog,,,,1504486.00,1209652.00,294834.00,80%,96.98,8.85
2/8/22,Flickr,,,,18788681.00,68880.00,18719801.00,0%,31.55,133.25
2/8/22,MeetMe,,,,1879599.00,531143.00,1348456.00,28%,1070.85,114.93
2/8/22,StockTwits,,,,9284232.00,815704.00,8468528.00,9%,666.34,53.31
2/8/22,MyMixTapez,,,,6953441.00,3042.00,6950399.00,0%,12.19,49.26
2/8/22,Ultimate Classic Rock,,,,18628.00,779.00,17849.00,4%,1.06,0.20
2/8/22,Barstool Sports,,,,4620360.00,102952.00,4517408.00,2%,20.49,1.64
2/8/22,SwingU,,,,19515.00,3155.00,16360.00,16%,6.93,0.55
2/8/22,Reuters,,,,1613532.00,65057.00,1548475.00,4%,66.06,5.28
2/8/22,Funny Weather,,,,7482.00,1217.00,6265.00,16%,3.54,0.29
2/8/22,VPN - Super Unlimited Proxy,,,,5613473.00,9198.00,5604275.00,0%,16.95,40.42
2/8/22,NJ 101.5,,,,860895.00,19987.00,840908.00,2%,28.97,7.91
2/8/22,WGRD,,,,250633.00,7008.00,243625.00,3%,9.99,2.40
2/8/22,NewsTalk,,,,441870.00,9707.00,432163.00,2%,9.15,3.67
2/8/22,WBLM,,,,92759.00,2811.00,89948.00,3%,2.98,0.84
2/8/22,WJON,,,,49322.00,2664.00,46658.00,5%,3.15,0.55
2/8/22,Tide,,,,72534.00,6056.00,66478.00,8%,4.77,0.80
2/8/22,KFR,,,,4667.00,501.00,4166.00,11%,0.70,0.08
2/8/22,WBCK,,,,37330.00,1374.00,35956.00,4%,1.47,0.35
2/8/22,Cat Country,,,,71402.00,880.00,70522.00,1%,1.11,0.57
2/8/22,Mix 95.7FM,,,,31719.00,964.00,30755.00,3%,1.49,0.32
2/8/22,Memedroid,,,,173888.00,6815.00,167073.00,4%,1.30,0.10
2/8/22,Loudwire,,,,28564.00,2414.00,26150.00,8%,2.69,0.37
2/8/22,XXL Mag,,,,14552.00,1272.00,13280.00,9%,1.06,0.17
2/8/22,ScoreStream,,,,1634.00,62.00,1572.00,4%,0.09,0.01
2/8/22,FreeUnblock VPN,,,,818.00,32.00,786.00,4%,0.00,0.00
2/8/22,HAR Texas,,,,720647.00,106590.00,614057.00,15%,100.28,8.02
2/8/22,Psiphon Pro,,,,18086032.00,1822789.00,16263243.00,10%,307.04,24.56
2/8/22,Bracelet Book,,,,38444.00,1417.00,37027.00,4%,0.65,0.05
2/8/22,Tumblr,,,,85049144.00,9125135.00,75924009.00,11%,9994.92,599.70
2/8/22,Wordfinder by WordTips,,,,525793.00,136243.00,389550.00,26%,179.93,14.39
2/8/22,PricePulse,,,,30960.00,3596.00,27364.00,12%,3.84,0.31
2/8/22,Untappd,,,,321812.00,48553.00,273259.00,15%,32.67,2.61
2/8/22,Dice with Buddies,,,,407759.00,24613.00,383146.00,6%,49.48,2.72
2/8/22,Yahtzee with Buddies,,,,2548764.00,77784.00,2470980.00,3%,257.00,14.14
2/8/22,Astrology Daily,,,,709.00,59.00,650.00,8%,0.29,0.02
2/8/22,Meetup,,,,375458.00,34742.00,340716.00,9%,53.02,4.24
2/8/22,BisManOnline,,,,9095.00,4898.00,4197.00,54%,5.53,0.44
2/8/22,Tokybook ,,,,22715.00,8301.00,14414.00,37%,6.43,0.51
2/8/22,1point3acres,,,,305.00,69.00,236.00,23%,0.05,0.00
2/8/22,Radio Texas Live,,,,30635.00,1269.00,29366.00,4%,0.94,0.27
2/8/22,KLAQ,,,,174446.00,15546.00,158900.00,9%,11.12,1.89
2/8/22,KICKS 105,,,,14985.00,922.00,14063.00,6%,1.23,0.18
2/8/22,106.5 WYRK,,,,99102.00,4715.00,94387.00,5%,4.33,0.96
2/8/22,Buffalos 937 WBLK -The Peoples Station,,,,133349.00,8916.00,124433.00,7%,9.08,1.51
2/8/22,K2,,,,25283.00,645.00,24638.00,3%,0.45,0.20
2/8/22,101.5 WPDH,,,,57037.00,7140.00,49897.00,13%,5.82,0.76
2/8/22,97.3 KKRC,,,,15198.00,1334.00,13864.00,9%,1.09,0.17
2/8/22,The Dawg 973,,,,40017.00,3061.00,36956.00,8%,2.70,0.45
2/8/22,KNUE 1015 East Texas Country Station,,,,10354.00,411.00,9943.00,4%,0.28,0.09
2/8/22,MyLaps,,,,10248.00,1700.00,8548.00,17%,0.24,0.02
2/7/22,Imgur,,,,8939551.00,737392.00,8202159.00,8%,2281.04,128.45
2/7/22,Wattpad,,,,2263068.00,865189.00,1397879.00,38%,1449.10,182.82
2/7/22,MixerBox,,,,53537.00,19284.00,34253.00,36%,118.38,4.10
2/7/22,Lucktastic,,,,197484.00,48402.00,149082.00,25%,276.01,6.18
2/7/22,MixerBoxLite,,,,1204697.00,89077.00,1115620.00,7%,110.67,25.62
2/7/22,Kidoodle,,,,177841391.00,876077.00,176965314.00,0%,6824.78,1580.00
2/7/22,MocoSpace,,,,546508.00,397176.00,149332.00,73%,602.24,43.20
2/7/22,Online Plus,,,,1825690.00,474577.00,1351113.00,26%,1523.88,87.43
2/7/22,Qlixar,,,,1273705.00,352247.00,921458.00,28%,1384.29,64.49
2/7/22,WeatherBug,,,,63400794.00,1760566.00,61640228.00,3%,2743.78,219.50
2/7/22,Droplist,,,,552220.00,244157.00,308063.00,44%,153.03,17.46
2/7/22,Growlr,,,,4498824.00,1999100.00,2499724.00,44%,586.39,58.55
2/7/22,The Times of India,,,,8130566.00,123789.00,8006777.00,2%,127.66,64.98
2/7/22,LiveMixTapes,,,,791543.00,471852.00,319691.00,60%,341.64,26.15
2/7/22,Instant News,,,,45445.00,33223.00,12222.00,73%,557.35,5.71
2/7/22,Dolphin,,,,3464.00,1609.00,1855.00,46%,2.49,0.28
2/7/22,MyDaily,,,,8729.00,6229.00,2500.00,71%,14.34,1.07
2/7/22,Everyday,,,,4108.00,1519.00,2589.00,37%,5.85,0.27
2/7/22,First News,,,,791871.00,265980.00,525891.00,34%,472.37,47.85
2/7/22,The Feed,,,,326.00,121.00,205.00,37%,0.35,0.02
2/7/22,VladTV,,,,147811.00,68655.00,79156.00,46%,60.04,4.76
2/7/22,Crocodile,,,,20412.00,3457.00,16955.00,17%,9.77,0.67
2/7/22,QuizJP,,,,400.00,10.00,390.00,3%,0.06,0.00
2/7/22,QuizUS,,,,498.00,9.00,489.00,2%,0.05,0.01
2/7/22,PalTalk,,,,1868995.00,1405536.00,463459.00,75%,316.87,25.43
2/7/22,Impala - Headlines,,,,1697673.00,119916.00,1577757.00,7%,893.50,28.27
2/7/22,Steps,,,,326935.00,103770.00,223165.00,32%,78.35,7.05
2/7/22,MyFitnessPal,,,,75494852.00,35559704.00,39935148.00,47%,8520.87,705.59
2/7/22,ShopKick,,,,1663694.00,450056.00,1213638.00,27%,1857.05,98.50
2/7/22,Audiomack,,,,2614249.00,784652.00,1829597.00,30%,2147.30,120.17
2/7/22,Encyclopedia Britannica,,,,8962646.00,178225.00,8784421.00,2%,183.08,12.82
2/7/22,Scrabble Go,,,,10336749.00,1002605.00,9334144.00,10%,1414.65,77.81
2/7/22,Camfrog,,,,1577889.00,1262058.00,315831.00,80%,95.68,8.91
2/7/22,Flickr,,,,24101780.00,64605.00,24037175.00,0%,29.93,170.36
2/7/22,MeetMe,,,,1953638.00,566055.00,1387583.00,29%,1292.19,122.20
2/7/22,StockTwits,,,,9424888.00,938473.00,8486415.00,10%,707.71,56.62
2/7/22,MyMixTapez,,,,6206880.00,2482.00,6204398.00,0%,9.86,43.92
2/7/22,Ultimate Classic Rock,,,,13872.00,755.00,13117.00,5%,0.88,0.15
2/7/22,Barstool Sports,,,,6034765.00,62699.00,5972066.00,1%,12.93,1.03
2/7/22,SwingU,,,,18667.00,3420.00,15247.00,18%,7.21,0.58
2/7/22,Reuters,,,,1642404.00,74473.00,1567931.00,5%,72.77,5.82
2/7/22,Funny Weather,,,,8056.00,1284.00,6772.00,16%,3.87,0.32
2/7/22,VPN - Super Unlimited Proxy,,,,5491700.00,10639.00,5481061.00,0%,19.29,39.72
2/7/22,NJ 101.5,,,,768188.00,24070.00,744118.00,3%,32.75,7.50
2/7/22,WGRD,,,,245671.00,11225.00,234446.00,5%,12.16,2.49
2/7/22,NewsTalk,,,,449548.00,10288.00,439260.00,2%,8.59,3.68
2/7/22,WBLM,,,,91311.00,3177.00,88134.00,3%,3.19,0.84
2/7/22,WJON,,,,54640.00,3064.00,51576.00,6%,3.96,0.64
2/7/22,Tide,,,,70583.00,7320.00,63263.00,10%,7.38,0.96
2/7/22,KFR,,,,4583.00,457.00,4126.00,10%,0.57,0.07
2/7/22,WBCK,,,,36222.00,1727.00,34495.00,5%,1.91,0.38
2/7/22,Cat Country,,,,70063.00,829.00,69234.00,1%,0.93,0.55
2/7/22,Mix 95.7FM,,,,35835.00,1296.00,34539.00,4%,2.24,0.40
2/7/22,Memedroid,,,,185680.00,7144.00,178536.00,4%,1.39,0.11
2/7/22,Loudwire,,,,24910.00,2498.00,22412.00,10%,2.96,0.36
2/7/22,XXL Mag,,,,14408.00,1814.00,12594.00,13%,1.96,0.23
2/7/22,ScoreStream,,,,1033.00,33.00,1000.00,3%,0.02,0.00
2/7/22,FreeUnblock VPN,,,,948.00,42.00,906.00,4%,0.00,0.00
2/7/22,HAR Texas,,,,695626.00,83271.00,612355.00,12%,85.96,6.88
2/7/22,Psiphon Pro,,,,17151636.00,1731836.00,15419800.00,10%,245.73,19.66
2/7/22,Bracelet Book,,,,40862.00,1277.00,39585.00,3%,0.53,0.04
2/7/22,Tumblr,,,,85099457.00,15594523.00,69504934.00,18%,9887.89,593.27
2/7/22,Wordfinder by WordTips,,,,544048.00,136774.00,407274.00,25%,189.86,15.19
2/7/22,PricePulse,,,,31967.00,3300.00,28667.00,10%,3.18,0.25
2/7/22,Untappd,,,,317966.00,51592.00,266374.00,16%,38.40,3.07
2/7/22,Dice with Buddies,,,,411256.00,24974.00,386282.00,6%,48.44,2.66
2/7/22,Yahtzee with Buddies,,,,2543020.00,82365.00,2460655.00,3%,228.66,12.58
2/7/22,Astrology Daily,,,,726.00,55.00,671.00,8%,0.11,0.01
2/7/22,Meetup,,,,401325.00,34502.00,366823.00,9%,51.61,4.13
2/7/22,BisManOnline,,,,9540.00,3758.00,5782.00,39%,4.57,0.37
2/7/22,Tokybook ,,,,18153.00,6957.00,11196.00,38%,5.74,0.46
2/7/22,1point3acres,,,,429.00,126.00,303.00,29%,0.13,0.01
2/7/22,Radio Texas Live,,,,33322.00,1106.00,32216.00,3%,1.13,0.30
2/7/22,KLAQ,,,,159242.00,18536.00,140706.00,12%,12.06,1.83
2/7/22,KICKS 105,,,,13614.00,561.00,13053.00,4%,0.45,0.12
2/7/22,106.5 WYRK,,,,98769.00,4214.00,94555.00,4%,3.87,0.93
2/7/22,Buffalos 937 WBLK -The Peoples Station,,,,120568.00,8219.00,112349.00,7%,8.03,1.35
2/7/22,K2,,,,19932.00,607.00,19325.00,3%,0.53,0.17
2/7/22,101.5 WPDH,,,,53089.00,8134.00,44955.00,15%,5.77,0.72
2/7/22,97.3 KKRC,,,,20305.00,1683.00,18622.00,8%,1.16,0.21
2/7/22,The Dawg 973,,,,39005.00,2660.00,36345.00,7%,1.92,0.39
2/7/22,KNUE 1015 East Texas Country Station,,,,11364.00,796.00,10568.00,7%,0.33,0.10
2/7/22,MyLaps,,,,15060.00,2228.00,12832.00,15%,0.52,0.04
2/6/22,Imgur,,,,9262202.00,743446.00,8518756.00,8%,2352.42,131.20
2/6/22,Wattpad,,,,2084265.00,838164.00,1246101.00,40%,1416.79,176.36
2/6/22,MixerBox,,,,52316.00,19210.00,33106.00,37%,133.25,4.07
2/6/22,Lucktastic,,,,210287.00,53636.00,156651.00,26%,303.07,6.77
2/6/22,MixerBoxLite,,,,1220508.00,99363.00,1121145.00,8%,135.32,27.72
2/6/22,Kidoodle,,,,201023350.00,991136.00,200032214.00,0%,7762.39,1788.34
2/6/22,MocoSpace,,,,544837.00,396075.00,148762.00,73%,607.58,43.57
2/6/22,Online Plus,,,,1765410.00,408476.00,1356934.00,23%,1280.92,76.23
2/6/22,Qlixar,,,,1210904.00,257905.00,952999.00,21%,959.78,48.61
2/6/22,WeatherBug,,,,54554123.00,1278270.00,53275853.00,2%,2053.38,164.27
2/6/22,Droplist,,,,422216.00,177116.00,245100.00,42%,113.89,13.10
2/6/22,Growlr,,,,4866192.00,2169646.00,2696546.00,45%,598.33,60.76
2/6/22,The Times of India,,,,11461765.00,264046.00,11197719.00,2%,249.77,95.87
2/6/22,LiveMixTapes,,,,790498.00,471744.00,318754.00,60%,343.79,26.30
2/6/22,Instant News,,,,32998.00,29617.00,3381.00,90%,526.44,5.05
2/6/22,Dolphin,,,,3627.00,1864.00,1763.00,51%,2.54,0.33
2/6/22,MyDaily,,,,7324.00,5450.00,1874.00,74%,12.04,0.94
2/6/22,Everyday,,,,769.00,554.00,215.00,72%,3.50,0.10
2/6/22,First News,,,,832016.00,276292.00,555724.00,33%,509.61,49.75
2/6/22,The Feed,,,,168.00,61.00,107.00,36%,0.15,0.01
2/6/22,ShopSavvy,,,,19.00,13.00,6.00,68%,0.01,0.00
2/6/22,VladTV,,,,139297.00,64410.00,74887.00,46%,58.01,4.58
2/6/22,Crocodile,,,,13084.00,3171.00,9913.00,24%,9.10,0.59
2/6/22,QuizJP,,,,506.00,17.00,489.00,3%,0.14,0.01
2/6/22,QuizUS,,,,611.00,13.00,598.00,2%,0.09,0.01
2/6/22,PalTalk,,,,1903083.00,1412170.00,490913.00,74%,329.67,26.51
2/6/22,Impala - Headlines,,,,1632157.00,45508.00,1586649.00,3%,358.76,15.67
2/6/22,Steps,,,,307556.00,95844.00,211712.00,31%,72.89,6.58
2/6/22,MyFitnessPal,,,,56782462.00,26343472.00,30438990.00,46%,6234.50,524.80
2/6/22,ShopKick,,,,1833253.00,359184.00,1474069.00,20%,1571.76,82.15
2/6/22,Audiomack,,,,2553747.00,709650.00,1844097.00,28%,1817.26,103.77
2/6/22,Encyclopedia Britannica,,,,8009429.00,167974.00,7841455.00,2%,190.42,13.33
2/6/22,Scrabble Go,,,,11284814.00,1182407.00,10102407.00,10%,1636.15,89.99
2/6/22,Camfrog,,,,1528542.00,1201364.00,327178.00,79%,90.20,8.60
2/6/22,Flickr,,,,25433761.00,64778.00,25368983.00,0%,30.61,179.73
2/6/22,MeetMe,,,,1902427.00,545903.00,1356524.00,29%,1266.82,117.99
2/6/22,StockTwits,,,,2913196.00,329385.00,2583811.00,11%,237.20,18.98
2/6/22,MyMixTapez,,,,6303849.00,1764.00,6302085.00,0%,6.10,44.42
2/6/22,Ultimate Classic Rock,,,,12869.00,766.00,12103.00,6%,1.05,0.16
2/6/22,Barstool Sports,,,,3333823.00,52061.00,3281762.00,2%,10.47,0.84
2/6/22,SwingU,,,,37082.00,6158.00,30924.00,17%,14.02,1.12
2/6/22,Reuters,,,,1519867.00,72755.00,1447112.00,5%,77.87,6.23
2/6/22,Funny Weather,,,,8344.00,1507.00,6837.00,18%,4.14,0.34
2/6/22,VPN - Super Unlimited Proxy,,,,5312699.00,7339.00,5305360.00,0%,11.78,37.96
2/6/22,NJ 101.5,,,,218265.00,7533.00,210732.00,3%,11.01,2.25
2/6/22,WGRD,,,,10692.00,526.00,10166.00,5%,0.73,0.12
2/6/22,NewsTalk,,,,70740.00,1157.00,69583.00,2%,1.09,0.56
2/6/22,WBLM,,,,27381.00,1157.00,26224.00,4%,1.00,0.25
2/6/22,WJON,,,,19821.00,295.00,19526.00,1%,0.44,0.17
2/6/22,Tide,,,,27550.00,2783.00,24767.00,10%,2.03,0.32
2/6/22,KFR,,,,2719.00,448.00,2271.00,16%,0.63,0.06
2/6/22,WBCK,,,,9486.00,546.00,8940.00,6%,0.66,0.11
2/6/22,Cat Country,,,,7196.00,148.00,7048.00,2%,0.10,0.06
2/6/22,Mix 95.7FM,,,,7266.00,229.00,7037.00,3%,0.46,0.08
2/6/22,Memedroid,,,,172182.00,7322.00,164860.00,4%,1.36,0.11
2/6/22,Loudwire,,,,19242.00,2294.00,16948.00,12%,2.45,0.29
2/6/22,XXL Mag,,,,13644.00,2127.00,11517.00,16%,1.93,0.22
2/6/22,ScoreStream,,,,2044.00,55.00,1989.00,3%,0.05,0.00
2/6/22,FreeUnblock VPN,,,,877.00,35.00,842.00,4%,0.00,0.00
2/6/22,HAR Texas,,,,775755.00,68856.00,706899.00,9%,84.26,6.74
2/6/22,Psiphon Pro,,,,12563012.00,1205273.00,11357739.00,10%,211.76,16.94
2/6/22,Bracelet Book,,,,53711.00,1688.00,52023.00,3%,0.72,0.06
2/6/22,Tumblr,,,,86768983.00,21346177.00,65422806.00,25%,10959.25,657.56
2/6/22,Wordfinder by WordTips,,,,580706.00,150608.00,430098.00,26%,199.73,15.98
2/6/22,PricePulse,,,,29483.00,3550.00,25933.00,12%,3.32,0.27
2/6/22,Untappd,,,,597107.00,107664.00,489443.00,18%,86.62,6.93
2/6/22,Dice with Buddies,,,,451174.00,25207.00,425967.00,6%,52.97,2.91
2/6/22,Yahtzee with Buddies,,,,2800216.00,84654.00,2715562.00,3%,228.64,12.58
2/6/22,Astrology Daily,,,,547.00,51.00,496.00,9%,0.16,0.01
2/6/22,Meetup,,,,440732.00,41303.00,399429.00,9%,65.02,5.20
2/6/22,BisManOnline,,,,9278.00,3972.00,5306.00,43%,5.16,0.41
2/6/22,Resty,,,,0.00,1.00,0.00,,0.00,0.00
2/6/22,Tokybook ,,,,16028.00,7000.00,9028.00,44%,5.54,0.44
2/6/22,1point3acres,,,,360.00,130.00,230.00,36%,0.14,0.01
2/6/22,Radio Texas Live,,,,35868.00,1777.00,34091.00,5%,1.39,0.34
2/6/22,KLAQ,,,,14650.00,1545.00,13105.00,11%,1.01,0.16
2/6/22,KICKS 105,,,,6867.00,82.00,6785.00,1%,0.05,0.05
2/6/22,106.5 WYRK,,,,39969.00,1863.00,38106.00,5%,1.53,0.37
2/6/22,Buffalos 937 WBLK -The Peoples Station,,,,36908.00,4121.00,32787.00,11%,3.17,0.45
2/6/22,K2,,,,12760.00,220.00,12540.00,2%,0.16,0.10
2/6/22,101.5 WPDH,,,,33166.00,3332.00,29834.00,10%,2.02,0.35
2/6/22,97.3 KKRC,,,,6669.00,945.00,5724.00,14%,0.77,0.09
2/6/22,The Dawg 973,,,,167231.00,8790.00,158441.00,5%,5.91,1.52
2/6/22,KNUE 1015 East Texas Country Station,,,,13195.00,884.00,12311.00,7%,0.36,0.11
2/6/22,MyLaps,,,,84274.00,8716.00,75558.00,10%,2.19,0.18
2/5/22,Imgur,,,,8015658.00,673769.00,7341889.00,8%,2110.92,116.23
2/5/22,Wattpad,,,,1911990.00,774300.00,1137690.00,41%,1293.24,162.82
2/5/22,MixerBox,,,,56098.00,20748.00,35350.00,37%,136.41,4.40
2/5/22,Lucktastic,,,,206533.00,52716.00,153817.00,26%,294.05,6.66
2/5/22,MixerBoxLite,,,,1253137.00,108071.00,1145066.00,9%,144.02,29.63
2/5/22,Kidoodle,,,,211894982.00,1043277.00,210851705.00,0%,8157.78,1883.85
2/5/22,MocoSpace,,,,535624.00,386338.00,149286.00,72%,581.29,41.74
2/5/22,Online Plus,,,,1842471.00,421601.00,1420870.00,23%,1321.61,78.78
2/5/22,Qlixar,,,,1246046.00,289499.00,956547.00,23%,1116.74,54.00
2/5/22,WeatherBug,,,,64255314.00,1490942.00,62764372.00,2%,2456.83,196.55
2/5/22,Droplist,,,,200926.00,94509.00,106417.00,47%,51.01,5.85
2/5/22,Growlr,,,,4719768.00,2100544.00,2619224.00,45%,586.90,59.42
2/5/22,The Times of India,,,,6869837.00,128346.00,6741491.00,2%,156.44,58.14
2/5/22,LiveMixTapes,,,,932260.00,554479.00,377781.00,59%,408.66,31.25
2/5/22,Instant News,,,,37719.00,30214.00,7505.00,80%,527.27,5.17
2/5/22,Dolphin,,,,3903.00,2110.00,1793.00,54%,2.93,0.37
2/5/22,MyDaily,,,,8201.00,6237.00,1964.00,76%,13.00,1.07
2/5/22,Everyday,,,,816.00,590.00,226.00,72%,4.27,0.10
2/5/22,First News,,,,821406.00,274959.00,546447.00,33%,523.36,49.48
2/5/22,The Feed,,,,164.00,71.00,93.00,43%,0.17,0.01
2/5/22,VladTV,,,,163337.00,76809.00,86528.00,47%,67.24,5.31
2/5/22,Crocodile,,,,22185.00,2886.00,19299.00,13%,8.03,0.59
2/5/22,QuizJP,,,,672.00,3.00,669.00,0%,0.02,0.01
2/5/22,QuizUS,,,,857.00,2.00,855.00,0%,0.02,0.01
2/5/22,PalTalk,,,,1912348.00,1440787.00,471561.00,75%,325.04,26.05
2/5/22,Impala - Headlines,,,,1711284.00,48319.00,1662965.00,3%,361.12,16.53
2/5/22,Steps,,,,312929.00,106936.00,205993.00,34%,75.86,6.75
2/5/22,MyFitnessPal,,,,54043614.00,24723021.00,29320593.00,46%,6152.33,512.86
2/5/22,ShopKick,,,,1846804.00,388577.00,1458227.00,21%,1772.94,87.92
2/5/22,Audiomack,,,,2786971.00,772128.00,2014843.00,28%,1983.78,113.29
2/5/22,Encyclopedia Britannica,,,,7981797.00,176029.00,7805768.00,2%,192.66,13.49
2/5/22,Scrabble Go,,,,10207638.00,1057324.00,9150314.00,10%,1643.57,90.40
2/5/22,Camfrog,,,,1518471.00,1178795.00,339676.00,78%,90.13,8.69
2/5/22,Flickr,,,,19720778.00,64555.00,19656223.00,0%,30.09,139.70
2/5/22,MeetMe,,,,1836603.00,539635.00,1296968.00,29%,1213.90,116.27
2/5/22,StockTwits,,,,3454079.00,322600.00,3131479.00,9%,219.33,17.55
2/5/22,MyMixTapez,,,,7092091.00,1591.00,7090500.00,0%,6.01,49.93
2/5/22,Ultimate Classic Rock,,,,13544.00,762.00,12782.00,6%,1.04,0.16
2/5/22,Barstool Sports,,,,3940995.00,49311.00,3891684.00,1%,9.88,0.79
2/5/22,SwingU,,,,30998.00,5075.00,25923.00,16%,12.24,0.98
2/5/22,Reuters,,,,1576044.00,85189.00,1490855.00,5%,89.93,7.19
2/5/22,Funny Weather,,,,9745.00,1528.00,8217.00,16%,3.70,0.32
2/5/22,VPN - Super Unlimited Proxy,,,,5250749.00,7557.00,5243192.00,0%,11.39,37.50
2/5/22,NJ 101.5,,,,262017.00,9550.00,252467.00,4%,13.38,2.70
2/5/22,WGRD,,,,32848.00,1329.00,31519.00,4%,1.82,0.35
2/5/22,NewsTalk,,,,104540.00,1734.00,102806.00,2%,1.61,0.83
2/5/22,WBLM,,,,39458.00,1785.00,37673.00,5%,1.74,0.39
2/5/22,WJON,,,,27415.00,1173.00,26242.00,4%,1.60,0.30
2/5/22,Tide,,,,13713.00,1420.00,12293.00,10%,1.05,0.16
2/5/22,KFR,,,,2717.00,503.00,2214.00,19%,0.90,0.08
2/5/22,WBCK,,,,17107.00,1050.00,16057.00,6%,1.17,0.19
2/5/22,Cat Country,,,,8316.00,263.00,8053.00,3%,0.32,0.08
2/5/22,Mix 95.7FM,,,,11893.00,349.00,11544.00,3%,0.53,0.12
2/5/22,Memedroid,,,,163638.00,6598.00,157040.00,4%,1.34,0.11
2/5/22,Loudwire,,,,20668.00,2328.00,18340.00,11%,2.42,0.30
2/5/22,XXL Mag,,,,11166.00,1324.00,9842.00,12%,1.16,0.15
2/5/22,ScoreStream,,,,2644.00,66.00,2578.00,3%,0.06,0.00
2/5/22,FreeUnblock VPN,,,,916.00,34.00,882.00,4%,0.00,0.00
2/5/22,HAR Texas,,,,811230.00,99213.00,712017.00,12%,103.99,8.32
2/5/22,Psiphon Pro,,,,12075842.00,1093357.00,10982485.00,9%,173.68,13.89
2/5/22,Bracelet Book,,,,57271.00,1952.00,55319.00,3%,0.85,0.07
2/5/22,Tumblr,,,,85332994.00,20242497.00,65090497.00,24%,11363.75,681.83
2/5/22,Wordfinder by WordTips,,,,544931.00,132423.00,412508.00,24%,183.10,14.65
2/5/22,PricePulse,,,,29074.00,3061.00,26013.00,11%,2.82,0.23
2/5/22,Untappd,,,,726833.00,131166.00,595667.00,18%,119.11,9.53
2/5/22,Dice with Buddies,,,,400180.00,21916.00,378264.00,5%,50.69,2.79
2/5/22,Yahtzee with Buddies,,,,2525899.00,69422.00,2456477.00,3%,205.60,11.31
2/5/22,Astrology Daily,,,,451.00,46.00,405.00,10%,0.06,0.00
2/5/22,Meetup,,,,450964.00,39317.00,411647.00,9%,63.81,5.10
2/5/22,BisManOnline,,,,7648.00,2451.00,5197.00,32%,3.15,0.25
2/5/22,Resty,,,,126008.00,43799.00,82209.00,35%,7.37,0.59
2/5/22,Tokybook ,,,,15412.00,4999.00,10413.00,32%,4.11,0.33
2/5/22,1point3acres,,,,486.00,137.00,349.00,28%,0.15,0.01
2/5/22,Radio Texas Live,,,,29397.00,1956.00,27441.00,7%,1.24,0.28
2/5/22,KLAQ,,,,25120.00,2816.00,22304.00,11%,2.03,0.30
2/5/22,KICKS 105,,,,8555.00,212.00,8343.00,2%,0.16,0.07
2/5/22,106.5 WYRK,,,,47687.00,2064.00,45623.00,4%,1.55,0.43
2/5/22,Buffalos 937 WBLK -The Peoples Station,,,,58817.00,6105.00,52712.00,10%,4.65,0.69
2/5/22,K2,,,,16825.00,404.00,16421.00,2%,0.48,0.15
2/5/22,101.5 WPDH,,,,27119.00,3482.00,23637.00,13%,2.54,0.34
2/5/22,97.3 KKRC,,,,10276.00,861.00,9415.00,8%,0.65,0.11
2/5/22,The Dawg 973,,,,28099.00,1386.00,26713.00,5%,1.10,0.26
2/5/22,KNUE 1015 East Texas Country Station,,,,10123.00,348.00,9775.00,3%,0.22,0.08
2/5/22,MyLaps,,,,127985.00,15014.00,112971.00,12%,3.47,0.28
2/4/22,Imgur,,,,6545452.00,457900.00,6087552.00,7%,1462.32,86.64
2/4/22,Wattpad,,,,2957335.00,1037999.00,1919336.00,35%,1673.63,221.04
2/4/22,MixerBox,,,,59693.00,20646.00,39047.00,35%,110.28,4.40
2/4/22,Lucktastic,,,,213350.00,51840.00,161510.00,24%,284.68,6.64
2/4/22,MixerBoxLite,,,,1229201.00,98909.00,1130292.00,8%,116.89,27.69
2/4/22,Kidoodle,,,,197055397.00,968898.00,196086499.00,0%,7308.94,1738.05
2/4/22,MocoSpace,,,,512019.00,357376.00,154643.00,70%,531.93,38.32
2/4/22,Online Plus,,,,1899845.00,440920.00,1458925.00,23%,1426.19,82.25
2/4/22,Qlixar,,,,1250773.00,318413.00,932360.00,25%,1199.53,58.79
2/4/22,WeatherBug,,,,118417568.00,3227354.00,115190214.00,3%,5109.79,408.78
2/4/22,Droplist,,,,277285.00,127568.00,149717.00,46%,68.45,7.89
2/4/22,Growlr,,,,4504822.00,1987412.00,2517410.00,44%,529.33,54.67
2/4/22,The Times of India,,,,9654963.00,219779.00,9435184.00,2%,274.38,85.25
2/4/22,LiveMixTapes,,,,893609.00,526806.00,366803.00,59%,415.44,31.65
2/4/22,Instant News,,,,40358.00,31128.00,9230.00,77%,511.42,5.34
2/4/22,Dolphin,,,,4415.00,2200.00,2215.00,50%,2.86,0.39
2/4/22,MyDaily,,,,8628.00,6023.00,2605.00,70%,13.31,1.04
2/4/22,Everyday,,,,807.00,603.00,204.00,75%,4.85,0.10
2/4/22,First News,,,,791649.00,285065.00,506584.00,36%,621.24,50.99
2/4/22,The Feed,,,,481.00,92.00,389.00,19%,0.20,0.02
2/4/22,ShopSavvy,,,,1.00,0.00,1.00,0%,0.00,0.00
2/4/22,VladTV,,,,194815.00,84271.00,110544.00,43%,69.18,5.62
2/4/22,Crocodile,,,,26631.00,2450.00,24181.00,9%,6.21,0.54
2/4/22,QuizJP,,,,774.00,4.00,770.00,1%,0.03,0.01
2/4/22,QuizUS,,,,394.00,35.00,359.00,9%,0.23,0.01
2/4/22,PalTalk,,,,1679354.00,1259905.00,419449.00,75%,286.92,23.02
2/4/22,Impala - Headlines,,,,1726904.00,126844.00,1600060.00,7%,1108.39,29.56
2/4/22,Steps,,,,321887.00,111774.00,210113.00,35%,74.90,6.71
2/4/22,MyFitnessPal,,,,66496139.00,27074015.00,39422124.00,41%,6595.54,605.73
2/4/22,ShopKick,,,,1850727.00,396335.00,1454392.00,21%,1802.85,89.44
2/4/22,Audiomack,,,,2854029.00,824846.00,2029183.00,29%,2125.25,120.47
2/4/22,Encyclopedia Britannica,,,,8641412.00,179568.00,8461844.00,2%,204.04,14.28
2/4/22,Scrabble Go,,,,10057909.00,1066115.00,8991794.00,11%,1567.40,86.21
2/4/22,Camfrog,,,,1495937.00,1178001.00,317936.00,79%,90.92,8.59
2/4/22,Flickr,,,,21205825.00,63020.00,21142805.00,0%,30.08,150.11
2/4/22,MeetMe,,,,1844060.00,495231.00,1348829.00,27%,1006.77,107.79
2/4/22,StockTwits,,,,9115611.00,791867.00,8323744.00,9%,518.74,41.50
2/4/22,MyMixTapez,,,,8001418.00,1978.00,7999440.00,0%,7.38,56.37
2/4/22,Ultimate Classic Rock,,,,16131.00,849.00,15282.00,5%,0.94,0.17
2/4/22,Barstool Sports,,,,4704418.00,55921.00,4648497.00,1%,12.32,0.99
2/4/22,SwingU,,,,21079.00,3440.00,17639.00,16%,7.79,0.62
2/4/22,Reuters,,,,1644816.00,78137.00,1566679.00,5%,73.26,5.86
2/4/22,Funny Weather,,,,11327.00,1750.00,9577.00,15%,4.71,0.40
2/4/22,VPN - Super Unlimited Proxy,,,,5342885.00,8345.00,5334540.00,0%,13.79,38.31
2/4/22,NJ 101.5,,,,828678.00,24098.00,804580.00,3%,33.43,7.97
2/4/22,WGRD,,,,219068.00,5812.00,213256.00,3%,8.66,2.10
2/4/22,NewsTalk,,,,429841.00,8490.00,421351.00,2%,7.31,3.46
2/4/22,WBLM,,,,68093.00,1785.00,66308.00,3%,1.68,0.58
2/4/22,WJON,,,,47339.00,2887.00,44452.00,6%,3.66,0.57
2/4/22,Tide,,,,77176.00,6443.00,70733.00,8%,4.84,0.83
2/4/22,KFR,,,,4132.00,568.00,3564.00,14%,0.70,0.07
2/4/22,WBCK,,,,37264.00,1379.00,35885.00,4%,1.53,0.36
2/4/22,Cat Country,,,,31872.00,698.00,31174.00,2%,0.63,0.26
2/4/22,Mix 95.7FM,,,,28542.00,877.00,27665.00,3%,1.08,0.27
2/4/22,Memedroid,,,,178419.00,7522.00,170897.00,4%,1.49,0.12
2/4/22,Loudwire,,,,26869.00,2887.00,23982.00,11%,2.91,0.37
2/4/22,XXL Mag,,,,18345.00,2412.00,15933.00,13%,2.04,0.25
2/4/22,ScoreStream,,,,1331.00,47.00,1284.00,4%,0.06,0.00
2/4/22,FreeUnblock VPN,,,,925.00,40.00,885.00,4%,0.01,0.00
2/4/22,HAR Texas,,,,746233.00,102587.00,643646.00,14%,97.35,7.79
2/4/22,Psiphon Pro,,,,12309002.00,1248244.00,11060758.00,10%,224.13,17.93
2/4/22,Bracelet Book,,,,56327.00,1767.00,54560.00,3%,0.64,0.05
2/4/22,Tumblr,,,,85565153.00,20891933.00,64673220.00,24%,11607.39,696.44
2/4/22,Wordfinder by WordTips,,,,492464.00,127765.00,364699.00,26%,182.39,14.59
2/4/22,PricePulse,,,,29625.00,3143.00,26482.00,11%,3.29,0.26
2/4/22,Untappd,,,,500212.00,79199.00,421013.00,16%,77.15,6.17
2/4/22,Dice with Buddies,,,,379784.00,20418.00,359366.00,5%,48.82,2.69
2/4/22,Yahtzee with Buddies,,,,2357243.00,69226.00,2288017.00,3%,192.22,10.57
2/4/22,Astrology Daily,,,,618.00,54.00,564.00,9%,0.14,0.01
2/4/22,Meetup,,,,403160.00,34608.00,368552.00,9%,53.66,4.29
2/4/22,BisManOnline,,,,5685.00,1612.00,4073.00,28%,1.49,0.12
2/4/22,Resty,,,,175352.00,64349.00,111003.00,37%,14.57,1.17
2/4/22,Tokybook ,,,,18934.00,6341.00,12593.00,33%,4.53,0.36
2/4/22,1point3acres,,,,397.00,120.00,277.00,30%,0.10,0.01
2/4/22,Radio Texas Live,,,,28128.00,1255.00,26873.00,4%,0.84,0.25
2/4/22,KLAQ,,,,137515.00,14660.00,122855.00,11%,8.30,1.44
2/4/22,KICKS 105,,,,14140.00,596.00,13544.00,4%,0.54,0.13
2/4/22,106.5 WYRK,,,,88565.00,4189.00,84376.00,5%,3.45,0.83
2/4/22,Buffalos 937 WBLK -The Peoples Station,,,,105611.00,6595.00,99016.00,6%,7.07,1.19
2/4/22,K2,,,,26111.00,470.00,25641.00,2%,0.52,0.22
2/4/22,101.5 WPDH,,,,51700.00,7409.00,44291.00,14%,5.26,0.68
2/4/22,97.3 KKRC,,,,15803.00,1398.00,14405.00,9%,0.92,0.17
2/4/22,The Dawg 973,,,,29731.00,1555.00,28176.00,5%,1.22,0.28
2/4/22,KNUE 1015 East Texas Country Station,,,,10609.00,470.00,10139.00,4%,0.31,0.09
2/4/22,MyLaps,,,,40391.00,5357.00,35034.00,13%,1.09,0.09
2/3/22,Imgur,,,,3839537.00,291528.00,3548009.00,8%,927.08,52.02
2/3/22,Wattpad,,,,2974032.00,1038545.00,1935487.00,35%,1631.26,221.26
2/3/22,MixerBox,,,,56875.00,18281.00,38594.00,32%,95.56,3.93
2/3/22,Lucktastic,,,,202329.00,44116.00,158213.00,22%,271.89,5.84
2/3/22,MixerBoxLite,,,,1197377.00,91010.00,1106367.00,8%,103.84,25.95
2/3/22,Kidoodle,,,,180412563.00,812076.00,179600487.00,0%,6219.27,1568.17
2/3/22,MocoSpace,,,,511945.00,340982.00,170963.00,67%,503.22,36.42
2/3/22,Online Plus,,,,1887739.00,391988.00,1495751.00,21%,1243.28,74.12
2/3/22,Qlixar,,,,1255007.00,306422.00,948585.00,24%,1214.14,56.83
2/3/22,WeatherBug,,,,181302501.00,5393957.00,175908544.00,3%,7794.65,623.57
2/3/22,Droplist,,,,592512.00,265648.00,326864.00,45%,147.15,17.00
2/3/22,Growlr,,,,4505678.00,1981845.00,2523833.00,44%,517.08,53.86
2/3/22,The Times of India,,,,10059694.00,234903.00,9824791.00,2%,259.12,86.91
2/3/22,LiveMixTapes,,,,787444.00,427504.00,359940.00,54%,304.02,23.80
2/3/22,Instant News,,,,41702.00,32409.00,9293.00,78%,509.98,5.56
2/3/22,Dolphin,,,,4964.00,2364.00,2600.00,48%,3.35,0.41
2/3/22,MyDaily,,,,8736.00,6345.00,2391.00,73%,13.71,1.09
2/3/22,Everyday,,,,848.00,619.00,229.00,73%,4.61,0.11
2/3/22,First News,,,,799307.00,313320.00,485987.00,39%,855.11,55.69
2/3/22,The Feed,,,,180.00,83.00,97.00,46%,0.19,0.01
2/3/22,ShopSavvy,,,,3.00,2.00,1.00,67%,0.00,0.00
2/3/22,VladTV,,,,176458.00,71317.00,105141.00,40%,57.83,4.78
2/3/22,Crocodile,,,,27709.00,2993.00,24716.00,11%,7.66,0.63
2/3/22,QuizJP,,,,679.00,7.00,672.00,1%,0.05,0.01
2/3/22,QuizUS,,,,850.00,19.00,831.00,2%,0.11,0.01
2/3/22,PalTalk,,,,1690903.00,1287393.00,403510.00,76%,261.49,21.13
2/3/22,Impala - Headlines,,,,1720279.00,116303.00,1603976.00,7%,1081.55,27.79
2/3/22,Steps,,,,323457.00,118505.00,204952.00,37%,75.60,6.73
2/3/22,MyFitnessPal,,,,75777759.00,30009140.00,45768619.00,40%,7092.25,674.99
2/3/22,ShopKick,,,,1728186.00,421826.00,1306360.00,24%,1785.30,93.50
2/3/22,Audiomack,,,,2873138.00,827043.00,2046095.00,29%,2154.78,122.06
2/3/22,Encyclopedia Britannica,,,,9117154.00,154275.00,8962879.00,2%,168.35,11.78
2/3/22,Scrabble Go,,,,9828476.00,1110890.00,8717586.00,11%,1393.21,76.63
2/3/22,Camfrog,,,,1510987.00,1174686.00,336301.00,78%,92.01,8.79
2/3/22,Flickr,,,,21229617.00,62311.00,21167306.00,0%,29.17,150.21
2/3/22,MeetMe,,,,1924892.00,567479.00,1357413.00,29%,1016.17,122.27
2/3/22,StockTwits,,,,11232960.00,795192.00,10437768.00,7%,547.72,43.82
2/3/22,MyMixTapez,,,,5798421.00,1366.00,5797055.00,0%,4.70,40.81
2/3/22,Ultimate Classic Rock,,,,14805.00,687.00,14118.00,5%,0.72,0.15
2/3/22,Barstool Sports,,,,5410553.00,51225.00,5359328.00,1%,12.63,1.01
2/3/22,SwingU,,,,23228.00,3642.00,19586.00,16%,7.67,0.61
2/3/22,Reuters,,,,1664365.00,62194.00,1602171.00,4%,56.26,4.50
2/3/22,Funny Weather,,,,17043.00,2313.00,14730.00,14%,6.06,0.53
2/3/22,VPN - Super Unlimited Proxy,,,,5304474.00,6968.00,5297506.00,0%,11.76,37.91
2/3/22,NJ 101.5,,,,829077.00,21185.00,807892.00,3%,27.88,7.61
2/3/22,WGRD,,,,233961.00,5239.00,228722.00,2%,7.17,2.10
2/3/22,NewsTalk,,,,453387.00,7251.00,446136.00,2%,7.21,3.63
2/3/22,WBLM,,,,71418.00,1867.00,69551.00,3%,1.83,0.61
2/3/22,WJON,,,,58838.00,3764.00,55074.00,6%,4.28,0.69
2/3/22,Tide,,,,75871.00,5447.00,70424.00,7%,4.38,0.80
2/3/22,KFR,,,,3924.00,686.00,3238.00,17%,0.85,0.08
2/3/22,WBCK,,,,38355.00,1092.00,37263.00,3%,1.11,0.34
2/3/22,Cat Country,,,,37423.00,402.00,37021.00,1%,0.52,0.30
2/3/22,Mix 95.7FM,,,,31972.00,716.00,31256.00,2%,0.77,0.27
2/3/22,Memedroid,,,,182974.00,7203.00,175771.00,4%,1.46,0.12
2/3/22,Loudwire,,,,28080.00,2448.00,25632.00,9%,2.48,0.35
2/3/22,XXL Mag,,,,12855.00,1152.00,11703.00,9%,0.82,0.14
2/3/22,ScoreStream,,,,1499.00,32.00,1467.00,2%,0.01,0.00
2/3/22,FreeUnblock VPN,,,,954.00,31.00,923.00,3%,0.00,0.00
2/3/22,HAR Texas,,,,695774.00,96873.00,598901.00,14%,84.01,6.72
2/3/22,Psiphon Pro,,,,12352893.00,949276.00,11403617.00,8%,166.08,13.29
2/3/22,Bracelet Book,,,,49148.00,1505.00,47643.00,3%,0.62,0.05
2/3/22,Tumblr,,,,85615610.00,11842413.00,73773197.00,14%,8101.37,486.08
2/3/22,Wordfinder by WordTips,,,,504053.00,123603.00,380450.00,25%,173.62,13.89
2/3/22,PricePulse,,,,28456.00,2436.00,26020.00,9%,2.55,0.20
2/3/22,Untappd,,,,357125.00,51415.00,305710.00,14%,47.05,3.76
2/3/22,Dice with Buddies,,,,459963.00,23177.00,436786.00,5%,54.60,3.00
2/3/22,Yahtzee with Buddies,,,,2768035.00,79222.00,2688813.00,3%,240.93,13.25
2/3/22,Astrology Daily,,,,689.00,60.00,629.00,9%,0.17,0.01
2/3/22,Meetup,,,,390569.00,24211.00,366358.00,6%,35.80,2.86
2/3/22,BisManOnline,,,,3172.00,807.00,2365.00,25%,0.72,0.06
2/3/22,Resty,,,,160689.00,61676.00,99013.00,38%,13.01,1.04
2/3/22,Tokybook ,,,,17327.00,5074.00,12253.00,29%,3.22,0.26
2/3/22,1point3acres,,,,414.00,79.00,335.00,19%,0.07,0.01
2/3/22,Radio Texas Live,,,,30612.00,1526.00,29086.00,5%,0.92,0.27
2/3/22,KLAQ,,,,120491.00,13562.00,106929.00,11%,9.05,1.38
2/3/22,KICKS 105,,,,15283.00,775.00,14508.00,5%,0.41,0.13
2/3/22,106.5 WYRK,,,,74773.00,2884.00,71889.00,4%,2.69,0.69
2/3/22,Buffalos 937 WBLK -The Peoples Station,,,,118374.00,10934.00,107440.00,9%,8.54,1.35
2/3/22,K2,,,,26122.00,546.00,25576.00,2%,0.44,0.21
2/3/22,101.5 WPDH,,,,47510.00,5674.00,41836.00,12%,4.04,0.58
2/3/22,97.3 KKRC,,,,18057.00,1318.00,16739.00,7%,1.01,0.19
2/3/22,The Dawg 973,,,,25080.00,1089.00,23991.00,4%,0.77,0.22
2/3/22,KNUE 1015 East Texas Country Station,,,,9355.00,330.00,9025.00,4%,0.20,0.08
2/3/22,MyLaps,,,,8465.00,1379.00,7086.00,16%,0.17,0.01
2/2/22,Imgur,,,,10331017.00,582565.00,9748452.00,6%,1879.21,123.85
2/2/22,Wattpad,,,,2882420.00,975566.00,1906854.00,34%,1598.83,208.46
2/2/22,MixerBox,,,,60081.00,19307.00,40774.00,32%,98.06,4.15
2/2/22,Lucktastic,,,,205911.00,45834.00,160077.00,22%,294.55,6.02
2/2/22,MixerBoxLite,,,,1194255.00,83867.00,1110388.00,7%,97.79,24.55
2/2/22,Kidoodle,,,,189508617.00,727964.00,188780653.00,0%,5527.61,1597.85
2/2/22,MocoSpace,,,,498759.00,328329.00,170430.00,66%,480.84,34.85
2/2/22,Online Plus,,,,1872798.00,378547.00,1494251.00,20%,1285.81,71.82
2/2/22,Qlixar,,,,1220173.00,328976.00,891197.00,27%,1345.62,60.38
2/2/22,WeatherBug,,,,164931970.00,5743791.00,159188179.00,3%,7920.01,633.60
2/2/22,Droplist,,,,534182.00,264419.00,269763.00,50%,144.41,16.33
2/2/22,Growlr,,,,4351653.00,1932981.00,2418672.00,44%,508.34,52.51
2/2/22,The Times of India,,,,10518153.00,208559.00,10309594.00,2%,237.19,88.77
2/2/22,LiveMixTapes,,,,777780.00,433686.00,344094.00,56%,316.30,24.55
2/2/22,Instant News,,,,43646.00,33385.00,10261.00,76%,506.56,5.73
2/2/22,Dolphin,,,,4993.00,2615.00,2378.00,52%,3.44,0.46
2/2/22,MyDaily,,,,9558.00,7053.00,2505.00,74%,16.31,1.21
2/2/22,Everyday,,,,1019.00,596.00,423.00,58%,4.94,0.10
2/2/22,First News,,,,789574.00,341004.00,448570.00,43%,1127.38,60.21
2/2/22,The Feed,,,,249.00,77.00,172.00,31%,0.22,0.01
2/2/22,VladTV,,,,178097.00,73342.00,104755.00,41%,60.90,5.00
2/2/22,Crocodile,,,,25262.00,2938.00,22324.00,12%,7.77,0.61
2/2/22,QuizJP,,,,687.00,2.00,685.00,0%,0.01,0.01
2/2/22,QuizUS,,,,476.00,4.00,472.00,1%,0.04,0.00
2/2/22,PalTalk,,,,1647416.00,1244481.00,402935.00,76%,265.15,21.38
2/2/22,Impala - Headlines,,,,1712745.00,67743.00,1645002.00,4%,516.66,19.74
2/2/22,Steps,,,,324635.00,119558.00,205077.00,37%,79.70,7.01
2/2/22,Timer+,,,,2.00,1.00,1.00,50%,0.00,0.00
2/2/22,MyFitnessPal,,,,81012090.00,34333107.00,46678983.00,42%,7792.18,716.36
2/2/22,ShopKick,,,,1676664.00,344655.00,1332009.00,21%,1436.37,78.25
2/2/22,Audiomack,,,,2979140.00,822258.00,2156882.00,28%,2137.60,121.98
2/2/22,Encyclopedia Britannica,,,,9070126.00,167863.00,8902263.00,2%,190.91,13.36
2/2/22,Scrabble Go,,,,9606846.00,1290778.00,8316068.00,13%,1359.77,74.79
2/2/22,Camfrog,,,,1565255.00,1254059.00,311196.00,80%,97.48,9.00
2/2/22,Flickr,,,,22591544.00,61346.00,22530198.00,0%,28.34,159.70
2/2/22,MeetMe,,,,1913783.00,587887.00,1325896.00,31%,1005.15,126.10
2/2/22,StockTwits,,,,11700525.00,954195.00,10746330.00,8%,582.07,46.57
2/2/22,MyMixTapez,,,,6078490.00,1285.00,6077205.00,0%,4.98,42.79
2/2/22,Ultimate Classic Rock,,,,16719.00,846.00,15873.00,5%,1.10,0.19
2/2/22,Barstool Sports,,,,4298301.00,28274.00,4270027.00,1%,8.76,0.70
2/2/22,SwingU,,,,22486.00,3810.00,18676.00,17%,7.77,0.62
2/2/22,Reuters,,,,1512981.00,67924.00,1445057.00,4%,64.83,5.19
2/2/22,Funny Weather,,,,21435.00,2313.00,19122.00,11%,6.16,0.57
2/2/22,VPN - Super Unlimited Proxy,,,,5489637.00,5774.00,5483863.00,0%,9.80,39.07
2/2/22,NJ 101.5,,,,846274.00,22385.00,823889.00,3%,29.54,7.84
2/2/22,WGRD,,,,250191.00,6671.00,243520.00,3%,9.59,2.38
2/2/22,NewsTalk,,,,471534.00,9314.00,462220.00,2%,7.66,3.77
2/2/22,WBLM,,,,69849.00,2101.00,67748.00,3%,2.07,0.62
2/2/22,WJON,,,,49379.00,2656.00,46723.00,5%,2.93,0.53
2/2/22,Tide,,,,106450.00,8093.00,98357.00,8%,5.63,1.08
2/2/22,KFR,,,,5321.00,847.00,4474.00,16%,1.05,0.10
2/2/22,WBCK,,,,41438.00,1342.00,40096.00,3%,1.32,0.37
2/2/22,Cat Country,,,,41964.00,560.00,41404.00,1%,0.70,0.34
2/2/22,Mix 95.7FM,,,,30164.00,942.00,29222.00,3%,1.04,0.28
2/2/22,Memedroid,,,,179383.00,8476.00,170907.00,5%,1.53,0.12
2/2/22,Loudwire,,,,28347.00,3128.00,25219.00,11%,3.40,0.41
2/2/22,XXL Mag,,,,13956.00,996.00,12960.00,7%,0.96,0.16
2/2/22,ScoreStream,,,,3534.00,101.00,3433.00,3%,0.07,0.01
2/2/22,FreeUnblock VPN,,,,941.00,40.00,901.00,4%,0.00,0.00
2/2/22,HAR Texas,,,,712745.00,117134.00,595611.00,16%,97.65,7.81
2/2/22,Psiphon Pro,,,,12320636.00,968816.00,11351820.00,8%,184.20,14.74
2/2/22,Bracelet Book,,,,47794.00,1461.00,46333.00,3%,0.48,0.04
2/2/22,Tumblr,,,,86785273.00,12844165.00,73941108.00,15%,7747.83,464.87
2/2/22,Wordfinder by WordTips,,,,521564.00,124526.00,397038.00,24%,162.15,12.97
2/2/22,PricePulse,,,,30394.00,2441.00,27953.00,8%,2.66,0.21
2/2/22,Untappd,,,,316365.00,46433.00,269932.00,15%,43.96,3.52
2/2/22,Dice with Buddies,,,,256186.00,14617.00,241569.00,6%,31.18,1.71
2/2/22,Dice with Ellen,,,,1.00,0.00,1.00,0%,0.00,0.00
2/2/22,Yahtzee with Buddies,,,,1695566.00,41753.00,1653813.00,2%,126.57,6.96
2/2/22,Astrology Daily,,,,536.00,50.00,486.00,9%,0.07,0.01
2/2/22,Meetup,,,,388670.00,24299.00,364371.00,6%,37.88,3.03
2/2/22,BisManOnline,,,,1301.00,183.00,1118.00,14%,0.13,0.01
2/2/22,Resty,,,,112413.00,44134.00,68279.00,39%,8.26,0.66
2/2/22,Tokybook ,,,,18786.00,5992.00,12794.00,32%,4.58,0.37
2/2/22,1point3acres,,,,526.00,138.00,388.00,26%,0.15,0.01
2/2/22,Radio Texas Live,,,,33539.00,1083.00,32456.00,3%,0.66,0.27
2/2/22,KLAQ,,,,164757.00,18701.00,146056.00,11%,9.62,1.70
2/2/22,KICKS 105,,,,15925.00,1070.00,14855.00,7%,0.69,0.15
2/2/22,106.5 WYRK,,,,68969.00,3513.00,65456.00,5%,3.12,0.68
2/2/22,Buffalos 937 WBLK -The Peoples Station,,,,137132.00,9871.00,127261.00,7%,9.40,1.55
2/2/22,K2,,,,30894.00,685.00,30209.00,2%,0.72,0.26
2/2/22,101.5 WPDH,,,,47146.00,4798.00,42348.00,10%,3.18,0.52
2/2/22,97.3 KKRC,,,,20865.00,1539.00,19326.00,7%,1.12,0.21
2/2/22,The Dawg 973,,,,33450.00,2017.00,31433.00,6%,1.39,0.32
2/2/22,KNUE 1015 East Texas Country Station,,,,9868.00,407.00,9461.00,4%,0.28,0.09
2/2/22,MyLaps,,,,7467.00,1065.00,6402.00,14%,0.15,0.01
2/1/22,Imgur,,,,11287309.00,574974.00,10712335.00,5%,1883.83,129.69
2/1/22,Wattpad,,,,2937288.00,942824.00,1994464.00,32%,1550.12,202.53
2/1/22,MixerBox,,,,61086.00,19599.00,41487.00,32%,102.98,4.21
2/1/22,Lucktastic,,,,231253.00,51824.00,179429.00,22%,337.68,6.80
2/1/22,MixerBoxLite,,,,1177777.00,91334.00,1086443.00,8%,101.55,25.87
2/1/22,Kidoodle,,,,180012979.00,665723.00,179347256.00,0%,4951.64,1503.01
2/1/22,MocoSpace,,,,501350.00,330978.00,170372.00,66%,502.87,36.39
2/1/22,Online Plus,,,,1871394.00,365689.00,1505705.00,20%,1260.97,69.70
2/1/22,Qlixar,,,,1224734.00,297124.00,927610.00,24%,1158.13,55.15
2/1/22,WeatherBug,,,,107453428.00,4046319.00,103407109.00,4%,5647.57,451.81
2/1/22,Droplist,,,,381823.00,181244.00,200579.00,47%,103.60,11.76
2/1/22,Growlr,,,,4377300.00,1958077.00,2419223.00,45%,521.77,53.46
2/1/22,The Times of India,,,,9785127.00,124843.00,9660284.00,1%,139.31,77.37
2/1/22,LiveMixTapes,,,,792410.00,456593.00,335817.00,58%,333.33,25.68
2/1/22,Instant News,,,,40997.00,31818.00,9179.00,78%,503.71,5.45
2/1/22,Dolphin,,,,3899.00,1657.00,2242.00,43%,2.77,0.29
2/1/22,MyDaily,,,,8131.00,6164.00,1967.00,76%,14.23,1.06
2/1/22,Everyday,,,,791.00,598.00,193.00,76%,4.70,0.10
2/1/22,First News,,,,643350.00,304868.00,338482.00,47%,1216.64,53.52
2/1/22,The Feed,,,,226.00,70.00,156.00,31%,0.20,0.01
2/1/22,VladTV,,,,187939.00,77410.00,110529.00,41%,64.64,5.30
2/1/22,Crocodile,,,,18516.00,3493.00,15023.00,19%,9.55,0.67
2/1/22,QuizJP,,,,813.00,5.00,808.00,1%,0.05,0.01
2/1/22,QuizUS,,,,422.00,4.00,418.00,1%,0.04,0.00
2/1/22,PalTalk,,,,1655904.00,1247181.00,408723.00,75%,250.96,20.43
2/1/22,Impala - Headlines,,,,1764973.00,49712.00,1715261.00,3%,355.82,17.03
2/1/22,Steps,,,,325673.00,112593.00,213080.00,35%,75.30,6.76
2/1/22,MyFitnessPal,,,,80894214.00,34953651.00,45940563.00,43%,7795.54,711.36
2/1/22,ShopKick,,,,1601820.00,301826.00,1299994.00,19%,1288.07,69.46
2/1/22,Audiomack,,,,3137835.00,866633.00,2271202.00,28%,2383.33,135.06
2/1/22,Encyclopedia Britannica,,,,8533777.00,183498.00,8350279.00,2%,229.44,16.06
2/1/22,Scrabble Go,,,,9622878.00,1166672.00,8456206.00,12%,1429.71,78.63
2/1/22,Camfrog,,,,1562008.00,1259651.00,302357.00,81%,97.07,8.91
2/1/22,Flickr,,,,23518489.00,62837.00,23455652.00,0%,28.76,166.20
2/1/22,MeetMe,,,,1895513.00,582969.00,1312544.00,31%,947.21,125.01
2/1/22,StockTwits,,,,11593608.00,1215711.00,10377897.00,10%,698.71,55.90
2/1/22,MyMixTapez,,,,6073891.00,1627.00,6072264.00,0%,6.80,42.85
2/1/22,Ultimate Classic Rock,,,,13014.00,617.00,12397.00,5%,0.87,0.15
2/1/22,Barstool Sports,,,,4617655.00,35574.00,4582081.00,1%,10.22,0.82
2/1/22,SwingU,,,,20802.00,5127.00,15675.00,25%,11.69,0.94
2/1/22,Reuters,,,,1401478.00,68019.00,1333459.00,5%,64.79,5.18
2/1/22,Funny Weather,,,,12439.00,1733.00,10706.00,14%,4.47,0.39
2/1/22,VPN - Super Unlimited Proxy,,,,5554531.00,7641.00,5546890.00,0%,13.53,39.78
2/1/22,NJ 101.5,,,,845166.00,21707.00,823459.00,3%,30.30,7.89
2/1/22,WGRD,,,,254564.00,7444.00,247120.00,3%,9.86,2.42
2/1/22,NewsTalk,,,,448278.00,10985.00,437293.00,2%,8.79,3.68
2/1/22,WBLM,,,,74171.00,2219.00,71952.00,3%,2.15,0.65
2/1/22,WJON,,,,54759.00,3158.00,51601.00,6%,3.85,0.63
2/1/22,Tide,,,,72364.00,6212.00,66152.00,9%,4.49,0.78
2/1/22,KFR,,,,4396.00,643.00,3753.00,15%,0.83,0.08
2/1/22,WBCK,,,,35466.00,3198.00,32268.00,9%,2.66,0.41
2/1/22,Cat Country,,,,45111.00,767.00,44344.00,2%,0.75,0.36
2/1/22,Mix 95.7FM,,,,35152.00,2743.00,32409.00,8%,2.33,0.39
2/1/22,Memedroid,,,,187401.00,9236.00,178165.00,5%,1.74,0.14
2/1/22,Loudwire,,,,27364.00,2858.00,24506.00,10%,3.15,0.39
2/1/22,XXL Mag,,,,13801.00,1147.00,12654.00,8%,1.16,0.17
2/1/22,ScoreStream,,,,1414.00,53.00,1361.00,4%,0.07,0.01
2/1/22,FreeUnblock VPN,,,,998.00,41.00,957.00,4%,0.00,0.00
2/1/22,HAR Texas,,,,712271.00,124395.00,587876.00,17%,110.68,8.85
2/1/22,Psiphon Pro,,,,13151854.00,886690.00,12265164.00,7%,187.30,14.98
2/1/22,Bracelet Book,,,,41256.00,1524.00,39732.00,4%,0.51,0.04
2/1/22,Tumblr,,,,87077681.00,12713769.00,74363912.00,15%,7680.56,460.83
2/1/22,Wordfinder by WordTips,,,,500762.00,122326.00,378436.00,24%,166.27,13.30
2/1/22,PricePulse,,,,28575.00,1837.00,26738.00,6%,2.09,0.17
2/1/22,Untappd,,,,282688.00,46509.00,236179.00,16%,46.62,3.73
2/1/22,Dice with Buddies,,,,354052.00,21092.00,332960.00,6%,50.26,2.76
2/1/22,Yahtzee with Buddies,,,,2240292.00,62633.00,2177659.00,3%,202.11,11.12
2/1/22,Astrology Daily,,,,687.00,81.00,606.00,12%,0.15,0.01
2/1/22,Meetup,,,,381204.00,27850.00,353354.00,7%,47.07,3.77
2/1/22,BisManOnline,,,,734.00,33.00,701.00,5%,0.03,0.00
2/1/22,Resty,,,,14716.00,5793.00,8923.00,39%,0.79,0.06
2/1/22,Tokybook ,,,,25285.00,7598.00,17687.00,30%,6.43,0.51
2/1/22,1point3acres,,,,523.00,171.00,352.00,33%,0.17,0.01
2/1/22,Radio Texas Live,,,,44799.00,2088.00,42711.00,5%,1.21,0.38
2/1/22,KLAQ,,,,172933.00,20314.00,152619.00,12%,11.50,1.87
2/1/22,KICKS 105,,,,17001.00,1102.00,15899.00,6%,0.62,0.15
2/1/22,106.5 WYRK,,,,97353.00,5090.00,92263.00,5%,4.52,0.96
2/1/22,Buffalos 937 WBLK -The Peoples Station,,,,124917.00,8989.00,115928.00,7%,8.07,1.38
2/1/22,K2,,,,24971.00,835.00,24136.00,3%,0.94,0.23
2/1/22,101.5 WPDH,,,,49316.00,6071.00,43245.00,12%,4.48,0.62
2/1/22,97.3 KKRC,,,,19582.00,1104.00,18478.00,6%,0.84,0.19
2/1/22,The Dawg 973,,,,42227.00,3044.00,39183.00,7%,2.47,0.45
2/1/22,KNUE 1015 East Texas Country Station,,,,13784.00,972.00,12812.00,7%,0.60,0.13
2/1/22,MyLaps,,,,7954.00,1256.00,6698.00,16%,0.29,0.02
1/31/22,Imgur,,,,10581164.00,483790.00,10097374.00,5%,1759.58,116.28
1/31/22,Wattpad,,,,3320606.00,1023174.00,2297432.00,31%,1790.87,220.72
1/31/22,MixerBox,,,,55546.00,18212.00,37334.00,33%,99.41,3.90
1/31/22,Lucktastic,,,,234728.00,49809.00,184919.00,21%,339.85,6.65
1/31/22,MixerBoxLite,,,,1147491.00,88784.00,1058707.00,8%,103.20,25.17
1/31/22,Kidoodle,,,,178969326.00,785539.00,178183787.00,0%,5816.47,1538.11
1/31/22,MocoSpace,,,,529437.00,380409.00,149028.00,72%,517.04,37.24
1/31/22,Online Plus,,,,1850411.00,406755.00,1443656.00,22%,1466.27,76.37
1/31/22,Qlixar,,,,1165301.00,254147.00,911154.00,22%,970.87,47.76
1/31/22,WeatherBug,,,,86920320.00,3246782.00,83673538.00,4%,4646.03,371.68
1/31/22,Droplist,,,,233996.00,113302.00,120694.00,48%,61.86,7.03
1/31/22,Growlr,,,,4607866.00,2103157.00,2504709.00,46%,637.03,62.13
1/31/22,The Times of India,,,,7692473.00,114312.00,7578161.00,1%,127.37,61.96
1/31/22,LiveMixTapes,,,,747534.00,418608.00,328926.00,56%,306.45,23.75
1/31/22,Instant News,,,,40012.00,31408.00,8604.00,79%,483.07,5.38
1/31/22,Dolphin,,,,4062.00,1902.00,2160.00,47%,2.73,0.33
1/31/22,MyDaily,,,,8549.00,6358.00,2191.00,74%,14.12,1.09
1/31/22,Everyday,,,,857.00,662.00,195.00,77%,5.52,0.11
1/31/22,First News,,,,173862.00,100940.00,72922.00,58%,569.54,17.52
1/31/22,The Feed,,,,329.00,81.00,248.00,25%,0.17,0.02
1/31/22,VladTV,,,,170032.00,70666.00,99366.00,42%,59.09,4.83
1/31/22,Crocodile,,,,18028.00,4086.00,13942.00,23%,12.57,0.76
1/31/22,QuizJP,,,,722.00,2.00,720.00,0%,0.02,0.01
1/31/22,QuizUS,,,,560.00,19.00,541.00,3%,0.12,0.01
1/31/22,PalTalk,,,,1724112.00,1314911.00,409201.00,76%,274.64,22.09
1/31/22,Impala - Headlines,,,,1659751.00,43134.00,1616617.00,3%,354.24,15.42
1/31/22,Steps,,,,323187.00,112379.00,210808.00,35%,79.51,7.04
1/31/22,MyFitnessPal,,,,76285153.00,31383842.00,44901311.00,41%,6919.03,660.26
1/31/22,ShopKick,,,,1478549.00,231487.00,1247062.00,16%,990.21,55.02
1/31/22,Audiomack,,,,2962942.00,844402.00,2118540.00,29%,2649.83,147.32
1/31/22,Encyclopedia Britannica,,,,8590423.00,226317.00,8364106.00,3%,254.29,17.80
1/31/22,Scrabble Go,,,,10341751.00,1388461.00,8953290.00,13%,1730.93,95.20
1/31/22,Camfrog,,,,1561141.00,1245841.00,315300.00,80%,97.82,9.05
1/31/22,Flickr,,,,20488526.00,66542.00,20421984.00,0%,33.12,145.27
1/31/22,MeetMe,,,,1974557.00,610303.00,1364254.00,31%,1246.83,130.81
1/31/22,StockTwits,,,,10088869.00,1011135.00,9077734.00,10%,629.24,50.34
1/31/22,MyMixTapez,,,,5455424.00,1876.00,5453548.00,0%,8.59,38.60
1/31/22,Ultimate Classic Rock,,,,17184.00,732.00,16452.00,4%,0.92,0.18
1/31/22,Barstool Sports,,,,4911389.00,34450.00,4876939.00,1%,11.66,0.93
1/31/22,SwingU,,,,18194.00,3202.00,14992.00,18%,6.88,0.55
1/31/22,Reuters,,,,1425627.00,67459.00,1358168.00,5%,60.41,4.83
1/31/22,Funny Weather,,,,13074.00,1573.00,11501.00,12%,4.54,0.40
1/31/22,VPN - Super Unlimited Proxy,,,,5687881.00,7636.00,5680245.00,0%,13.80,40.73
1/31/22,NJ 101.5,,,,771822.00,22176.00,749646.00,3%,37.08,7.84
1/31/22,WGRD,,,,245149.00,8121.00,237028.00,3%,12.33,2.52
1/31/22,NewsTalk,,,,446270.00,9916.00,436354.00,2%,9.64,3.73
1/31/22,WBLM,,,,61089.00,1572.00,59517.00,3%,1.59,0.53
1/31/22,WJON,,,,47957.00,2397.00,45560.00,5%,3.04,0.53
1/31/22,Tide,,,,85700.00,7562.00,78138.00,9%,5.41,0.93
1/31/22,KFR,,,,6740.00,478.00,6262.00,7%,0.61,0.09
1/31/22,WBCK,,,,38185.00,3776.00,34409.00,10%,3.15,0.46
1/31/22,Cat Country,,,,51431.00,919.00,50512.00,2%,0.85,0.41
1/31/22,Mix 95.7FM,,,,36437.00,3243.00,33194.00,9%,2.99,0.44
1/31/22,Memedroid,,,,198687.00,8409.00,190278.00,4%,1.53,0.12
1/31/22,Loudwire,,,,23083.00,2567.00,20516.00,11%,2.84,0.34
1/31/22,XXL Mag,,,,14767.00,1469.00,13298.00,10%,1.53,0.20
1/31/22,ScoreStream,,,,832.00,26.00,806.00,3%,0.04,0.00
1/31/22,FreeUnblock VPN,,,,1285.00,59.00,1226.00,5%,0.00,0.00
1/31/22,HAR Texas,,,,691102.00,128564.00,562538.00,19%,104.44,8.36
1/31/22,Psiphon Pro,,,,12088972.00,1024417.00,11064555.00,8%,159.99,12.80
1/31/22,Bracelet Book,,,,46035.00,1623.00,44412.00,4%,0.61,0.05
1/31/22,Tumblr,,,,87328577.00,13877034.00,73451543.00,16%,8289.80,497.39
1/31/22,Wordfinder by WordTips,,,,518283.00,121950.00,396333.00,24%,190.00,15.20
1/31/22,PricePulse,,,,30244.00,2385.00,27859.00,8%,2.87,0.23
1/31/22,Untappd,,,,297166.00,51815.00,245351.00,17%,46.79,3.74
1/31/22,Dice with Buddies,,,,401187.00,28760.00,372427.00,7%,82.80,4.55
1/31/22,Yahtzee with Buddies,,,,2541516.00,109560.00,2431956.00,4%,387.99,21.34
1/31/22,Astrology Daily,,,,749.00,102.00,647.00,14%,0.26,0.02
1/31/22,Meetup,,,,384975.00,19513.00,365462.00,5%,29.58,2.37
1/31/22,BisManOnline,,,,138.00,8.00,130.00,6%,0.01,0.00
1/31/22,Tokybook ,,,,16961.00,5797.00,11164.00,34%,3.64,0.29
1/31/22,1point3acres,,,,369.00,50.00,319.00,14%,0.04,0.00
1/31/22,Radio Texas Live,,,,34529.00,1749.00,32780.00,5%,0.90,0.29
1/31/22,KLAQ,,,,158615.00,20599.00,138016.00,13%,11.13,1.75
1/31/22,KICKS 105,,,,18259.00,1093.00,17166.00,6%,0.76,0.17
1/31/22,106.5 WYRK,,,,99902.00,6285.00,93617.00,6%,6.72,1.13
1/31/22,Buffalos 937 WBLK -The Peoples Station,,,,118538.00,8684.00,109854.00,7%,8.76,1.38
1/31/22,K2,,,,18699.00,714.00,17985.00,4%,0.69,0.17
1/31/22,101.5 WPDH,,,,39415.00,5557.00,33858.00,14%,4.14,0.53
1/31/22,97.3 KKRC,,,,18510.00,1052.00,17458.00,6%,0.84,0.18
1/31/22,The Dawg 973,,,,47905.00,3609.00,44296.00,8%,2.81,0.51
1/31/22,KNUE 1015 East Texas Country Station,,,,12236.00,1027.00,11209.00,8%,0.71,0.13
1/31/22,MyLaps,,,,13043.00,1944.00,11099.00,15%,0.38,0.03
1/30/22,Imgur,,,,10718069.00,553261.00,10164808.00,5%,2034.67,124.20
1/30/22,Wattpad,,,,3544387.00,1079740.00,2464647.00,30%,1812.36,233.20
1/30/22,MixerBox,,,,56422.00,18458.00,37964.00,33%,98.04,3.96
1/30/22,Lucktastic,,,,243573.00,55736.00,187837.00,23%,378.57,7.26
1/30/22,MixerBoxLite,,,,1205851.00,106776.00,1099075.00,9%,121.42,29.05
1/30/22,Kidoodle,,,,202431394.00,808365.00,201623029.00,0%,6143.41,1718.53
1/30/22,MocoSpace,,,,508138.00,380402.00,127736.00,75%,503.17,36.12
1/30/22,Online Plus,,,,1811436.00,400955.00,1410481.00,22%,1501.94,75.21
1/30/22,Qlixar,,,,1091821.00,220002.00,871819.00,20%,865.09,41.76
1/30/22,WeatherBug,,,,68450677.00,2115480.00,66335197.00,3%,3129.94,250.40
1/30/22,Droplist,,,,362801.00,169763.00,193038.00,47%,95.08,10.86
1/30/22,Growlr,,,,4742652.00,2136323.00,2606329.00,45%,620.72,61.69
1/30/22,The Times of India,,,,8171791.00,145767.00,8026024.00,2%,180.14,68.79
1/30/22,LiveMixTapes,,,,763412.00,428318.00,335094.00,56%,308.03,23.91
1/30/22,Instant News,,,,36379.00,29294.00,7085.00,81%,453.13,5.02
1/30/22,Dolphin,,,,3426.00,1575.00,1851.00,46%,3.06,0.28
1/30/22,MyDaily,,,,8583.00,6059.00,2524.00,71%,13.51,1.04
1/30/22,Everyday,,,,1253.00,813.00,440.00,65%,5.26,0.14
1/30/22,First News,,,,142418.00,89637.00,52781.00,63%,506.35,15.50
1/30/22,The Feed,,,,178.00,69.00,109.00,39%,0.15,0.01
1/30/22,VladTV,,,,135710.00,56447.00,79263.00,42%,50.42,4.08
1/30/22,Crocodile,,,,20324.00,3781.00,16543.00,19%,11.22,0.73
1/30/22,QuizJP,,,,441.00,1.00,440.00,0%,0.00,0.00
1/30/22,QuizUS,,,,539.00,14.00,525.00,3%,0.12,0.01
1/30/22,PalTalk,,,,1685690.00,1257671.00,428019.00,75%,294.71,23.63
1/30/22,Impala - Headlines,,,,1544831.00,46761.00,1498070.00,3%,448.42,15.44
1/30/22,Steps,,,,307127.00,97951.00,209176.00,32%,69.64,6.34
1/30/22,MyFitnessPal,,,,57931222.00,23173710.00,34757512.00,40%,5124.51,499.53
1/30/22,ShopKick,,,,1592743.00,250981.00,1341762.00,16%,1082.81,59.58
1/30/22,Audiomack,,,,2733198.00,831236.00,1901962.00,30%,2549.61,140.79
1/30/22,Encyclopedia Britannica,,,,7872014.00,178413.00,7693601.00,2%,213.43,14.94
1/30/22,Scrabble Go,,,,10863175.00,1776744.00,9086431.00,16%,1925.08,105.88
1/30/22,Camfrog,,,,1530826.00,1239953.00,290873.00,81%,100.14,9.05
1/30/22,Flickr,,,,22720488.00,65050.00,22655438.00,0%,31.70,160.81
1/30/22,MeetMe,,,,1897207.00,590299.00,1306908.00,31%,1333.33,126.44
1/30/22,StockTwits,,,,3494106.00,324105.00,3170001.00,9%,216.86,17.35
1/30/22,MyMixTapez,,,,5526573.00,2348.00,5524225.00,0%,10.42,39.19
1/30/22,Ultimate Classic Rock,,,,14318.00,670.00,13648.00,5%,0.84,0.15
1/30/22,Barstool Sports,,,,4807070.00,17796.00,4789274.00,0%,6.19,0.50
1/30/22,SwingU,,,,31603.00,5303.00,26300.00,17%,10.42,0.83
1/30/22,Reuters,,,,1279489.00,66572.00,1212917.00,5%,61.10,4.89
1/30/22,Funny Weather,,,,12495.00,1743.00,10752.00,14%,4.51,0.39
1/30/22,VPN - Super Unlimited Proxy,,,,5419596.00,10163.00,5409433.00,0%,17.38,39.08
1/30/22,NJ 101.5,,,,237100.00,8118.00,228982.00,3%,15.49,2.69
1/30/22,WGRD,,,,9563.00,521.00,9042.00,5%,0.70,0.11
1/30/22,NewsTalk,,,,81132.00,928.00,80204.00,1%,0.94,0.63
1/30/22,WBLM,,,,31204.00,837.00,30367.00,3%,0.73,0.26
1/30/22,WJON,,,,18817.00,644.00,18173.00,3%,0.97,0.20
1/30/22,Tide,,,,15626.00,1492.00,14134.00,10%,1.12,0.18
1/30/22,KFR,,,,3368.00,542.00,2826.00,16%,0.59,0.06
1/30/22,WBCK,,,,7747.00,531.00,7216.00,7%,0.52,0.09
1/30/22,Cat Country,,,,7655.00,109.00,7546.00,1%,0.08,0.06
1/30/22,Mix 95.7FM,,,,10681.00,678.00,10003.00,6%,0.58,0.11
1/30/22,Memedroid,,,,193484.00,8908.00,184576.00,5%,1.81,0.14
1/30/22,Loudwire,,,,17724.00,1971.00,15753.00,11%,2.20,0.26
1/30/22,XXL Mag,,,,11027.00,894.00,10133.00,8%,0.82,0.13
1/30/22,ScoreStream,,,,2420.00,100.00,2320.00,4%,0.13,0.01
1/30/22,FreeUnblock VPN,,,,1129.00,60.00,1069.00,5%,0.01,0.00
1/30/22,HAR Texas,,,,773460.00,142871.00,630589.00,18%,110.16,8.81
1/30/22,Psiphon Pro,,,,11453493.00,1176507.00,10276986.00,10%,176.10,14.09
1/30/22,Bracelet Book,,,,56810.00,1922.00,54888.00,3%,0.73,0.06
1/30/22,Tumblr,,,,87550628.00,13187597.00,74363031.00,15%,8318.67,499.12
1/30/22,Wordfinder by WordTips,,,,556271.00,132253.00,424018.00,24%,188.74,15.10
1/30/22,PricePulse,,,,27002.00,1733.00,25269.00,6%,2.16,0.17
1/30/22,Untappd,,,,552606.00,107833.00,444773.00,20%,96.02,7.68
1/30/22,Dice with Buddies,,,,402656.00,33138.00,369518.00,8%,102.50,5.64
1/30/22,Yahtzee with Buddies,,,,2457337.00,115457.00,2341880.00,5%,440.99,24.25
1/30/22,Astrology Daily,,,,639.00,57.00,582.00,9%,0.08,0.01
1/30/22,Meetup,,,,423337.00,19896.00,403441.00,5%,32.39,2.59
1/30/22,BisManOnline,,,,88.00,5.00,83.00,6%,0.00,0.00
1/30/22,Tokybook ,,,,13257.00,4236.00,9021.00,32%,2.66,0.21
1/30/22,1point3acres,,,,497.00,106.00,391.00,21%,0.13,0.01
1/30/22,Radio Texas Live,,,,41237.00,2201.00,39036.00,5%,1.20,0.36
1/30/22,KLAQ,,,,13240.00,1402.00,11838.00,11%,0.65,0.13
1/30/22,KICKS 105,,,,7744.00,4.00,7740.00,0%,0.00,0.05
1/30/22,106.5 WYRK,,,,34911.00,1642.00,33269.00,5%,1.62,0.35
1/30/22,Buffalos 937 WBLK -The Peoples Station,,,,35430.00,2438.00,32992.00,7%,2.15,0.38
1/30/22,K2,,,,10420.00,205.00,10215.00,2%,0.17,0.08
1/30/22,101.5 WPDH,,,,30471.00,3756.00,26715.00,12%,2.82,0.38
1/30/22,97.3 KKRC,,,,5071.00,222.00,4849.00,4%,0.23,0.05
1/30/22,The Dawg 973,,,,197067.00,11701.00,185366.00,6%,7.75,1.84
1/30/22,KNUE 1015 East Texas Country Station,,,,9410.00,502.00,8908.00,5%,0.19,0.08
1/30/22,MyLaps,,,,89598.00,9530.00,80068.00,11%,2.26,0.18
1/29/22,Imgur,,,,8295244.00,465165.00,7830079.00,6%,1442.54,99.61
1/29/22,Wattpad,,,,3076212.00,1013127.00,2063085.00,33%,1774.79,217.07
1/29/22,MixerBox,,,,58534.00,19477.00,39057.00,33%,108.16,4.17
1/29/22,Lucktastic,,,,239777.00,56599.00,183178.00,24%,381.39,7.31
1/29/22,MixerBoxLite,,,,1245641.00,118590.00,1127051.00,10%,134.93,31.61
1/29/22,Kidoodle,,,,222266285.00,955852.00,221310433.00,0%,7244.97,1911.42
1/29/22,MocoSpace,,,,497905.00,379674.00,118231.00,76%,491.88,35.26
1/29/22,Online Plus,,,,1891635.00,489820.00,1401815.00,26%,1767.65,90.28
1/29/22,Qlixar,,,,1076815.00,299714.00,777101.00,28%,1209.80,54.84
1/29/22,WeatherBug,,,,94739642.00,3618078.00,91121564.00,4%,5278.78,422.30
1/29/22,Droplist,,,,202455.00,104232.00,98223.00,51%,54.72,6.16
1/29/22,Growlr,,,,4581247.00,2097542.00,2483705.00,46%,617.97,60.64
1/29/22,The Times of India,,,,10057370.00,177381.00,9879989.00,2%,206.70,83.63
1/29/22,LiveMixTapes,,,,831250.00,437864.00,393386.00,53%,316.54,24.91
1/29/22,Instant News,,,,34024.00,30304.00,3720.00,89%,470.47,5.17
1/29/22,Dolphin,,,,4392.00,2359.00,2033.00,54%,4.02,0.41
1/29/22,MyDaily,,,,8363.00,6145.00,2218.00,73%,14.45,1.06
1/29/22,Everyday,,,,780.00,584.00,196.00,75%,4.59,0.10
1/29/22,First News,,,,140761.00,90102.00,50659.00,64%,541.46,15.57
1/29/22,The Feed,,,,180.00,96.00,84.00,53%,0.25,0.02
1/29/22,ShopSavvy,,,,3.00,1.00,2.00,33%,0.00,0.00
1/29/22,VladTV,,,,166913.00,69976.00,96937.00,42%,62.37,5.04
1/29/22,Crocodile,,,,19668.00,4070.00,15598.00,21%,12.16,0.77
1/29/22,QuizJP,,,,389.00,2.00,387.00,1%,0.02,0.00
1/29/22,QuizUS,,,,542.00,33.00,509.00,6%,1.27,0.01
1/29/22,PalTalk,,,,1855054.00,1419161.00,435893.00,77%,319.12,25.39
1/29/22,Impala - Headlines,,,,1625325.00,55607.00,1569718.00,3%,480.15,17.30
1/29/22,Steps,,,,307647.00,97541.00,210106.00,32%,69.99,6.37
1/29/22,MyFitnessPal,,,,56331002.00,21491501.00,34839501.00,38%,5267.49,507.25
1/29/22,ShopKick,,,,1636416.00,330958.00,1305458.00,20%,1527.37,75.33
1/29/22,Audiomack,,,,2869724.00,895146.00,1974578.00,31%,2746.55,151.15
1/29/22,Encyclopedia Britannica,,,,7782819.00,144393.00,7638426.00,2%,175.47,12.28
1/29/22,Scrabble Go,,,,10168499.00,1290364.00,8878135.00,13%,1694.57,93.20
1/29/22,Camfrog,,,,1593680.00,1288723.00,304957.00,81%,108.33,9.72
1/29/22,Flickr,,,,20759684.00,62093.00,20697591.00,0%,31.61,147.10
1/29/22,MeetMe,,,,1833436.00,565371.00,1268065.00,31%,897.12,121.19
1/29/22,StockTwits,,,,4225339.00,429080.00,3796259.00,10%,275.27,22.02
1/29/22,MyMixTapez,,,,6562184.00,2381.00,6559803.00,0%,9.51,46.39
1/29/22,Ultimate Classic Rock,,,,16921.00,659.00,16262.00,4%,0.94,0.18
1/29/22,Barstool Sports,,,,4487488.00,19892.00,4467596.00,0%,7.58,0.61
1/29/22,SwingU,,,,30871.00,5124.00,25747.00,17%,10.91,0.87
1/29/22,Reuters,,,,1302763.00,67400.00,1235363.00,5%,61.45,4.92
1/29/22,Funny Weather,,,,13441.00,2042.00,11399.00,15%,5.71,0.48
1/29/22,VPN - Super Unlimited Proxy,,,,5120463.00,15512.00,5104951.00,0%,27.18,37.64
1/29/22,NJ 101.5,,,,393080.00,17742.00,375338.00,5%,26.87,4.51
1/29/22,WGRD,,,,34289.00,1754.00,32535.00,5%,2.71,0.42
1/29/22,NewsTalk,,,,105102.00,1457.00,103645.00,1%,1.52,0.83
1/29/22,WBLM,,,,43991.00,1115.00,42876.00,3%,1.02,0.37
1/29/22,WJON,,,,23913.00,1275.00,22638.00,5%,1.86,0.29
1/29/22,Tide,,,,41318.00,3259.00,38059.00,8%,2.62,0.45
1/29/22,KFR,,,,3468.00,298.00,3170.00,9%,0.41,0.05
1/29/22,WBCK,,,,16531.00,1097.00,15434.00,7%,0.98,0.18
1/29/22,Cat Country,,,,12793.00,127.00,12666.00,1%,0.13,0.10
1/29/22,Mix 95.7FM,,,,11053.00,639.00,10414.00,6%,0.61,0.12
1/29/22,Memedroid,,,,173602.00,8725.00,164877.00,5%,1.90,0.15
1/29/22,Loudwire,,,,20592.00,2368.00,18224.00,12%,2.64,0.31
1/29/22,XXL Mag,,,,12791.00,1216.00,11575.00,10%,1.23,0.17
1/29/22,ScoreStream,,,,3678.00,153.00,3525.00,4%,0.20,0.02
1/29/22,FreeUnblock VPN,,,,1016.00,40.00,976.00,4%,0.00,0.00
1/29/22,HAR Texas,,,,779608.00,135752.00,643856.00,17%,108.17,8.65
1/29/22,Psiphon Pro,,,,11281412.00,1073594.00,10207818.00,10%,161.47,12.92
1/29/22,Bracelet Book,,,,57636.00,2065.00,55571.00,4%,0.84,0.07
1/29/22,Tumblr,,,,85349834.00,13085283.00,72264551.00,15%,8162.57,489.75
1/29/22,Wordfinder by WordTips,,,,527061.00,131260.00,395801.00,25%,219.85,17.59
1/29/22,PricePulse,,,,29107.00,2017.00,27090.00,7%,2.56,0.20
1/29/22,Untappd,,,,682019.00,128625.00,553394.00,19%,132.00,10.56
1/29/22,Dice with Buddies,,,,398395.00,26086.00,372309.00,7%,64.59,3.55
1/29/22,Yahtzee with Buddies,,,,2369198.00,84549.00,2284649.00,4%,319.74,17.59
1/29/22,Astrology Daily,,,,635.00,59.00,576.00,9%,0.13,0.01
1/29/22,Meetup,,,,426030.00,24470.00,401560.00,6%,40.70,3.26
1/29/22,BisManOnline,,,,125.00,23.00,102.00,18%,0.01,0.00
1/29/22,Tokybook ,,,,13570.00,4654.00,8916.00,34%,4.03,0.32
1/29/22,1point3acres,,,,467.00,91.00,376.00,19%,0.06,0.00
1/29/22,Radio Texas Live,,,,40807.00,1640.00,39167.00,4%,0.85,0.33
1/29/22,KLAQ,,,,26374.00,2313.00,24061.00,9%,1.80,0.29
1/29/22,KICKS 105,,,,9949.00,287.00,9662.00,3%,0.23,0.08
1/29/22,106.5 WYRK,,,,48273.00,2121.00,46152.00,4%,2.21,0.48
1/29/22,Buffalos 937 WBLK -The Peoples Station,,,,58005.00,4293.00,53712.00,7%,3.60,0.63
1/29/22,K2,,,,19296.00,296.00,19000.00,2%,0.33,0.16
1/29/22,101.5 WPDH,,,,30166.00,3017.00,27149.00,10%,2.61,0.37
1/29/22,97.3 KKRC,,,,10226.00,692.00,9534.00,7%,0.59,0.11
1/29/22,The Dawg 973,,,,34966.00,2439.00,32527.00,7%,1.59,0.34
1/29/22,KNUE 1015 East Texas Country Station,,,,11122.00,937.00,10185.00,8%,0.57,0.11
1/29/22,MyLaps,,,,119567.00,12871.00,106696.00,11%,3.67,0.29
1/28/22,Imgur,,,,4826509.00,127041.00,4699468.00,3%,397.62,44.27
1/28/22,Wattpad,,,,2835356.00,1065478.00,1769878.00,38%,1910.02,225.48
1/28/22,MixerBox,,,,60796.00,21109.00,39687.00,35%,121.83,4.50
1/28/22,Lucktastic,,,,242576.00,58647.00,183929.00,24%,391.48,7.52
1/28/22,MixerBoxLite,,,,1300873.00,109804.00,1191069.00,8%,147.24,30.30
1/28/22,Kidoodle,,,,194259320.00,876636.00,193382684.00,0%,6475.29,1677.44
1/28/22,MocoSpace,,,,481156.00,373122.00,108034.00,78%,488.45,34.95
1/28/22,Online Plus,,,,1938815.00,411657.00,1527158.00,21%,1451.85,77.62
1/28/22,Qlixar,,,,1100144.00,366779.00,733365.00,33%,1444.29,66.02
1/28/22,WeatherBug,,,,102954622.00,4653633.00,98300989.00,5%,6729.61,538.37
1/28/22,Droplist,,,,216371.00,112905.00,103466.00,52%,61.93,6.92
1/28/22,Growlr,,,,4344266.00,2050986.00,2293280.00,47%,595.22,57.72
1/28/22,The Times of India,,,,10241578.00,207879.00,10033699.00,2%,225.51,86.02
1/28/22,LiveMixTapes,,,,861161.00,490045.00,371116.00,57%,350.50,27.13
1/28/22,Instant News,,,,35379.00,31738.00,3641.00,90%,503.65,5.41
1/28/22,Dolphin,,,,4080.00,1984.00,2096.00,49%,3.25,0.35
1/28/22,MyDaily,,,,7970.00,6273.00,1697.00,79%,14.90,1.07
1/28/22,Everyday,,,,863.00,604.00,259.00,70%,4.54,0.10
1/28/22,First News,,,,135135.00,85035.00,50100.00,63%,490.69,14.71
1/28/22,The Feed,,,,152.00,62.00,90.00,41%,0.21,0.01
1/28/22,VladTV,,,,180337.00,78719.00,101618.00,44%,64.73,5.24
1/28/22,Crocodile,,,,14887.00,4504.00,10383.00,30%,13.41,0.82
1/28/22,QuizJP,,,,552.00,3.00,549.00,1%,0.02,0.00
1/28/22,QuizUS,,,,475.00,23.00,452.00,5%,0.45,0.01
1/28/22,PalTalk,,,,1812782.00,1401597.00,411185.00,77%,318.67,25.19
1/28/22,Impala - Headlines,,,,1698815.00,61075.00,1637740.00,4%,503.84,18.57
1/28/22,Steps,,,,319657.00,100388.00,219269.00,31%,75.97,6.85
1/28/22,MyFitnessPal,,,,65963727.00,29850755.00,36112972.00,45%,6656.18,585.60
1/28/22,ShopKick,,,,1629517.00,406978.00,1222539.00,25%,1828.29,89.95
1/28/22,Audiomack,,,,3107321.00,953199.00,2154122.00,31%,3103.97,170.28
1/28/22,Encyclopedia Britannica,,,,8423039.00,177077.00,8245962.00,2%,206.02,14.42
1/28/22,Scrabble Go,,,,9986281.00,1105508.00,8880773.00,11%,1522.63,83.74
1/28/22,Camfrog,,,,1597367.00,1306729.00,290638.00,82%,107.24,9.54
1/28/22,Flickr,,,,17669231.00,63071.00,17606160.00,0%,31.99,125.48
1/28/22,MeetMe,,,,1760229.00,625441.00,1134788.00,36%,1024.90,132.26
1/28/22,StockTwits,,,,10802837.00,1361471.00,9441366.00,13%,739.36,59.15
1/28/22,MyMixTapez,,,,7154298.00,2489.00,7151809.00,0%,10.57,50.59
1/28/22,Ultimate Classic Rock,,,,16589.00,648.00,15941.00,4%,0.78,0.17
1/28/22,Barstool Sports,,,,5313844.00,25106.00,5288738.00,0%,9.06,0.72
1/28/22,SwingU,,,,24863.00,4420.00,20443.00,18%,8.28,0.66
1/28/22,Reuters,,,,1349813.00,63364.00,1286449.00,5%,58.71,4.70
1/28/22,Funny Weather,,,,11835.00,1774.00,10061.00,15%,5.32,0.44
1/28/22,VPN - Super Unlimited Proxy,,,,5289861.00,17326.00,5272535.00,0%,32.05,39.15
1/28/22,NJ 101.5,,,,921210.00,28551.00,892659.00,3%,44.99,9.40
1/28/22,WGRD,,,,227841.00,7511.00,220330.00,3%,11.45,2.34
1/28/22,NewsTalk,,,,421484.00,7789.00,413695.00,2%,8.60,3.50
1/28/22,WBLM,,,,69776.00,2287.00,67489.00,3%,2.33,0.64
1/28/22,WJON,,,,41759.00,1677.00,40082.00,4%,2.21,0.44
1/28/22,Tide,,,,53106.00,5051.00,48055.00,10%,4.15,0.63
1/28/22,KFR,,,,5970.00,492.00,5478.00,8%,0.57,0.08
1/28/22,WBCK,,,,36268.00,3615.00,32653.00,10%,3.07,0.44
1/28/22,Cat Country,,,,42195.00,456.00,41739.00,1%,0.49,0.33
1/28/22,Mix 95.7FM,,,,29489.00,2719.00,26770.00,9%,2.46,0.36
1/28/22,Memedroid,,,,193994.00,8728.00,185266.00,5%,1.84,0.15
1/28/22,Loudwire,,,,28368.00,3302.00,25066.00,12%,3.83,0.44
1/28/22,XXL Mag,,,,14373.00,1444.00,12929.00,10%,1.46,0.19
1/28/22,ScoreStream,,,,1771.00,72.00,1699.00,4%,0.10,0.01
1/28/22,FreeUnblock VPN,,,,1087.00,52.00,1035.00,5%,0.00,0.00
1/28/22,HAR Texas,,,,695530.00,111086.00,584444.00,16%,89.25,7.14
1/28/22,Psiphon Pro,,,,11607929.00,1344274.00,10263655.00,12%,185.21,14.82
1/28/22,Bracelet Book,,,,46921.00,1897.00,45024.00,4%,0.69,0.06
1/28/22,Tumblr,,,,87759270.00,13795134.00,73964136.00,16%,8380.96,502.86
1/28/22,Wordfinder by WordTips,,,,461262.00,116058.00,345204.00,25%,175.51,14.04
1/28/22,PricePulse,,,,24803.00,1042.00,23761.00,4%,1.09,0.09
1/28/22,Untappd,,,,482728.00,74610.00,408118.00,15%,75.40,6.03
1/28/22,Dice with Buddies,,,,379988.00,24125.00,355863.00,6%,50.18,2.76
1/28/22,Yahtzee with Buddies,,,,2351912.00,75250.00,2276662.00,3%,279.94,15.40
1/28/22,Astrology Daily,,,,649.00,60.00,589.00,9%,0.09,0.01
1/28/22,Meetup,,,,382995.00,22191.00,360804.00,6%,39.71,3.18
1/28/22,BisManOnline,,,,156.00,36.00,120.00,23%,0.05,0.00
1/28/22,Tokybook ,,,,20557.00,6141.00,14416.00,30%,4.83,0.39
1/28/22,1point3acres,,,,470.00,116.00,354.00,25%,0.13,0.01
1/28/22,Radio Texas Live,,,,40251.00,2251.00,38000.00,6%,1.46,0.37
1/28/22,KLAQ,,,,143825.00,19374.00,124451.00,13%,11.06,1.65
1/28/22,KICKS 105,,,,11941.00,413.00,11528.00,3%,0.33,0.10
1/28/22,106.5 WYRK,,,,97114.00,4431.00,92683.00,5%,4.25,0.95
1/28/22,Buffalos 937 WBLK -The Peoples Station,,,,121564.00,9208.00,112356.00,8%,8.90,1.41
1/28/22,K2,,,,24155.00,633.00,23522.00,3%,0.66,0.21
1/28/22,101.5 WPDH,,,,52714.00,6836.00,45878.00,13%,5.50,0.71
1/28/22,97.3 KKRC,,,,20747.00,1351.00,19396.00,7%,0.96,0.20
1/28/22,The Dawg 973,,,,40023.00,2693.00,37330.00,7%,2.07,0.41
1/28/22,KNUE 1015 East Texas Country Station,,,,10380.00,821.00,9559.00,8%,0.53,0.10
1/28/22,MyLaps,,,,29083.00,4013.00,25070.00,14%,1.33,0.11
1/27/22,Imgur,,,,2977613.00,176820.00,2800793.00,6%,543.78,35.72
1/27/22,Wattpad,,,,2808932.00,1007127.00,1801805.00,36%,1805.25,214.04
1/27/22,MixerBox,,,,60383.00,21407.00,38976.00,35%,113.43,4.55
1/27/22,Lucktastic,,,,240110.00,57351.00,182759.00,24%,400.47,7.38
1/27/22,MixerBoxLite,,,,1363761.00,102877.00,1260884.00,8%,133.67,29.40
1/27/22,Kidoodle,,,,142581933.00,764451.00,141817482.00,1%,5800.35,1282.74
1/27/22,MocoSpace,,,,494652.00,386189.00,108463.00,78%,530.29,37.88
1/27/22,Online Plus,,,,1934292.00,424425.00,1509867.00,22%,1384.02,79.70
1/27/22,Qlixar,,,,1078703.00,338937.00,739766.00,31%,1293.81,61.32
1/27/22,WeatherBug,,,,82412959.00,3781572.00,78631387.00,5%,4973.78,397.90
1/27/22,Droplist,,,,307186.00,155029.00,152157.00,50%,92.98,10.36
1/27/22,Growlr,,,,4146805.00,1917347.00,2229458.00,46%,553.43,54.35
1/27/22,The Times of India,,,,7665395.00,172586.00,7492809.00,2%,197.44,66.27
1/27/22,LiveMixTapes,,,,843014.00,476497.00,366517.00,57%,342.94,26.57
1/27/22,Instant News,,,,31209.00,27688.00,3521.00,89%,404.87,4.72
1/27/22,Dolphin,,,,3754.00,2037.00,1717.00,54%,2.98,0.35
1/27/22,MyDaily,,,,7684.00,5725.00,1959.00,75%,13.94,0.98
1/27/22,Everyday,,,,625.00,474.00,151.00,76%,4.21,0.08
1/27/22,First News,,,,132825.00,83503.00,49322.00,63%,469.31,14.44
1/27/22,The Feed,,,,169.00,73.00,96.00,43%,0.16,0.01
1/27/22,VladTV,,,,195229.00,82500.00,112729.00,42%,64.05,5.27
1/27/22,Crocodile,,,,14413.00,3021.00,11392.00,21%,9.11,0.57
1/27/22,QuizJP,,,,807.00,1.00,806.00,0%,0.01,0.01
1/27/22,QuizUS,,,,639.00,18.00,621.00,3%,0.33,0.01
1/27/22,PalTalk,,,,1674806.00,1242802.00,432004.00,74%,339.93,26.82
1/27/22,Impala - Headlines,,,,1644984.00,60357.00,1584627.00,4%,433.52,18.18
1/27/22,Steps,,,,326299.00,96031.00,230268.00,29%,73.94,6.79
1/27/22,Timer+,,,,1.00,1.00,0.00,100%,0.00,0.00
1/27/22,MyFitnessPal,,,,109658042.00,39615736.00,70042306.00,36%,8965.05,938.55
1/27/22,ShopKick,,,,1724016.00,454245.00,1269771.00,26%,1937.09,99.73
1/27/22,Audiomack,,,,2912658.00,972151.00,1940507.00,33%,3293.23,178.25
1/27/22,Encyclopedia Britannica,,,,8958211.00,265033.00,8693178.00,3%,293.07,20.51
1/27/22,Scrabble Go,,,,9985681.00,1221181.00,8764500.00,12%,1436.69,79.02
1/27/22,Camfrog,,,,1474754.00,1203522.00,271232.00,82%,100.55,8.94
1/27/22,Flickr,,,,16734780.00,66502.00,16668278.00,0%,32.70,118.97
1/27/22,MeetMe,,,,1748237.00,628074.00,1120163.00,36%,979.81,132.68
1/27/22,StockTwits,,,,12246179.00,1543197.00,10702982.00,13%,811.07,64.89
1/27/22,MyMixTapez,,,,6385523.00,3170.00,6382353.00,0%,15.92,45.47
1/27/22,Ultimate Classic Rock,,,,16149.00,923.00,15226.00,6%,1.17,0.19
1/27/22,Barstool Sports,,,,5557720.00,20602.00,5537118.00,0%,7.47,0.60
1/27/22,SwingU,,,,21099.00,4380.00,16719.00,21%,8.67,0.69
1/27/22,Reuters,,,,1406769.00,80797.00,1325972.00,6%,74.22,5.94
1/27/22,Funny Weather,,,,13110.00,2109.00,11001.00,16%,5.52,0.46
1/27/22,VPN - Super Unlimited Proxy,,,,5581106.00,11662.00,5569444.00,0%,21.08,40.46
1/27/22,NJ 101.5,,,,927459.00,26847.00,900612.00,3%,41.12,9.18
1/27/22,WGRD,,,,243324.00,9000.00,234324.00,4%,13.37,2.58
1/27/22,NewsTalk,,,,462873.00,9816.00,453057.00,2%,10.06,3.88
1/27/22,WBLM,,,,68387.00,2425.00,65962.00,4%,2.29,0.62
1/27/22,WJON,,,,47624.00,2316.00,45308.00,5%,2.75,0.51
1/27/22,Tide,,,,59295.00,4744.00,54551.00,8%,3.27,0.61
1/27/22,KFR,,,,4594.00,473.00,4121.00,10%,0.63,0.07
1/27/22,WBCK,,,,37166.00,3483.00,33683.00,9%,2.86,0.44
1/27/22,Cat Country,,,,44860.00,1282.00,43578.00,3%,1.50,0.41
1/27/22,Mix 95.7FM,,,,34167.00,3546.00,30621.00,10%,3.41,0.45
1/27/22,Memedroid,,,,187140.00,7868.00,179272.00,4%,1.94,0.16
1/27/22,Loudwire,,,,26413.00,3243.00,23170.00,12%,3.54,0.41
1/27/22,XXL Mag,,,,16893.00,2129.00,14764.00,13%,2.10,0.25
1/27/22,ScoreStream,,,,1278.00,52.00,1226.00,4%,0.07,0.01
1/27/22,FreeUnblock VPN,,,,1152.00,58.00,1094.00,5%,0.01,0.00
1/27/22,HAR Texas,,,,679860.00,103961.00,575899.00,15%,88.46,7.08
1/27/22,Psiphon Pro,,,,11666212.00,1273067.00,10393145.00,11%,182.76,14.62
1/27/22,Bracelet Book,,,,41029.00,1549.00,39480.00,4%,0.60,0.05
1/27/22,Tumblr,,,,87531565.00,13172862.00,74358703.00,15%,7912.35,474.74
1/27/22,Wordfinder by WordTips,,,,476376.00,129780.00,346596.00,27%,178.76,14.30
1/27/22,PricePulse,,,,25406.00,1015.00,24391.00,4%,1.36,0.11
1/27/22,Untappd,,,,333294.00,43773.00,289521.00,13%,49.26,3.94
1/27/22,Dice with Buddies,,,,362942.00,23644.00,339298.00,7%,60.79,3.34
1/27/22,Yahtzee with Buddies,,,,2213377.00,80930.00,2132447.00,4%,327.93,18.04
1/27/22,Astrology Daily,,,,607.00,70.00,537.00,12%,0.10,0.01
1/27/22,Meetup,,,,352917.00,51508.00,301409.00,15%,50.38,4.03
1/27/22,BisManOnline,,,,172.00,77.00,95.00,45%,0.08,0.01
1/27/22,Tokybook ,,,,22401.00,7359.00,15042.00,33%,5.80,0.46
1/27/22,1point3acres,,,,482.00,100.00,382.00,21%,0.11,0.01
1/27/22,Radio Texas Live,,,,35185.00,2143.00,33042.00,6%,1.42,0.33
1/27/22,KLAQ,,,,163064.00,25671.00,137393.00,16%,13.90,1.93
1/27/22,KICKS 105,,,,17075.00,1065.00,16010.00,6%,0.73,0.16
1/27/22,106.5 WYRK,,,,101059.00,4709.00,96350.00,5%,4.53,0.99
1/27/22,Buffalos 937 WBLK -The Peoples Station,,,,119236.00,10433.00,108803.00,9%,10.87,1.52
1/27/22,K2,,,,24927.00,1339.00,23588.00,5%,1.46,0.27
1/27/22,101.5 WPDH,,,,55385.00,6521.00,48864.00,12%,5.17,0.70
1/27/22,97.3 KKRC,,,,15828.00,1377.00,14451.00,9%,0.95,0.17
1/27/22,The Dawg 973,,,,43941.00,2319.00,41622.00,5%,1.87,0.42
1/27/22,KNUE 1015 East Texas Country Station,,,,10145.00,657.00,9488.00,6%,0.50,0.10
1/27/22,MyLaps,,,,7564.00,1111.00,6453.00,15%,0.32,0.03
1/26/22,Imgur,,,,10251699.00,564035.00,9687664.00,6%,1810.56,122.04
1/26/22,Wattpad,,,,2969268.00,1048819.00,1920449.00,35%,1885.71,223.21
1/26/22,MixerBox,,,,59250.00,21115.00,38135.00,36%,114.64,4.49
1/26/22,Lucktastic,,,,252714.00,62706.00,190008.00,25%,463.85,7.98
1/26/22,MixerBoxLite,,,,1265257.00,93971.00,1171286.00,7%,104.37,26.99
1/26/22,Kidoodle,,,,205107670.00,948110.00,204159560.00,0%,6931.27,1775.68
1/26/22,MocoSpace,,,,521974.00,393951.00,128023.00,75%,542.15,38.85
1/26/22,Online Plus,,,,1974976.00,480920.00,1494056.00,24%,1589.66,89.23
1/26/22,Qlixar,,,,1051135.00,314972.00,736163.00,30%,1228.88,57.23
1/26/22,WeatherBug,,,,79120662.00,3523492.00,75597170.00,4%,4572.15,365.77
1/26/22,Droplist,,,,559845.00,281042.00,278803.00,50%,185.26,20.48
1/26/22,Growlr,,,,4244972.00,1970454.00,2274518.00,46%,603.59,58.17
1/26/22,The Times of India,,,,9817997.00,207658.00,9610339.00,2%,220.10,82.68
1/26/22,LiveMixTapes,,,,880378.00,489609.00,390769.00,56%,361.17,28.02
1/26/22,Instant News,,,,31043.00,28091.00,2952.00,90%,454.88,4.79
1/26/22,Dolphin,,,,3893.00,1988.00,1905.00,51%,3.23,0.35
1/26/22,MyDaily,,,,7663.00,5655.00,2008.00,74%,12.75,0.97
1/26/22,Everyday,,,,697.00,517.00,180.00,74%,3.43,0.09
1/26/22,First News,,,,132586.00,82965.00,49621.00,63%,453.61,14.35
1/26/22,The Feed,,,,189.00,99.00,90.00,52%,0.30,0.02
1/26/22,ShopSavvy,,,,16.00,5.00,11.00,31%,0.01,0.00
1/26/22,VladTV,,,,202569.00,83133.00,119436.00,41%,63.85,5.31
1/26/22,Crocodile,,,,16913.00,3046.00,13867.00,18%,8.91,0.59
1/26/22,QuizJP,,,,732.00,1.00,731.00,0%,0.01,0.01
1/26/22,QuizUS,,,,761.00,11.00,750.00,1%,0.08,0.01
1/26/22,PalTalk,,,,1497791.00,1071825.00,425966.00,72%,309.32,24.63
1/26/22,Impala - Headlines,,,,1604340.00,49530.00,1554810.00,3%,347.75,16.19
1/26/22,Steps,,,,324951.00,90227.00,234724.00,28%,69.27,6.49
1/26/22,MyFitnessPal,,,,120650373.00,43415988.00,77234385.00,36%,9934.12,1037.35
1/26/22,ShopKick,,,,1715387.00,417659.00,1297728.00,24%,1810.41,92.61
1/26/22,Audiomack,,,,2784861.00,929643.00,1855218.00,33%,3727.97,199.39
1/26/22,Encyclopedia Britannica,,,,8994671.00,319278.00,8675393.00,4%,327.92,22.95
1/26/22,Scrabble Go,,,,10183361.00,1288043.00,8895318.00,13%,1949.34,107.21
1/26/22,Camfrog,,,,1504440.00,1207758.00,296682.00,80%,99.43,9.04
1/26/22,Flickr,,,,17232191.00,67952.00,17164239.00,0%,32.23,122.41
1/26/22,MeetMe,,,,1675798.00,646464.00,1029334.00,39%,1021.34,135.84
1/26/22,StockTwits,,,,12883962.00,1687060.00,11196902.00,13%,912.68,73.01
1/26/22,MyMixTapez,,,,6055826.00,3068.00,6052758.00,0%,16.49,43.19
1/26/22,Ultimate Classic Rock,,,,15780.00,907.00,14873.00,6%,1.26,0.19
1/26/22,Barstool Sports,,,,5408337.00,18936.00,5389401.00,0%,6.51,0.52
1/26/22,SwingU,,,,20360.00,3595.00,16765.00,18%,7.42,0.59
1/26/22,Reuters,,,,1454622.00,81826.00,1372796.00,6%,80.81,6.46
1/26/22,Funny Weather,,,,13209.00,1797.00,11412.00,14%,5.07,0.43
1/26/22,VPN - Super Unlimited Proxy,,,,5443195.00,10983.00,5432212.00,0%,18.01,39.29
1/26/22,NJ 101.5,,,,899275.00,23642.00,875633.00,3%,34.26,8.53
1/26/22,WGRD,,,,243884.00,8688.00,235196.00,4%,12.74,2.54
1/26/22,NewsTalk,,,,484190.00,10890.00,473300.00,2%,10.94,4.08
1/26/22,WBLM,,,,72285.00,2350.00,69935.00,3%,2.16,0.64
1/26/22,WJON,,,,58693.00,3831.00,54862.00,7%,4.80,0.72
1/26/22,Tide,,,,89108.00,7757.00,81351.00,9%,5.95,0.99
1/26/22,KFR,,,,5152.00,575.00,4577.00,11%,0.66,0.08
1/26/22,WBCK,,,,35881.00,4782.00,31099.00,13%,3.88,0.49
1/26/22,Cat Country,,,,41816.00,1123.00,40693.00,3%,1.43,0.38
1/26/22,Mix 95.7FM,,,,34068.00,3811.00,30257.00,11%,3.27,0.44
1/26/22,Memedroid,,,,181017.00,8493.00,172524.00,5%,1.71,0.14
1/26/22,Loudwire,,,,25344.00,3550.00,21794.00,14%,4.05,0.44
1/26/22,XXL Mag,,,,13758.00,1404.00,12354.00,10%,1.36,0.18
1/26/22,ScoreStream,,,,510.00,42.00,468.00,8%,0.08,0.01
1/26/22,FreeUnblock VPN,,,,1260.00,68.00,1192.00,5%,0.00,0.00
1/26/22,HAR Texas,,,,690001.00,117672.00,572329.00,17%,87.31,6.98
1/26/22,Psiphon Pro,,,,11901695.00,1021306.00,10880389.00,9%,173.72,13.90
1/26/22,Bracelet Book,,,,37655.00,1537.00,36118.00,4%,0.58,0.05
1/26/22,Tumblr,,,,87053711.00,13361327.00,73692384.00,15%,7734.71,464.08
1/26/22,Wordfinder by WordTips,,,,487931.00,128278.00,359653.00,26%,192.30,15.38
1/26/22,PricePulse,,,,26752.00,1220.00,25532.00,5%,1.30,0.10
1/26/22,Untappd,,,,253997.00,39556.00,214441.00,16%,44.86,3.59
1/26/22,Dice with Buddies,,,,396629.00,37655.00,358974.00,9%,135.61,7.46
1/26/22,Yahtzee with Buddies,,,,2492301.00,155094.00,2337207.00,6%,752.06,41.36
1/26/22,Astrology Daily,,,,501.00,70.00,431.00,14%,0.14,0.01
1/26/22,Meetup,,,,338567.00,60895.00,277672.00,18%,57.26,4.58
1/26/22,BisManOnline,,,,197.00,81.00,116.00,41%,0.13,0.01
1/26/22,Tokybook ,,,,18873.00,6381.00,12492.00,34%,5.93,0.47
1/26/22,1point3acres,,,,432.00,131.00,301.00,30%,0.24,0.02
1/26/22,Radio Texas Live,,,,32965.00,2384.00,30581.00,7%,1.36,0.31
1/26/22,KLAQ,,,,163663.00,28745.00,134918.00,18%,15.96,2.06
1/26/22,KICKS 105,,,,15299.00,1320.00,13979.00,9%,0.75,0.15
1/26/22,106.5 WYRK,,,,97233.00,5659.00,91574.00,6%,5.25,1.01
1/26/22,Buffalos 937 WBLK -The Peoples Station,,,,128241.00,8838.00,119403.00,7%,8.55,1.43
1/26/22,K2,,,,25907.00,1558.00,24349.00,6%,1.82,0.30
1/26/22,101.5 WPDH,,,,48483.00,7405.00,41078.00,15%,6.07,0.71
1/26/22,97.3 KKRC,,,,17944.00,1704.00,16240.00,10%,1.16,0.19
1/26/22,The Dawg 973,,,,45346.00,3136.00,42210.00,7%,2.79,0.49
1/26/22,KNUE 1015 East Texas Country Station,,,,9600.00,940.00,8660.00,10%,0.57,0.10
1/26/22,MyLaps,,,,2013.00,210.00,1803.00,10%,0.04,0.00
1/25/22,Imgur,,,,10394127.00,598223.00,9795904.00,6%,1933.36,125.81
1/25/22,Wattpad,,,,3029579.00,1041390.00,1988189.00,34%,1829.16,222.20
1/25/22,MixerBox,,,,59354.00,21009.00,38345.00,35%,110.08,4.47
1/25/22,Lucktastic,,,,250689.00,60763.00,189926.00,24%,449.03,7.79
1/25/22,MixerBoxLite,,,,1190604.00,94373.00,1096231.00,8%,107.10,26.55
1/25/22,Kidoodle,,,,219322665.00,1044502.00,218278163.00,0%,7739.90,1914.94
1/25/22,MocoSpace,,,,498109.00,366667.00,131442.00,74%,505.83,36.33
1/25/22,Online Plus,,,,1999055.00,471327.00,1527728.00,24%,1609.44,87.76
1/25/22,Qlixar,,,,1040430.00,333696.00,706734.00,32%,1369.40,60.26
1/25/22,WeatherBug,,,,78736384.00,3582842.00,75153542.00,5%,4848.19,387.86
1/25/22,Droplist,,,,612020.00,316696.00,295324.00,52%,203.58,22.43
1/25/22,Growlr,,,,4313334.00,1998653.00,2314681.00,46%,599.30,58.15
1/25/22,The Times of India,,,,7221630.00,99159.00,7122471.00,1%,115.60,57.95
1/25/22,LiveMixTapes,,,,862870.00,477043.00,385827.00,55%,330.72,25.85
1/25/22,Instant News,,,,31885.00,28871.00,3014.00,91%,440.19,4.92
1/25/22,Dolphin,,,,4432.00,1922.00,2510.00,43%,2.88,0.34
1/25/22,MyDaily,,,,7566.00,5791.00,1775.00,77%,13.35,0.99
1/25/22,Everyday,,,,764.00,556.00,208.00,73%,4.47,0.10
1/25/22,First News,,,,132180.00,84970.00,47210.00,64%,509.48,14.68
1/25/22,The Feed,,,,176.00,76.00,100.00,43%,0.54,0.01
1/25/22,VladTV,,,,216926.00,85940.00,130986.00,40%,67.25,5.62
1/25/22,Crocodile,,,,16467.00,3946.00,12521.00,24%,11.84,0.73
1/25/22,QuizJP,,,,495.00,1.00,494.00,0%,0.01,0.00
1/25/22,QuizUS,,,,575.00,12.00,563.00,2%,0.09,0.01
1/25/22,PalTalk,,,,1444337.00,1015167.00,429170.00,70%,309.53,24.67
1/25/22,Impala - Headlines,,,,1567398.00,40035.00,1527363.00,3%,310.34,14.44
1/25/22,Steps,,,,324505.00,95163.00,229342.00,29%,72.63,6.69
1/25/22,MyFitnessPal,,,,127108736.00,45861810.00,81246926.00,36%,10988.71,1118.16
1/25/22,ShopKick,,,,1734687.00,401717.00,1332970.00,23%,1703.24,89.67
1/25/22,Audiomack,,,,2771909.00,945574.00,1826335.00,34%,3862.03,205.89
1/25/22,Encyclopedia Britannica,,,,8986033.00,351968.00,8634065.00,4%,340.12,23.81
1/25/22,Scrabble Go,,,,9401171.00,1203081.00,8198090.00,13%,1706.85,93.88
1/25/22,Camfrog,,,,1484362.00,1203001.00,281361.00,81%,100.98,9.04
1/25/22,Flickr,,,,19087069.00,66170.00,19020899.00,0%,31.69,135.36
1/25/22,MeetMe,,,,1826104.00,630709.00,1195395.00,35%,961.27,133.82
1/25/22,StockTwits,,,,11716703.00,1382137.00,10334566.00,12%,780.52,62.44
1/25/22,MyMixTapez,,,,6185887.00,2653.00,6183234.00,0%,13.73,43.97
1/25/22,Ultimate Classic Rock,,,,18091.00,913.00,17178.00,5%,1.19,0.20
1/25/22,Barstool Sports,,,,4938563.00,13988.00,4924575.00,0%,5.51,0.44
1/25/22,SwingU,,,,16873.00,3211.00,13662.00,19%,6.62,0.53
1/25/22,Reuters,,,,1533438.00,79622.00,1453816.00,5%,78.49,6.28
1/25/22,Funny Weather,,,,12501.00,1333.00,11168.00,11%,3.97,0.36
1/25/22,VPN - Super Unlimited Proxy,,,,5153680.00,30824.00,5122856.00,1%,43.63,38.91
1/25/22,NJ 101.5,,,,894089.00,25064.00,869025.00,3%,37.73,8.72
1/25/22,WGRD,,,,248053.00,8048.00,240005.00,3%,11.39,2.48
1/25/22,NewsTalk,,,,461129.00,10123.00,451006.00,2%,9.15,3.80
1/25/22,WBLM,,,,77432.00,2885.00,74547.00,4%,2.51,0.70
1/25/22,WJON,,,,75689.00,4706.00,70983.00,6%,5.46,0.88
1/25/22,Tide,,,,76727.00,6328.00,70399.00,8%,5.30,0.86
1/25/22,KFR,,,,4697.00,701.00,3996.00,15%,1.50,0.13
1/25/22,WBCK,,,,38071.00,5383.00,32688.00,14%,4.24,0.53
1/25/22,Cat Country,,,,52069.00,986.00,51083.00,2%,1.14,0.44
1/25/22,Mix 95.7FM,,,,38321.00,6111.00,32210.00,16%,5.16,0.59
1/25/22,Memedroid,,,,188851.00,9351.00,179500.00,5%,2.16,0.17
1/25/22,Loudwire,,,,26702.00,3367.00,23335.00,13%,3.51,0.41
1/25/22,XXL Mag,,,,17768.00,2102.00,15666.00,12%,2.23,0.27
1/25/22,FreeUnblock VPN,,,,1150.00,65.00,1085.00,6%,0.01,0.00
1/25/22,HAR Texas,,,,685404.00,102375.00,583029.00,15%,73.47,5.88
1/25/22,Psiphon Pro,,,,12419764.00,816589.00,11603175.00,7%,162.40,12.99
1/25/22,Bracelet Book,,,,42911.00,1635.00,41276.00,4%,0.54,0.04
1/25/22,Tumblr,,,,88009993.00,13561030.00,74448963.00,15%,8297.37,497.84
1/25/22,Wordfinder by WordTips,,,,503720.00,145781.00,357939.00,29%,198.90,15.91
1/25/22,PricePulse,,,,24771.00,1178.00,23593.00,5%,1.11,0.09
1/25/22,Untappd,,,,143428.00,33384.00,110044.00,23%,40.09,3.21
1/25/22,Dice with Buddies,,,,385826.00,40991.00,344835.00,11%,146.42,8.05
1/25/22,Yahtzee with Buddies,,,,2363303.00,202083.00,2161220.00,9%,1003.98,55.22
1/25/22,Astrology Daily,,,,416.00,41.00,375.00,10%,0.08,0.01
1/25/22,Meetup,,,,301738.00,43396.00,258342.00,14%,44.64,3.57
1/25/22,BisManOnline,,,,186.00,74.00,112.00,40%,0.08,0.01
1/25/22,Tokybook ,,,,15476.00,4158.00,11318.00,27%,4.40,0.35
1/25/22,1point3acres,,,,519.00,240.00,279.00,46%,0.31,0.02
1/25/22,Radio Texas Live,,,,38387.00,2179.00,36208.00,6%,1.34,0.35
1/25/22,KLAQ,,,,158183.00,25310.00,132873.00,16%,14.92,1.97
1/25/22,KICKS 105,,,,17820.00,728.00,17092.00,4%,0.65,0.17
1/25/22,106.5 WYRK,,,,95550.00,5546.00,90004.00,6%,5.15,0.99
1/25/22,Buffalos 937 WBLK -The Peoples Station,,,,122681.00,9710.00,112971.00,8%,9.38,1.45
1/25/22,K2,,,,25852.00,1734.00,24118.00,7%,2.09,0.32
1/25/22,101.5 WPDH,,,,55487.00,8861.00,46626.00,16%,6.92,0.81
1/25/22,97.3 KKRC,,,,21884.00,1773.00,20111.00,8%,1.07,0.22
1/25/22,The Dawg 973,,,,41787.00,2648.00,39139.00,6%,2.20,0.43
1/25/22,KNUE 1015 East Texas Country Station,,,,9239.00,773.00,8466.00,8%,0.48,0.09
1/25/22,MyLaps,,,,803.00,33.00,770.00,4%,0.00,0.00
1/24/22,Imgur,,,,9766277.00,638188.00,9128089.00,7%,2338.96,124.77
1/24/22,Wattpad,,,,3451453.00,1061489.00,2389964.00,31%,1813.61,229.03
1/24/22,MixerBox,,,,57534.00,19987.00,37547.00,35%,107.14,4.26
1/24/22,Lucktastic,,,,223753.00,42508.00,181245.00,19%,355.80,5.88
1/24/22,MixerBoxLite,,,,1148174.00,92838.00,1055336.00,8%,105.76,25.95
1/24/22,Kidoodle,,,,216866107.00,953328.00,215912779.00,0%,7217.10,1872.24
1/24/22,MocoSpace,,,,532398.00,393773.00,138625.00,74%,547.73,39.31
1/24/22,Online Plus,,,,2115197.00,426029.00,1689168.00,20%,1380.94,80.87
1/24/22,Qlixar,,,,1022409.00,332602.00,689807.00,33%,1355.22,59.99
1/24/22,WeatherBug,,,,89292690.00,3827274.00,85465416.00,4%,5249.10,419.93
1/24/22,Droplist,,,,541339.00,279505.00,261834.00,52%,181.73,20.01
1/24/22,Growlr,,,,4450131.00,2054986.00,2395145.00,46%,578.32,57.25
1/24/22,The Times of India,,,,10605813.00,158652.00,10447161.00,2%,176.40,85.48
1/24/22,LiveMixTapes,,,,763796.00,419370.00,344426.00,55%,289.83,22.70
1/24/22,Instant News,,,,33655.00,29129.00,4526.00,87%,455.66,4.97
1/24/22,Dolphin,,,,4406.00,2318.00,2088.00,53%,3.50,0.40
1/24/22,MyDaily,,,,7758.00,6084.00,1674.00,78%,13.17,1.04
1/24/22,Everyday,,,,702.00,537.00,165.00,77%,4.33,0.09
1/24/22,First News,,,,131433.00,83267.00,48166.00,63%,451.90,14.40
1/24/22,The Feed,,,,266.00,114.00,152.00,43%,0.36,0.02
1/24/22,VladTV,,,,162199.00,64890.00,97309.00,40%,50.56,4.22
1/24/22,Crocodile,,,,14574.00,4897.00,9677.00,34%,14.16,0.88
1/24/22,QuizJP,,,,1134.00,0.00,1134.00,0%,0.00,0.01
1/24/22,QuizUS,,,,658.00,21.00,637.00,3%,0.17,0.01
1/24/22,PalTalk,,,,1364335.00,950019.00,414316.00,70%,285.60,22.89
1/24/22,Impala - Headlines,,,,1508201.00,41997.00,1466204.00,3%,353.38,14.47
1/24/22,Steps,,,,324612.00,93695.00,230917.00,29%,64.42,6.13
1/24/22,MyFitnessPal,,,,58539318.00,12434181.00,46105137.00,21%,3323.66,488.92
1/24/22,ShopKick,,,,1624359.00,352136.00,1272223.00,22%,1540.48,79.33
1/24/22,Audiomack,,,,2830889.00,912538.00,1918351.00,32%,3616.81,194.27
1/24/22,Encyclopedia Britannica,,,,8825282.00,299378.00,8525904.00,3%,263.16,18.42
1/24/22,Scrabble Go,,,,10270602.00,1540114.00,8730488.00,15%,1833.03,100.82
1/24/22,Camfrog,,,,1497678.00,1213055.00,284623.00,81%,91.35,8.39
1/24/22,Flickr,,,,19074703.00,67901.00,19006802.00,0%,32.57,135.33
1/24/22,MeetMe,,,,1738810.00,639207.00,1099603.00,37%,979.12,134.89
1/24/22,StockTwits,,,,13365857.00,1501468.00,11864389.00,11%,855.83,68.47
1/24/22,MyMixTapez,,,,5708468.00,1407.00,5707061.00,0%,7.17,40.31
1/24/22,Ultimate Classic Rock,,,,14894.00,711.00,14183.00,5%,0.88,0.16
1/24/22,Barstool Sports,,,,5073542.00,10962.00,5062580.00,0%,4.87,0.39
1/24/22,SwingU,,,,17565.00,2774.00,14791.00,16%,5.15,0.41
1/24/22,Reuters,,,,1549393.00,74968.00,1474425.00,5%,73.52,5.88
1/24/22,Funny Weather,,,,12194.00,1260.00,10934.00,10%,3.15,0.30
1/24/22,VPN - Super Unlimited Proxy,,,,5102400.00,33992.00,5068408.00,1%,48.81,38.90
1/24/22,NJ 101.5,,,,742232.00,18681.00,723551.00,3%,26.30,6.91
1/24/22,WGRD,,,,238646.00,7244.00,231402.00,3%,10.74,2.37
1/24/22,NewsTalk,,,,454519.00,9360.00,445159.00,2%,8.94,3.74
1/24/22,WBLM,,,,59581.00,2575.00,57006.00,4%,2.44,0.57
1/24/22,WJON,,,,46405.00,1987.00,44418.00,4%,2.35,0.48
1/24/22,Tide,,,,85114.00,5531.00,79583.00,7%,4.05,0.84
1/24/22,KFR,,,,5207.00,875.00,4332.00,17%,0.92,0.09
1/24/22,WBCK,,,,41817.00,6025.00,35792.00,14%,4.63,0.57
1/24/22,Cat Country,,,,69661.00,1494.00,68167.00,2%,1.69,0.60
1/24/22,Mix 95.7FM,,,,35513.00,5345.00,30168.00,15%,4.41,0.52
1/24/22,Memedroid,,,,206963.00,9638.00,197325.00,5%,2.01,0.16
1/24/22,Loudwire,,,,22604.00,2478.00,20126.00,11%,2.54,0.32
1/24/22,XXL Mag,,,,16836.00,1694.00,15142.00,10%,1.63,0.22
1/24/22,FreeUnblock VPN,,,,1284.00,68.00,1216.00,5%,0.01,0.00
1/24/22,HAR Texas,,,,683536.00,101636.00,581900.00,15%,68.57,5.49
1/24/22,Psiphon Pro,,,,12508024.00,686836.00,11821188.00,5%,113.97,9.12
1/24/22,Bracelet Book,,,,42591.00,1304.00,41287.00,3%,0.39,0.03
1/24/22,Tumblr,,,,88158669.00,14087365.00,74071304.00,16%,8742.00,524.52
1/24/22,Wordfinder by WordTips,,,,519407.00,123624.00,395783.00,24%,179.13,14.33
1/24/22,PricePulse,,,,26742.00,1648.00,25094.00,6%,1.43,0.11
1/24/22,Untappd,,,,152510.00,32284.00,120226.00,21%,32.70,2.62
1/24/22,Dice with Buddies,,,,428224.00,45596.00,382628.00,11%,162.46,8.94
1/24/22,Yahtzee with Buddies,,,,595372.00,68061.00,527311.00,11%,188.89,10.39
1/24/22,Astrology Daily,,,,341.00,25.00,316.00,7%,0.05,0.00
1/24/22,Meetup,,,,2589.00,347.00,2242.00,13%,0.22,0.02
1/24/22,BisManOnline,,,,181.00,73.00,108.00,40%,0.09,0.01
1/24/22,Tokybook ,,,,14350.00,3573.00,10777.00,25%,2.55,0.20
1/24/22,1point3acres,,,,410.00,159.00,251.00,39%,0.21,0.02
1/24/22,Radio Texas Live,,,,36142.00,2192.00,33950.00,6%,1.22,0.32
1/24/22,KLAQ,,,,153953.00,24028.00,129925.00,16%,12.78,1.80
1/24/22,KICKS 105,,,,18038.00,912.00,17126.00,5%,0.66,0.17
1/24/22,106.5 WYRK,,,,93730.00,4583.00,89147.00,5%,4.62,0.95
1/24/22,Buffalos 937 WBLK -The Peoples Station,,,,116096.00,8563.00,107533.00,7%,8.23,1.33
1/24/22,K2,,,,18600.00,872.00,17728.00,5%,0.91,0.19
1/24/22,101.5 WPDH,,,,51619.00,6539.00,45080.00,13%,4.24,0.61
1/24/22,97.3 KKRC,,,,19083.00,1485.00,17598.00,8%,0.81,0.18
1/24/22,The Dawg 973,,,,39742.00,1967.00,37775.00,5%,1.16,0.35
1/24/22,KNUE 1015 East Texas Country Station,,,,11437.00,986.00,10451.00,9%,0.54,0.11
1/24/22,MyLaps,,,,655.00,42.00,613.00,6%,0.00,0.00
1/23/22,Imgur,,,,10608828.00,613936.00,9994892.00,6%,2242.70,128.37
1/23/22,Wattpad,,,,3677306.00,1062926.00,2614380.00,29%,1748.07,230.89
1/23/22,MixerBox,,,,60070.00,20349.00,39721.00,34%,103.94,4.35
1/23/22,Lucktastic,,,,172572.00,40530.00,132042.00,23%,351.09,5.24
1/23/22,MixerBoxLite,,,,1219568.00,106461.00,1113107.00,9%,122.24,29.08
1/23/22,Kidoodle,,,,246427579.00,965680.00,245461899.00,0%,7541.39,2095.30
1/23/22,MocoSpace,,,,532241.00,393238.00,139003.00,74%,533.42,38.31
1/23/22,Online Plus,,,,2095368.00,391664.00,1703704.00,19%,1352.24,75.10
1/23/22,Qlixar,,,,956937.00,289116.00,667821.00,30%,1132.40,52.49
1/23/22,WeatherBug,,,,82974835.00,3602266.00,79372569.00,4%,4957.94,396.64
1/23/22,Droplist,,,,182886.00,86696.00,96190.00,47%,48.20,5.49
1/23/22,Growlr,,,,4708234.00,2138562.00,2569672.00,45%,575.63,58.28
1/23/22,The Times of India,,,,9754684.00,184401.00,9570283.00,2%,182.80,79.79
1/23/22,LiveMixTapes,,,,755741.00,416086.00,339655.00,55%,281.67,22.09
1/23/22,Instant News,,,,30921.00,27068.00,3853.00,88%,416.60,4.62
1/23/22,Dolphin,,,,4424.00,2258.00,2166.00,51%,3.20,0.39
1/23/22,MyDaily,,,,7402.00,5743.00,1659.00,78%,14.69,0.98
1/23/22,Everyday,,,,685.00,516.00,169.00,75%,4.25,0.09
1/23/22,First News,,,,139694.00,86214.00,53480.00,62%,423.12,14.92
1/23/22,The Feed,,,,224.00,113.00,111.00,50%,0.35,0.02
1/23/22,ShopSavvy,,,,11.00,0.00,11.00,0%,0.00,0.00
1/23/22,VladTV,,,,132648.00,51237.00,81411.00,39%,40.63,3.41
1/23/22,Crocodile,,,,8781.00,3510.00,5271.00,40%,9.64,0.62
1/23/22,QuizJP,,,,733.00,1.00,732.00,0%,0.01,0.01
1/23/22,QuizUS,,,,526.00,33.00,493.00,6%,0.26,0.01
1/23/22,PalTalk,,,,1482151.00,1024546.00,457605.00,69%,291.67,23.62
1/23/22,Impala - Headlines,,,,1395467.00,44245.00,1351222.00,3%,306.35,14.28
1/23/22,Steps,,,,304242.00,83580.00,220662.00,27%,53.84,5.31
1/23/22,MyFitnessPal,,,,39484173.00,5935650.00,33548523.00,15%,1811.88,325.43
1/23/22,ShopKick,,,,1797263.00,415147.00,1382116.00,23%,1799.94,92.70
1/23/22,Audiomack,,,,2617231.00,893607.00,1723624.00,34%,3886.19,206.37
1/23/22,Encyclopedia Britannica,,,,7851890.00,234644.00,7617246.00,3%,211.16,14.78
1/23/22,Scrabble Go,,,,11133325.00,1775883.00,9357442.00,16%,2098.72,115.43
1/23/22,Camfrog,,,,1578058.00,1267326.00,310732.00,80%,92.71,8.66
1/23/22,Flickr,,,,16767779.00,65350.00,16702429.00,0%,31.84,119.15
1/23/22,MeetMe,,,,1594591.00,612701.00,981890.00,38%,937.67,128.85
1/23/22,StockTwits,,,,4319164.00,418122.00,3901042.00,10%,263.18,21.05
1/23/22,MyMixTapez,,,,5767168.00,1458.00,5765710.00,0%,7.55,40.74
1/23/22,Ultimate Classic Rock,,,,15312.00,635.00,14677.00,4%,0.89,0.17
1/23/22,Barstool Sports,,,,3708954.00,7785.00,3701169.00,0%,3.46,0.28
1/23/22,SwingU,,,,30246.00,5289.00,24957.00,17%,10.53,0.84
1/23/22,Reuters,,,,1352869.00,71698.00,1281171.00,5%,71.44,5.72
1/23/22,Funny Weather,,,,11455.00,1348.00,10107.00,12%,4.33,0.37
1/23/22,VPN - Super Unlimited Proxy,,,,5160798.00,26354.00,5134444.00,1%,37.44,38.56
1/23/22,NJ 101.5,,,,202081.00,5407.00,196674.00,3%,8.47,1.97
1/23/22,WGRD,,,,10783.00,397.00,10386.00,4%,0.56,0.11
1/23/22,NewsTalk,,,,61140.00,803.00,60337.00,1%,0.80,0.48
1/23/22,WBLM,,,,27259.00,1095.00,26164.00,4%,0.98,0.25
1/23/22,WJON,,,,18747.00,431.00,18316.00,2%,0.58,0.17
1/23/22,Tide,,,,19025.00,1249.00,17776.00,7%,1.04,0.20
1/23/22,KFR,,,,2389.00,487.00,1902.00,20%,0.56,0.05
1/23/22,WBCK,,,,12574.00,2147.00,10427.00,17%,1.64,0.19
1/23/22,Cat Country,,,,8456.00,209.00,8247.00,2%,0.21,0.07
1/23/22,Mix 95.7FM,,,,6825.00,862.00,5963.00,13%,0.69,0.09
1/23/22,Memedroid,,,,177512.00,12201.00,165311.00,7%,2.39,0.19
1/23/22,Loudwire,,,,16685.00,1610.00,15075.00,10%,1.62,0.22
1/23/22,XXL Mag,,,,11321.00,1070.00,10251.00,9%,1.17,0.15
1/23/22,FreeUnblock VPN,,,,1354.00,81.00,1273.00,6%,0.01,0.00
1/23/22,HAR Texas,,,,764143.00,118885.00,645258.00,16%,80.68,6.45
1/23/22,Psiphon Pro,,,,12323486.00,661986.00,11661500.00,5%,110.10,8.81
1/23/22,Bracelet Book,,,,53223.00,1350.00,51873.00,3%,0.46,0.04
1/23/22,Tumblr,,,,88679116.00,14043377.00,74635739.00,16%,7889.44,473.37
1/23/22,Wordfinder by WordTips,,,,561960.00,133318.00,428642.00,24%,194.50,15.56
1/23/22,PricePulse,,,,26697.00,1184.00,25513.00,4%,1.02,0.08
1/23/22,Untappd,,,,247281.00,67969.00,179312.00,27%,78.90,6.31
1/23/22,Dice with Buddies,,,,433577.00,53450.00,380127.00,12%,188.55,10.37
1/23/22,Astrology Daily,,,,426.00,38.00,388.00,9%,0.06,0.00
1/23/22,BisManOnline,,,,156.00,49.00,107.00,31%,0.06,0.00
1/23/22,Tokybook ,,,,13786.00,4345.00,9441.00,32%,3.83,0.31
1/23/22,1point3acres,,,,337.00,178.00,159.00,53%,0.33,0.03
1/23/22,Radio Texas Live,,,,40070.00,2390.00,37680.00,6%,1.39,0.36
1/23/22,KLAQ,,,,12090.00,1429.00,10661.00,12%,0.90,0.14
1/23/22,KICKS 105,,,,5481.00,22.00,5459.00,0%,0.01,0.04
1/23/22,106.5 WYRK,,,,35010.00,1333.00,33677.00,4%,0.97,0.30
1/23/22,Buffalos 937 WBLK -The Peoples Station,,,,31580.00,2053.00,29527.00,7%,1.78,0.33
1/23/22,K2,,,,12014.00,392.00,11622.00,3%,0.49,0.12
1/23/22,101.5 WPDH,,,,23455.00,2851.00,20604.00,12%,1.83,0.27
1/23/22,97.3 KKRC,,,,5361.00,677.00,4684.00,13%,0.35,0.06
1/23/22,The Dawg 973,,,,147095.00,8853.00,138242.00,6%,4.88,1.31
1/23/22,KNUE 1015 East Texas Country Station,,,,7732.00,564.00,7168.00,7%,0.22,0.07
1/23/22,MyLaps,,,,3454.00,310.00,3144.00,9%,0.01,0.00
1/22/22,Imgur,,,,10152274.00,657802.00,9494472.00,6%,2406.80,129.44
1/22/22,Wattpad,,,,3226756.00,987356.00,2239400.00,31%,1663.13,213.15
1/22/22,MixerBox,,,,61070.00,21040.00,40030.00,34%,119.74,4.49
1/22/22,Lucktastic,,,,182270.00,46333.00,135937.00,25%,391.31,5.86
1/22/22,MixerBoxLite,,,,1312040.00,113799.00,1198241.00,9%,135.70,31.15
1/22/22,Kidoodle,,,,255041678.00,1122955.00,253918723.00,0%,8585.35,2206.70
1/22/22,MocoSpace,,,,511278.00,388272.00,123006.00,76%,568.52,40.66
1/22/22,Online Plus,,,,2137869.00,404035.00,1733834.00,19%,1375.97,77.36
1/22/22,Qlixar,,,,975097.00,306799.00,668298.00,31%,1253.38,55.50
1/22/22,WeatherBug,,,,84281951.00,3284371.00,80997580.00,4%,4762.80,381.02
1/22/22,Droplist,,,,251397.00,121749.00,129648.00,48%,74.01,8.31
1/22/22,Growlr,,,,4585350.00,2128653.00,2456697.00,46%,565.75,56.80
1/22/22,The Times of India,,,,9277826.00,193352.00,9084474.00,2%,198.84,77.51
1/22/22,LiveMixTapes,,,,874116.00,507161.00,366955.00,58%,351.86,27.20
1/22/22,Instant News,,,,32513.00,29495.00,3018.00,91%,454.07,5.03
1/22/22,Dolphin,,,,4666.00,2690.00,1976.00,58%,4.13,0.47
1/22/22,MyDaily,,,,7424.00,6011.00,1413.00,81%,14.04,1.03
1/22/22,Everyday,,,,790.00,591.00,199.00,75%,4.64,0.10
1/22/22,First News,,,,137002.00,84187.00,52815.00,61%,430.64,14.58
1/22/22,The Feed,,,,190.00,113.00,77.00,59%,0.34,0.02
1/22/22,ShopSavvy,,,,19.00,1.00,18.00,5%,0.00,0.00
1/22/22,VladTV,,,,179283.00,71173.00,108110.00,40%,56.51,4.71
1/22/22,Crocodile,,,,13790.00,4236.00,9554.00,31%,11.50,0.77
1/22/22,QuizJP,,,,511.00,0.00,511.00,0%,0.00,0.00
1/22/22,QuizUS,,,,442.00,44.00,398.00,10%,0.31,0.01
1/22/22,PalTalk,,,,1515403.00,1055776.00,459627.00,70%,324.54,25.94
1/22/22,Impala - Headlines,,,,1457510.00,64227.00,1393283.00,4%,425.95,17.89
1/22/22,Steps,,,,302073.00,87946.00,214127.00,29%,55.03,5.35
1/22/22,MyFitnessPal,,,,36603025.00,6008445.00,30594580.00,16%,1817.96,305.06
1/22/22,ShopKick,,,,1713916.00,405488.00,1308428.00,24%,1727.14,90.25
1/22/22,Audiomack,,,,2721200.00,981538.00,1739662.00,36%,3900.53,207.20
1/22/22,Encyclopedia Britannica,,,,7819265.00,246651.00,7572614.00,3%,213.60,14.95
1/22/22,Scrabble Go,,,,10272586.00,1545626.00,8726960.00,15%,1817.23,99.95
1/22/22,Camfrog,,,,1655882.00,1347140.00,308742.00,81%,104.11,9.45
1/22/22,Flickr,,,,13644221.00,67263.00,13576958.00,0%,34.05,97.42
1/22/22,MeetMe,,,,1620915.00,582315.00,1038600.00,36%,901.54,123.20
1/22/22,StockTwits,,,,5878133.00,627927.00,5250206.00,11%,369.26,29.54
1/22/22,MyMixTapez,,,,6593316.00,2334.00,6590982.00,0%,11.88,46.73
1/22/22,Ultimate Classic Rock,,,,16767.00,679.00,16088.00,4%,0.83,0.17
1/22/22,Barstool Sports,,,,4026184.00,8708.00,4017476.00,0%,3.69,0.30
1/22/22,SwingU,,,,28161.00,5659.00,22502.00,20%,14.61,1.17
1/22/22,Reuters,,,,1314892.00,70282.00,1244610.00,5%,68.68,5.49
1/22/22,Funny Weather,,,,14073.00,2188.00,11885.00,16%,5.32,0.46
1/22/22,VPN - Super Unlimited Proxy,,,,5007399.00,29561.00,4977838.00,1%,39.66,37.62
1/22/22,NJ 101.5,,,,256215.00,6958.00,249257.00,3%,9.81,2.43
1/22/22,WGRD,,,,30167.00,1105.00,29062.00,4%,2.00,0.34
1/22/22,NewsTalk,,,,103916.00,1877.00,102039.00,2%,1.64,0.83
1/22/22,WBLM,,,,34925.00,1423.00,33502.00,4%,1.20,0.32
1/22/22,WJON,,,,25907.00,1299.00,24608.00,5%,1.47,0.28
1/22/22,Tide,,,,15954.00,1111.00,14843.00,7%,1.08,0.18
1/22/22,KFR,,,,4368.00,661.00,3707.00,15%,0.86,0.09
1/22/22,WBCK,,,,14736.00,1999.00,12737.00,14%,1.56,0.20
1/22/22,Cat Country,,,,12923.00,399.00,12524.00,3%,0.41,0.12
1/22/22,Mix 95.7FM,,,,11428.00,1053.00,10375.00,9%,0.85,0.13
1/22/22,Memedroid,,,,189313.00,12153.00,177160.00,6%,2.20,0.18
1/22/22,Loudwire,,,,19981.00,2519.00,17462.00,13%,2.32,0.28
1/22/22,XXL Mag,,,,15888.00,1904.00,13984.00,12%,1.74,0.22
1/22/22,FreeUnblock VPN,,,,1302.00,77.00,1225.00,6%,0.01,0.00
1/22/22,HAR Texas,,,,784441.00,118930.00,665511.00,15%,84.17,6.73
1/22/22,Psiphon Pro,,,,12101559.00,595132.00,11506427.00,5%,105.56,8.44
1/22/22,Bracelet Book,,,,46375.00,1277.00,45098.00,3%,0.55,0.04
1/22/22,Tumblr,,,,84958075.00,13126317.00,71831758.00,15%,7319.78,439.19
1/22/22,Wordfinder by WordTips,,,,516445.00,129322.00,387123.00,25%,181.37,14.51
1/22/22,PricePulse,,,,26141.00,1104.00,25037.00,4%,1.06,0.08
1/22/22,Untappd,,,,299537.00,88026.00,211511.00,29%,130.30,10.42
1/22/22,Dice with Buddies,,,,395669.00,44986.00,350683.00,11%,164.59,9.05
1/22/22,Dice with Ellen,,,,1.00,0.00,1.00,0%,0.00,0.00
1/22/22,Astrology Daily,,,,364.00,36.00,328.00,10%,0.09,0.01
1/22/22,BisManOnline,,,,120.00,46.00,74.00,38%,0.07,0.01
1/22/22,Tokybook ,,,,13210.00,4141.00,9069.00,31%,4.89,0.39
1/22/22,1point3acres,,,,317.00,208.00,109.00,66%,0.36,0.03
1/22/22,Radio Texas Live,,,,32136.00,2108.00,30028.00,7%,1.12,0.29
1/22/22,KLAQ,,,,23869.00,3062.00,20807.00,13%,1.72,0.27
1/22/22,KICKS 105,,,,10235.00,226.00,10009.00,2%,0.12,0.08
1/22/22,106.5 WYRK,,,,43631.00,2019.00,41612.00,5%,1.53,0.40
1/22/22,Buffalos 937 WBLK -The Peoples Station,,,,62627.00,3555.00,59072.00,6%,2.54,0.59
1/22/22,K2,,,,16399.00,470.00,15929.00,3%,0.47,0.14
1/22/22,101.5 WPDH,,,,24696.00,2786.00,21910.00,11%,2.07,0.30
1/22/22,97.3 KKRC,,,,7689.00,907.00,6782.00,12%,0.53,0.08
1/22/22,The Dawg 973,,,,26048.00,1447.00,24601.00,6%,1.03,0.24
1/22/22,KNUE 1015 East Texas Country Station,,,,7717.00,579.00,7138.00,8%,0.17,0.06
1/22/22,MyLaps,,,,5865.00,614.00,5251.00,10%,0.04,0.00
1/21/22,Imgur,,,,10284848.00,623210.00,9661638.00,6%,2215.63,127.38
1/21/22,Wattpad,,,,3024160.00,960520.00,2063640.00,32%,1733.42,206.55
1/21/22,MixerBox,,,,63847.00,22378.00,41469.00,35%,133.07,4.77
1/21/22,Lucktastic,,,,178888.00,44816.00,134072.00,25%,391.62,5.69
1/21/22,MixerBoxLite,,,,1183055.00,102338.00,1080717.00,9%,118.09,28.03
1/21/22,Kidoodle,,,,235349361.00,1265824.00,234083537.00,1%,10200.73,2148.62
1/21/22,MocoSpace,,,,479409.00,360466.00,118943.00,75%,499.99,35.83
1/21/22,Online Plus,,,,2155358.00,571337.00,1584021.00,27%,3055.15,105.05
1/21/22,Qlixar,,,,997035.00,350930.00,646105.00,35%,2098.74,62.89
1/21/22,WeatherBug,,,,96701971.00,5258492.00,91443479.00,5%,11236.68,898.93
1/21/22,Droplist,,,,405683.00,209454.00,196229.00,52%,137.79,15.15
1/21/22,Growlr,,,,4323388.00,2026041.00,2297347.00,47%,640.48,60.92
1/21/22,The Times of India,,,,8813137.00,145882.00,8667255.00,2%,183.89,73.54
1/21/22,LiveMixTapes,,,,938250.00,565334.00,372916.00,60%,588.20,43.78
1/21/22,Instant News,,,,31849.00,28495.00,3354.00,89%,472.14,4.86
1/21/22,Dolphin,,,,4112.00,2325.00,1787.00,57%,4.12,0.40
1/21/22,MyDaily,,,,8342.00,6682.00,1660.00,80%,18.81,1.14
1/21/22,Everyday,,,,689.00,490.00,199.00,71%,3.82,0.08
1/21/22,First News,,,,129768.00,84360.00,45408.00,65%,470.35,14.57
1/21/22,The Feed,,,,371.00,174.00,197.00,47%,0.54,0.03
1/21/22,ShopSavvy,,,,17.00,8.00,9.00,47%,0.02,0.00
1/21/22,VladTV,,,,184163.00,77770.00,106393.00,42%,106.36,8.19
1/21/22,Crocodile,,,,7537.00,4392.00,3145.00,58%,15.42,0.76
1/21/22,QuizJP,,,,808.00,0.00,808.00,0%,0.00,0.01
1/21/22,QuizUS,,,,630.00,129.00,501.00,20%,1.67,0.03
1/21/22,PalTalk,,,,1475092.00,1038391.00,436701.00,70%,410.28,31.78
1/21/22,Impala - Headlines,,,,1498847.00,73502.00,1425345.00,5%,776.27,19.62
1/21/22,Steps,,,,307944.00,92927.00,215017.00,30%,63.20,5.93
1/21/22,Timer+,,,,2.00,0.00,2.00,0%,0.00,0.00
1/21/22,MyFitnessPal,,,,41212091.00,6815642.00,34396449.00,17%,1988.59,340.20
1/21/22,ShopKick,,,,1762590.00,460968.00,1301622.00,26%,2068.53,101.30
1/21/22,Audiomack,,,,2739464.00,1010819.00,1728645.00,37%,5252.56,274.73
1/21/22,Encyclopedia Britannica,,,,8285275.00,288478.00,7996797.00,3%,409.14,28.64
1/21/22,Scrabble Go,,,,10071136.00,1477630.00,8593506.00,15%,2872.36,157.98
1/21/22,Camfrog,,,,1621658.00,1317740.00,303918.00,81%,111.73,9.95
1/21/22,Flickr,,,,13541677.00,67894.00,13473783.00,1%,38.59,97.02
1/21/22,MeetMe,,,,1641298.00,561401.00,1079897.00,34%,961.55,119.25
1/21/22,StockTwits,,,,13553080.00,2465718.00,11087362.00,18%,1291.38,103.31
1/21/22,MyMixTapez,,,,7803428.00,4252.00,7799176.00,0%,21.13,55.65
1/21/22,Ultimate Classic Rock,,,,18910.00,1197.00,17713.00,6%,4.40,0.43
1/21/22,Barstool Sports,,,,4279403.00,12951.00,4266452.00,0%,5.40,0.43
1/21/22,SwingU,,,,21005.00,3650.00,17355.00,17%,8.32,0.67
1/21/22,Reuters,,,,1369125.00,70822.00,1298303.00,5%,69.53,5.56
1/21/22,Funny Weather,,,,14977.00,1956.00,13021.00,13%,7.73,0.63
1/21/22,VPN - Super Unlimited Proxy,,,,4820947.00,35035.00,4785912.00,1%,50.63,37.05
1/21/22,NJ 101.5,,,,706109.00,22494.00,683615.00,3%,57.19,8.79
1/21/22,WGRD,,,,223640.00,8805.00,214835.00,4%,17.06,2.70
1/21/22,NewsTalk,,,,447009.00,12426.00,434583.00,3%,18.64,4.35
1/21/22,WBLM,,,,70745.00,3568.00,67177.00,5%,5.77,0.87
1/21/22,WJON,,,,45029.00,2511.00,42518.00,6%,7.17,0.80
1/21/22,Tide,,,,60821.00,4606.00,56215.00,8%,6.84,0.87
1/21/22,KFR,,,,5241.00,854.00,4387.00,16%,1.33,0.12
1/21/22,WBCK,,,,41181.00,4917.00,36264.00,12%,4.56,0.57
1/21/22,Cat Country,,,,64343.00,1938.00,62405.00,3%,3.51,0.68
1/21/22,Mix 95.7FM,,,,31904.00,3426.00,28478.00,11%,4.29,0.50
1/21/22,Memedroid,,,,197694.00,12492.00,185202.00,6%,2.52,0.20
1/21/22,Loudwire,,,,29054.00,4551.00,24503.00,16%,6.67,0.64
1/21/22,XXL Mag,,,,13188.00,1753.00,11435.00,13%,1.97,0.22
1/21/22,FreeUnblock VPN,,,,1288.00,74.00,1214.00,6%,0.02,0.00
1/21/22,HAR Texas,,,,691985.00,106029.00,585956.00,15%,72.24,5.78
1/21/22,Psiphon Pro,,,,12686886.00,595421.00,12091465.00,5%,118.28,9.46
1/21/22,Bracelet Book,,,,40692.00,1178.00,39514.00,3%,0.43,0.03
1/21/22,Tumblr,,,,85288635.00,12664384.00,72624251.00,15%,11142.26,668.54
1/21/22,Wordfinder by WordTips,,,,444097.00,112079.00,332018.00,25%,189.02,15.12
1/21/22,PricePulse,,,,25565.00,1128.00,24437.00,4%,1.07,0.09
1/21/22,Untappd,,,,207253.00,56435.00,150818.00,27%,78.97,6.32
1/21/22,Dice with Buddies,,,,388273.00,50481.00,337792.00,13%,208.94,11.49
1/21/22,Astrology Daily,,,,384.00,36.00,348.00,9%,0.14,0.01
1/21/22,BisManOnline,,,,322.00,92.00,230.00,29%,0.14,0.01
1/21/22,Tokybook ,,,,16566.00,4789.00,11777.00,29%,8.46,0.68
1/21/22,1point3acres,,,,153.00,94.00,59.00,61%,0.16,0.01
1/21/22,Radio Texas Live,,,,36340.00,2263.00,34077.00,6%,2.03,0.38
1/21/22,KLAQ,,,,138739.00,16305.00,122434.00,12%,18.82,2.17
1/21/22,KICKS 105,,,,17735.00,726.00,17009.00,4%,0.81,0.18
1/21/22,106.5 WYRK,,,,98810.00,5423.00,93387.00,5%,7.18,1.16
1/21/22,Buffalos 937 WBLK -The Peoples Station,,,,116329.00,8770.00,107559.00,8%,10.90,1.52
1/21/22,K2,,,,24577.00,1227.00,23350.00,5%,2.92,0.37
1/21/22,101.5 WPDH,,,,51237.00,6768.00,44469.00,13%,5.76,0.71
1/21/22,97.3 KKRC,,,,19559.00,1677.00,17882.00,9%,1.47,0.23
1/21/22,The Dawg 973,,,,29810.00,2520.00,27290.00,8%,2.43,0.36
1/21/22,KNUE 1015 East Texas Country Station,,,,10851.00,1013.00,9838.00,9%,0.53,0.11
1/21/22,MyLaps,,,,1843.00,245.00,1598.00,13%,0.01,0.00
1/20/22,Imgur,,,,10075509.00,619767.00,9455742.00,6%,2375.35,125.28
1/20/22,Wattpad,,,,3141640.00,922698.00,2218942.00,29%,1604.78,200.07
1/20/22,MixerBox,,,,61426.00,21404.00,40022.00,35%,114.06,4.56
1/20/22,Lucktastic,,,,181040.00,43790.00,137250.00,24%,386.28,5.61
1/20/22,MixerBoxLite,,,,1176681.00,93346.00,1083335.00,8%,106.03,26.25
1/20/22,Kidoodle,,,,179816574.00,1128053.00,178688521.00,1%,9072.61,1704.45
1/20/22,MocoSpace,,,,501261.00,370980.00,130281.00,74%,478.83,34.43
1/20/22,Online Plus,,,,2253860.00,498715.00,1755145.00,22%,1656.77,93.56
1/20/22,Qlixar,,,,953723.00,347534.00,606189.00,36%,1429.27,62.11
1/20/22,WeatherBug,,,,122741243.00,6819902.00,115921341.00,6%,9059.34,724.75
1/20/22,Droplist,,,,311976.00,166924.00,145052.00,54%,98.91,10.91
1/20/22,Growlr,,,,4241919.00,1986692.00,2255227.00,47%,541.02,53.66
1/20/22,The Times of India,,,,8200639.00,153047.00,8047592.00,2%,148.15,66.70
1/20/22,LiveMixTapes,,,,785062.00,448998.00,336064.00,57%,296.95,23.14
1/20/22,Instant News,,,,27174.00,23973.00,3201.00,88%,370.53,4.09
1/20/22,Dolphin,,,,3641.00,1998.00,1643.00,55%,2.78,0.35
1/20/22,MyDaily,,,,7969.00,6024.00,1945.00,76%,13.63,1.03
1/20/22,Everyday,,,,530.00,416.00,114.00,78%,3.25,0.07
1/20/22,First News,,,,129524.00,82766.00,46758.00,64%,421.12,14.30
1/20/22,The Feed,,,,228.00,54.00,174.00,24%,0.21,0.01
1/20/22,VladTV,,,,207220.00,81921.00,125299.00,40%,64.73,5.41
1/20/22,Crocodile,,,,7437.00,2807.00,4630.00,38%,8.58,0.50
1/20/22,QuizJP,,,,718.00,0.00,718.00,0%,0.00,0.01
1/20/22,QuizUS,,,,609.00,42.00,567.00,7%,0.29,0.01
1/20/22,PalTalk,,,,1444475.00,1011530.00,432945.00,70%,297.03,23.82
1/20/22,Impala - Headlines,,,,1449384.00,87335.00,1362049.00,6%,681.60,21.66
1/20/22,Steps,,,,307259.00,92293.00,214966.00,30%,58.37,5.59
1/20/22,MyFitnessPal,,,,47232789.00,7266179.00,39966610.00,15%,2084.17,383.97
1/20/22,ShopKick,,,,1595086.00,385039.00,1210047.00,24%,1717.31,85.47
1/20/22,Audiomack,,,,2424112.00,953235.00,1470877.00,39%,4005.14,210.55
1/20/22,Encyclopedia Britannica,,,,8737888.00,292525.00,8445363.00,3%,250.58,17.54
1/20/22,Scrabble Go,,,,9948866.00,1315666.00,8633200.00,13%,1579.60,86.88
1/20/22,Camfrog,,,,1555973.00,1257342.00,298631.00,81%,89.73,8.37
1/20/22,Flickr,,,,13854458.00,70223.00,13784235.00,1%,33.03,98.80
1/20/22,MeetMe,,,,1816032.00,527391.00,1288641.00,29%,816.67,113.93
1/20/22,StockTwits,,,,12562587.00,2505664.00,10056923.00,20%,1349.28,107.94
1/20/22,MyMixTapez,,,,6494195.00,3304.00,6490891.00,0%,14.46,46.16
1/20/22,Ultimate Classic Rock,,,,14414.00,710.00,13704.00,5%,0.84,0.15
1/20/22,Barstool Sports,,,,6209239.00,13170.00,6196069.00,0%,5.04,0.40
1/20/22,SwingU,,,,16070.00,2894.00,13176.00,18%,6.93,0.55
1/20/22,Reuters,,,,1501091.00,83811.00,1417280.00,6%,80.21,6.42
1/20/22,Funny Weather,,,,14721.00,1506.00,13215.00,10%,4.31,0.39
1/20/22,VPN - Super Unlimited Proxy,,,,4920643.00,50682.00,4869961.00,1%,82.43,39.86
1/20/22,NJ 101.5,,,,906857.00,22312.00,884545.00,2%,31.84,8.42
1/20/22,WGRD,,,,252384.00,7334.00,245050.00,3%,10.31,2.44
1/20/22,NewsTalk,,,,500477.00,12238.00,488239.00,2%,9.27,4.07
1/20/22,WBLM,,,,60990.00,1937.00,59053.00,3%,1.67,0.53
1/20/22,WJON,,,,55432.00,2947.00,52485.00,5%,3.54,0.62
1/20/22,Tide,,,,85683.00,5170.00,80513.00,6%,4.34,0.87
1/20/22,KFR,,,,4192.00,468.00,3724.00,11%,0.64,0.07
1/20/22,WBCK,,,,41930.00,4266.00,37664.00,10%,3.66,0.52
1/20/22,Cat Country,,,,76946.00,1727.00,75219.00,2%,1.72,0.65
1/20/22,Mix 95.7FM,,,,31563.00,3304.00,28259.00,10%,2.83,0.40
1/20/22,Memedroid,,,,196253.00,11158.00,185095.00,6%,2.24,0.18
1/20/22,Loudwire,,,,26561.00,3440.00,23121.00,13%,3.26,0.39
1/20/22,XXL Mag,,,,15905.00,1966.00,13939.00,12%,1.80,0.22
1/20/22,FreeUnblock VPN,,,,1360.00,65.00,1295.00,5%,0.01,0.00
1/20/22,HAR Texas,,,,683812.00,95958.00,587854.00,14%,68.35,5.47
1/20/22,Psiphon Pro,,,,12749425.00,698211.00,12051214.00,5%,106.09,8.49
1/20/22,Bracelet Book,,,,41233.00,1223.00,40010.00,3%,0.39,0.03
1/20/22,Tumblr,,,,86700337.00,13792631.00,72907706.00,16%,7008.40,420.50
1/20/22,Wordfinder by WordTips,,,,472096.00,116523.00,355573.00,25%,160.00,12.80
1/20/22,PricePulse,,,,28010.00,1522.00,26488.00,5%,1.47,0.12
1/20/22,Untappd,,,,163512.00,40607.00,122905.00,25%,50.07,4.01
1/20/22,Dice with Buddies,,,,399735.00,32935.00,366800.00,8%,117.16,6.44
1/20/22,Astrology Daily,,,,321.00,29.00,292.00,9%,0.05,0.00
1/20/22,BisManOnline,,,,382.00,109.00,273.00,29%,0.14,0.01
1/20/22,Tokybook ,,,,16722.00,4712.00,12010.00,28%,4.83,0.39
1/20/22,1point3acres,,,,65.00,37.00,28.00,57%,0.02,0.00
1/20/22,Radio Texas Live,,,,39510.00,1694.00,37816.00,4%,0.90,0.33
1/20/22,KLAQ,,,,150758.00,17923.00,132835.00,12%,9.93,1.62
1/20/22,KICKS 105,,,,16476.00,1047.00,15429.00,6%,0.69,0.16
1/20/22,106.5 WYRK,,,,98896.00,4517.00,94379.00,5%,3.85,0.93
1/20/22,Buffalos 937 WBLK -The Peoples Station,,,,122903.00,9109.00,113794.00,7%,8.84,1.42
1/20/22,K2,,,,25706.00,1360.00,24346.00,5%,1.24,0.26
1/20/22,101.5 WPDH,,,,56755.00,7674.00,49081.00,14%,5.38,0.72
1/20/22,97.3 KKRC,,,,18622.00,1323.00,17299.00,7%,0.83,0.18
1/20/22,The Dawg 973,,,,37904.00,3019.00,34885.00,8%,1.96,0.38
1/20/22,KNUE 1015 East Texas Country Station,,,,9667.00,492.00,9175.00,5%,0.20,0.08
1/20/22,MyLaps,,,,227.00,21.00,206.00,9%,0.00,0.00
1/19/22,Imgur,,,,10122215.00,609351.00,9512864.00,6%,2625.24,124.53
1/19/22,Wattpad,,,,3264984.00,970655.00,2294329.00,30%,1620.84,210.19
1/19/22,MixerBox,,,,59996.00,20560.00,39436.00,34%,111.57,4.39
1/19/22,Lucktastic,,,,166204.00,40850.00,125354.00,25%,347.63,5.21
1/19/22,MixerBoxLite,,,,1172967.00,93228.00,1079739.00,8%,107.71,26.20
1/19/22,Kidoodle,,,,160558556.00,1155810.00,159402746.00,1%,9321.22,1581.88
1/19/22,MocoSpace,,,,486007.00,366591.00,119416.00,75%,490.89,35.20
1/19/22,Online Plus,,,,2357643.00,605971.00,1751672.00,26%,2177.48,111.77
1/19/22,Qlixar,,,,944157.00,336764.00,607393.00,36%,1429.30,60.29
1/19/22,WeatherBug,,,,102855932.00,5909025.00,96946907.00,6%,7549.94,604.00
1/19/22,Droplist,,,,817161.00,439635.00,377526.00,54%,291.64,31.81
1/19/22,Growlr,,,,4158216.00,1958987.00,2199229.00,47%,519.99,51.79
1/19/22,The Times of India,,,,9754818.00,159987.00,9594831.00,2%,179.91,79.76
1/19/22,LiveMixTapes,,,,780629.00,463872.00,316757.00,59%,309.78,23.90
1/19/22,Instant News,,,,23685.00,20377.00,3308.00,86%,320.61,3.48
1/19/22,Dolphin,,,,2743.00,1471.00,1272.00,54%,2.07,0.26
1/19/22,MyDaily,,,,7706.00,6150.00,1556.00,80%,13.89,1.05
1/19/22,Everyday,,,,318.00,254.00,64.00,80%,2.39,0.04
1/19/22,First News,,,,122415.00,76340.00,46075.00,62%,346.86,13.21
1/19/22,The Feed,,,,97.00,37.00,60.00,38%,0.09,0.01
1/19/22,ShopSavvy,,,,2.00,1.00,1.00,50%,0.00,0.00
1/19/22,VladTV,,,,209687.00,81131.00,128556.00,39%,62.36,5.27
1/19/22,Crocodile,,,,5262.00,1157.00,4105.00,22%,2.95,0.22
1/19/22,QuizJP,,,,1008.00,6.00,1002.00,1%,0.16,0.01
1/19/22,QuizUS,,,,576.00,8.00,568.00,1%,0.07,0.01
1/19/22,PalTalk,,,,1432284.00,1002682.00,429602.00,70%,302.00,24.15
1/19/22,Impala - Headlines,,,,1389717.00,56309.00,1333408.00,4%,494.26,16.24
1/19/22,Steps,,,,299767.00,92143.00,207624.00,31%,60.25,5.67
1/19/22,MyFitnessPal,,,,46577510.00,7018761.00,39558749.00,15%,2023.62,378.09
1/19/22,ShopKick,,,,1517487.00,321863.00,1195624.00,21%,1445.51,72.74
1/19/22,Audiomack,,,,2476081.00,954747.00,1521334.00,39%,3796.51,200.47
1/19/22,Encyclopedia Britannica,,,,8679823.00,328286.00,8351537.00,4%,263.43,18.44
1/19/22,Scrabble Go,,,,10089985.00,1586642.00,8503343.00,16%,1742.78,95.85
1/19/22,Camfrog,,,,1615030.00,1309591.00,305439.00,81%,90.56,8.48
1/19/22,Flickr,,,,14504285.00,61464.00,14442821.00,0%,29.73,103.18
1/19/22,MeetMe,,,,1901787.00,470836.00,1430951.00,25%,763.36,103.64
1/19/22,StockTwits,,,,12421497.00,2545405.00,9876092.00,20%,1358.93,108.71
1/19/22,MyMixTapez,,,,6622527.00,2978.00,6619549.00,0%,12.76,46.97
1/19/22,Ultimate Classic Rock,,,,15714.00,978.00,14736.00,6%,1.31,0.19
1/19/22,Barstool Sports,,,,5761753.00,15299.00,5746454.00,0%,6.17,0.49
1/19/22,SwingU,,,,21516.00,3795.00,17721.00,18%,8.27,0.66
1/19/22,Reuters,,,,1438716.00,83017.00,1355699.00,6%,76.33,6.11
1/19/22,Funny Weather,,,,12781.00,1193.00,11588.00,9%,3.60,0.33
1/19/22,VPN - Super Unlimited Proxy,,,,4949876.00,35437.00,4914439.00,1%,52.39,38.07
1/19/22,NJ 101.5,,,,831141.00,20683.00,810458.00,2%,28.56,7.67
1/19/22,WGRD,,,,246260.00,8171.00,238089.00,3%,12.19,2.52
1/19/22,NewsTalk,,,,477393.00,13923.00,463470.00,3%,10.16,3.96
1/19/22,WBLM,,,,68253.00,2575.00,65678.00,4%,2.12,0.61
1/19/22,WJON,,,,59827.00,3746.00,56081.00,6%,4.87,0.73
1/19/22,Tide,,,,74380.00,4966.00,69414.00,7%,3.80,0.75
1/19/22,KFR,,,,5217.00,554.00,4663.00,11%,0.63,0.08
1/19/22,WBCK,,,,40870.00,5055.00,35815.00,12%,4.16,0.54
1/19/22,Cat Country,,,,72229.00,1700.00,70529.00,2%,1.89,0.63
1/19/22,Mix 95.7FM,,,,32618.00,3236.00,29382.00,10%,2.71,0.40
1/19/22,Memedroid,,,,195779.00,12188.00,183591.00,6%,2.27,0.18
1/19/22,Loudwire,,,,25381.00,3723.00,21658.00,15%,3.25,0.38
1/19/22,XXL Mag,,,,15309.00,1875.00,13434.00,12%,1.70,0.21
1/19/22,ScoreStream,,,,2093.00,47.00,2046.00,2%,0.07,0.01
1/19/22,FreeUnblock VPN,,,,1371.00,83.00,1288.00,6%,0.01,0.00
1/19/22,HAR Texas,,,,710031.00,108036.00,601995.00,15%,87.88,7.03
1/19/22,Psiphon Pro,,,,12558161.00,865876.00,11692285.00,7%,115.00,9.20
1/19/22,Bracelet Book,,,,42172.00,1319.00,40853.00,3%,0.53,0.04
1/19/22,Tumblr,,,,87062833.00,14410890.00,72651943.00,17%,7175.53,430.53
1/19/22,Wordfinder by WordTips,,,,477456.00,114876.00,362580.00,24%,172.74,13.82
1/19/22,PricePulse,,,,29222.00,1975.00,27247.00,7%,1.54,0.12
1/19/22,Untappd,,,,146147.00,35194.00,110953.00,24%,38.92,3.11
1/19/22,Dice with Buddies,,,,483553.00,33345.00,450208.00,7%,130.54,7.18
1/19/22,Astrology Daily,,,,368.00,31.00,337.00,8%,0.08,0.01
1/19/22,BisManOnline,,,,342.00,122.00,220.00,36%,0.18,0.01
1/19/22,Tokybook ,,,,17659.00,4524.00,13135.00,26%,4.69,0.38
1/19/22,1point3acres,,,,62.00,32.00,30.00,52%,0.01,0.00
1/19/22,Radio Texas Live,,,,35446.00,1939.00,33507.00,5%,1.12,0.31
1/19/22,KLAQ,,,,157338.00,20087.00,137251.00,13%,11.50,1.77
1/19/22,KICKS 105,,,,16977.00,1382.00,15595.00,8%,0.87,0.17
1/19/22,106.5 WYRK,,,,99760.00,4430.00,95330.00,4%,3.69,0.93
1/19/22,Buffalos 937 WBLK -The Peoples Station,,,,123754.00,7961.00,115793.00,6%,7.10,1.31
1/19/22,K2,,,,22849.00,1115.00,21734.00,5%,1.11,0.23
1/19/22,101.5 WPDH,,,,60841.00,7929.00,52912.00,13%,5.20,0.73
1/19/22,97.3 KKRC,,,,20352.00,1254.00,19098.00,6%,0.79,0.19
1/19/22,The Dawg 973,,,,41737.00,3218.00,38519.00,8%,1.96,0.41
1/19/22,KNUE 1015 East Texas Country Station,,,,11942.00,800.00,11142.00,7%,0.37,0.10
1/19/22,MyLaps,,,,252.00,15.00,237.00,6%,0.00,0.00
1/18/22,Imgur,,,,10610316.00,543200.00,10067116.00,5%,2543.09,121.39
1/18/22,Wattpad,,,,3702830.00,1090840.00,2611990.00,29%,1740.62,236.45
1/18/22,MixerBox,,,,57986.00,19879.00,38107.00,34%,108.51,4.24
1/18/22,Lucktastic,,,,126675.00,36906.00,89769.00,29%,331.46,4.50
1/18/22,MixerBoxLite,,,,1122772.00,91924.00,1030848.00,8%,107.14,25.60
1/18/22,Kidoodle,,,,156380253.00,1035549.00,155344704.00,1%,8540.28,1514.43
1/18/22,MocoSpace,,,,503806.00,373871.00,129935.00,74%,508.84,36.53
1/18/22,Online Plus,,,,2346805.00,665923.00,1680882.00,28%,2445.29,121.61
1/18/22,Qlixar,,,,913512.00,343677.00,569835.00,38%,1430.38,61.27
1/18/22,WeatherBug,,,,74499797.00,3258498.00,71241299.00,4%,4402.49,352.20
1/18/22,Droplist,,,,398996.00,219060.00,179936.00,55%,142.14,15.47
1/18/22,Growlr,,,,4310906.00,2056918.00,2253988.00,48%,526.21,52.61
1/18/22,The Times of India,,,,9323385.00,153327.00,9170058.00,2%,176.02,76.51
1/18/22,LiveMixTapes,,,,742448.00,335869.00,406579.00,45%,260.35,21.07
1/18/22,Instant News,,,,25747.00,19331.00,6416.00,75%,301.15,3.32
1/18/22,Dolphin,,,,2704.00,1337.00,1367.00,49%,1.83,0.23
1/18/22,MyDaily,,,,7317.00,5387.00,1930.00,74%,10.57,0.93
1/18/22,Everyday,,,,279.00,238.00,41.00,85%,1.72,0.04
1/18/22,First News,,,,118165.00,72141.00,46024.00,61%,333.74,12.49
1/18/22,The Feed,,,,203.00,73.00,130.00,36%,0.15,0.01
1/18/22,ShopSavvy,,,,3.00,1.00,2.00,33%,0.00,0.00
1/18/22,VladTV,,,,197838.00,75525.00,122313.00,38%,56.32,4.80
1/18/22,Crocodile,,,,6149.00,1199.00,4950.00,20%,3.30,0.23
1/18/22,QuizJP,,,,1255.00,1.00,1254.00,0%,0.01,0.01
1/18/22,QuizUS,,,,477.00,8.00,469.00,2%,0.05,0.00
1/18/22,PalTalk,,,,1447612.00,1011415.00,436197.00,70%,279.83,22.64
1/18/22,Impala - Headlines,,,,1287033.00,58563.00,1228470.00,5%,508.08,16.10
1/18/22,Steps,,,,296271.00,91804.00,204467.00,31%,57.80,5.48
1/18/22,Timer+,,,,4.00,3.00,1.00,75%,0.00,0.00
1/18/22,MyFitnessPal,,,,51105619.00,7953465.00,43152154.00,16%,2197.89,411.96
1/18/22,ShopKick,,,,1409171.00,260968.00,1148203.00,19%,1213.24,60.23
1/18/22,Audiomack,,,,2326417.00,967756.00,1358661.00,42%,3681.04,193.56
1/18/22,Encyclopedia Britannica,,,,8570527.00,326628.00,8243899.00,4%,267.81,18.75
1/18/22,Scrabble Go,,,,10051577.00,1511027.00,8540550.00,15%,2257.30,124.15
1/18/22,Camfrog,,,,1645294.00,1338704.00,306590.00,81%,92.25,8.60
1/18/22,Flickr,,,,15998511.00,65465.00,15933046.00,0%,31.76,113.75
1/18/22,MeetMe,,,,1945430.00,525772.00,1419658.00,27%,835.22,114.50
1/18/22,StockTwits,,,,12163019.00,2522282.00,9640737.00,21%,1339.41,107.15
1/18/22,MyMixTapez,,,,6072795.00,2389.00,6070406.00,0%,12.18,43.10
1/18/22,Ultimate Classic Rock,,,,16120.00,876.00,15244.00,5%,1.08,0.18
1/18/22,Barstool Sports,,,,6491900.00,70972.00,6420928.00,1%,14.89,1.19
1/18/22,SwingU,,,,15267.00,2638.00,12629.00,17%,5.97,0.48
1/18/22,Reuters,,,,1493170.00,65871.00,1427299.00,4%,62.64,5.01
1/18/22,Funny Weather,,,,11176.00,1076.00,10100.00,10%,2.88,0.27
1/18/22,VPN - Super Unlimited Proxy,,,,4794465.00,28878.00,4765587.00,1%,43.98,36.44
1/18/22,NJ 101.5,,,,796131.00,18164.00,777967.00,2%,25.68,7.24
1/18/22,WGRD,,,,241268.00,8125.00,233143.00,3%,11.86,2.46
1/18/22,NewsTalk,,,,473521.00,13905.00,459616.00,3%,8.84,3.84
1/18/22,WBLM,,,,65253.00,2041.00,63212.00,3%,1.62,0.56
1/18/22,WJON,,,,43939.00,2461.00,41478.00,6%,2.24,0.45
1/18/22,Tide,,,,82295.00,5275.00,77020.00,6%,3.94,0.81
1/18/22,KFR,,,,6319.00,532.00,5787.00,8%,0.71,0.09
1/18/22,WBCK,,,,38517.00,4172.00,34345.00,11%,3.40,0.48
1/18/22,Cat Country,,,,73691.00,2676.00,71015.00,4%,2.33,0.66
1/18/22,Mix 95.7FM,,,,36046.00,3761.00,32285.00,10%,3.23,0.45
1/18/22,Memedroid,,,,199938.00,11828.00,188110.00,6%,2.21,0.18
1/18/22,Loudwire,,,,28528.00,4899.00,23629.00,17%,4.22,0.46
1/18/22,XXL Mag,,,,15330.00,1895.00,13435.00,12%,1.94,0.23
1/18/22,ScoreStream,,,,1304.00,54.00,1250.00,4%,0.09,0.01
1/18/22,FreeUnblock VPN,,,,1498.00,86.00,1412.00,6%,0.01,0.00
1/18/22,HAR Texas,,,,697029.00,110915.00,586114.00,16%,90.97,7.28
1/18/22,Psiphon Pro,,,,12455177.00,993180.00,11461997.00,8%,113.02,9.04
1/18/22,Bracelet Book,,,,40477.00,1270.00,39207.00,3%,0.55,0.04
1/18/22,Tumblr,,,,87213356.00,15100822.00,72112534.00,17%,6908.77,414.53
1/18/22,Wordfinder by WordTips,,,,503756.00,115598.00,388158.00,23%,167.70,13.42
1/18/22,PricePulse,,,,27359.00,1545.00,25814.00,6%,1.32,0.11
1/18/22,Untappd,,,,134008.00,31864.00,102144.00,24%,32.79,2.62
1/18/22,Dice with Buddies,,,,416284.00,38988.00,377296.00,9%,186.59,10.26
1/18/22,Astrology Daily,,,,584.00,43.00,541.00,7%,0.06,0.00
1/18/22,Meetup,,,,89619.00,9356.00,80263.00,10%,18.48,1.48
1/18/22,BisManOnline,,,,406.00,106.00,300.00,26%,0.14,0.01
1/18/22,Tokybook ,,,,16838.00,4759.00,12079.00,28%,4.69,0.38
1/18/22,1point3acres,,,,10.00,4.00,6.00,40%,0.00,0.00
1/18/22,Radio Texas Live,,,,33541.00,1862.00,31679.00,6%,0.75,0.27
1/18/22,KLAQ,,,,153972.00,16477.00,137495.00,11%,10.92,1.73
1/18/22,KICKS 105,,,,15494.00,1186.00,14308.00,8%,0.67,0.15
1/18/22,106.5 WYRK,,,,103638.00,4446.00,99192.00,4%,3.59,0.95
1/18/22,Buffalos 937 WBLK -The Peoples Station,,,,104408.00,8092.00,96316.00,8%,6.78,1.15
1/18/22,K2,,,,21094.00,1022.00,20072.00,5%,1.02,0.21
1/18/22,101.5 WPDH,,,,60028.00,6931.00,53097.00,12%,4.15,0.66
1/18/22,97.3 KKRC,,,,19250.00,1795.00,17455.00,9%,1.14,0.20
1/18/22,The Dawg 973,,,,40187.00,2757.00,37430.00,7%,1.33,0.36
1/18/22,KNUE 1015 East Texas Country Station,,,,9897.00,757.00,9140.00,8%,0.29,0.08
1/18/22,MyLaps,,,,69.00,5.00,64.00,7%,0.00,0.00
1/17/22,Imgur,,,,11211008.00,545023.00,10665985.00,5%,2568.69,125.70
1/17/22,Wattpad,,,,4137321.00,1116479.00,3020842.00,27%,1700.15,244.44
1/17/22,MixerBox,,,,55881.00,18362.00,37519.00,33%,100.84,3.94
1/17/22,Lucktastic,,,,141021.00,40349.00,100672.00,29%,339.90,4.94
1/17/22,MixerBoxLite,,,,1168603.00,86444.00,1082159.00,7%,92.93,24.86
1/17/22,Kidoodle,,,,160211674.00,984843.00,159226831.00,1%,7926.00,1510.89
1/17/22,MocoSpace,,,,527923.00,383499.00,144424.00,73%,507.84,36.56
1/17/22,Online Plus,,,,2231615.00,501161.00,1730454.00,22%,1978.14,93.85
1/17/22,Qlixar,,,,858782.00,275755.00,583027.00,32%,1143.03,49.79
1/17/22,WeatherBug,,,,111982852.00,4194102.00,107788750.00,4%,6116.68,489.33
1/17/22,Droplist,,,,439205.00,225682.00,213523.00,51%,152.63,16.76
1/17/22,Growlr,,,,4550551.00,2199241.00,2351310.00,48%,540.07,54.26
1/17/22,The Times of India,,,,12368625.00,217166.00,12151459.00,2%,209.87,99.75
1/17/22,LiveMixTapes,,,,738392.00,304685.00,433707.00,41%,238.77,19.75
1/17/22,Instant News,,,,23018.00,19248.00,3770.00,84%,278.82,3.29
1/17/22,Dolphin,,,,3142.00,1597.00,1545.00,51%,2.05,0.28
1/17/22,MyDaily,,,,6976.00,4947.00,2029.00,71%,9.53,0.85
1/17/22,Everyday,,,,296.00,255.00,41.00,86%,2.23,0.04
1/17/22,First News,,,,115148.00,68687.00,46461.00,60%,337.99,11.91
1/17/22,The Feed,,,,142.00,84.00,58.00,59%,0.23,0.01
1/17/22,VladTV,,,,151914.00,58233.00,93681.00,38%,44.49,3.77
1/17/22,Crocodile,,,,7349.00,1033.00,6316.00,14%,2.69,0.21
1/17/22,QuizJP,,,,1120.00,1.00,1119.00,0%,0.01,0.01
1/17/22,QuizUS,,,,732.00,27.00,705.00,4%,0.30,0.01
1/17/22,PalTalk,,,,1366966.00,960886.00,406080.00,70%,276.40,22.19
1/17/22,Impala - Headlines,,,,1155864.00,48427.00,1107437.00,4%,418.60,13.77
1/17/22,Steps,,,,291943.00,80027.00,211916.00,27%,48.74,4.90
1/17/22,Timer+,,,,1.00,0.00,1.00,0%,0.00,0.00
1/17/22,MyFitnessPal,,,,51011288.00,7648887.00,43362401.00,15%,2141.84,410.63
1/17/22,ShopKick,,,,1415639.00,209279.00,1206360.00,15%,935.70,50.30
1/17/22,Audiomack,,,,2311684.00,848418.00,1463266.00,37%,2865.64,153.52
1/17/22,Encyclopedia Britannica,,,,8291256.00,268573.00,8022683.00,3%,215.81,15.11
1/17/22,Scrabble Go,,,,10550362.00,1461252.00,9089110.00,14%,2623.35,144.28
1/17/22,Camfrog,,,,1568013.00,1285687.00,282326.00,82%,87.10,8.07
1/17/22,Flickr,,,,19473365.00,66563.00,19406802.00,0%,31.98,138.09
1/17/22,MeetMe,,,,1973316.00,533068.00,1440248.00,27%,822.86,116.07
1/17/22,StockTwits,,,,4705743.00,1039732.00,3666011.00,22%,553.67,44.29
1/17/22,MyMixTapez,,,,5713381.00,2663.00,5710718.00,0%,13.10,40.63
1/17/22,Ultimate Classic Rock,,,,16644.00,570.00,16074.00,3%,0.75,0.17
1/17/22,Barstool Sports,,,,3827791.00,75062.00,3752729.00,2%,14.48,1.16
1/17/22,SwingU,,,,18724.00,3572.00,15152.00,19%,7.02,0.56
1/17/22,Reuters,,,,1635818.00,64930.00,1570888.00,4%,58.65,4.69
1/17/22,Funny Weather,,,,13022.00,1300.00,11722.00,10%,3.38,0.32
1/17/22,VPN - Super Unlimited Proxy,,,,4534421.00,21591.00,4512830.00,0%,33.54,33.94
1/17/22,NJ 101.5,,,,587814.00,15570.00,572244.00,3%,22.83,5.60
1/17/22,WGRD,,,,206199.00,6745.00,199454.00,3%,9.68,2.07
1/17/22,NewsTalk,,,,394663.00,11945.00,382718.00,3%,8.31,3.26
1/17/22,WBLM,,,,49753.00,1082.00,48671.00,2%,1.10,0.42
1/17/22,WJON,,,,46789.00,1669.00,45120.00,4%,2.04,0.46
1/17/22,Tide,,,,93316.00,5167.00,88149.00,6%,3.93,0.89
1/17/22,KFR,,,,6196.00,483.00,5713.00,8%,0.65,0.09
1/17/22,WBCK,,,,37074.00,3596.00,33478.00,10%,2.91,0.44
1/17/22,Cat Country,,,,59097.00,1239.00,57858.00,2%,1.30,0.50
1/17/22,Mix 95.7FM,,,,30679.00,3036.00,27643.00,10%,2.51,0.37
1/17/22,Memedroid,,,,201321.00,10787.00,190534.00,5%,1.79,0.14
1/17/22,Loudwire,,,,20025.00,3515.00,16510.00,18%,3.04,0.33
1/17/22,XXL Mag,,,,14723.00,1810.00,12913.00,12%,1.95,0.23
1/17/22,ScoreStream,,,,1178.00,30.00,1148.00,3%,0.04,0.00
1/17/22,FreeUnblock VPN,,,,1369.00,81.00,1288.00,6%,0.02,0.00
1/17/22,HAR Texas,,,,739095.00,120388.00,618707.00,16%,100.47,8.04
1/17/22,Psiphon Pro,,,,12752664.00,726754.00,12025910.00,6%,99.18,7.93
1/17/22,Bracelet Book,,,,50442.00,1104.00,49338.00,2%,0.50,0.04
1/17/22,Tumblr,,,,88000693.00,14133201.00,73867492.00,16%,6362.62,381.76
1/17/22,Wordfinder by WordTips,,,,524422.00,121254.00,403168.00,23%,185.16,14.81
1/17/22,PricePulse,,,,30781.00,1552.00,29229.00,5%,1.34,0.11
1/17/22,Untappd,,,,158207.00,43711.00,114496.00,28%,46.05,3.68
1/17/22,Dice with Buddies,,,,407124.00,47513.00,359611.00,12%,238.03,13.09
1/17/22,Astrology Daily,,,,758.00,64.00,694.00,8%,0.21,0.02
1/17/22,Meetup,,,,118824.00,10808.00,108016.00,9%,22.61,1.81
1/17/22,BisManOnline,,,,482.00,64.00,418.00,13%,0.07,0.01
1/17/22,Tokybook ,,,,12986.00,2285.00,10701.00,18%,2.08,0.17
1/17/22,Radio Texas Live,,,,33964.00,1833.00,32131.00,5%,0.78,0.28
1/17/22,KLAQ,,,,100543.00,12685.00,87858.00,13%,8.19,1.19
1/17/22,KICKS 105,,,,11215.00,843.00,10372.00,8%,0.54,0.11
1/17/22,106.5 WYRK,,,,63534.00,3106.00,60428.00,5%,2.71,0.61
1/17/22,Buffalos 937 WBLK -The Peoples Station,,,,75546.00,4205.00,71341.00,6%,3.73,0.76
1/17/22,K2,,,,19683.00,458.00,19225.00,2%,0.36,0.16
1/17/22,101.5 WPDH,,,,49274.00,6224.00,43050.00,13%,3.90,0.57
1/17/22,97.3 KKRC,,,,18324.00,831.00,17493.00,5%,0.85,0.18
1/17/22,The Dawg 973,,,,38620.00,2691.00,35929.00,7%,1.21,0.34
1/17/22,KNUE 1015 East Texas Country Station,,,,8153.00,640.00,7513.00,8%,0.34,0.08
1/17/22,MyLaps,,,,22.00,3.00,19.00,14%,0.00,0.00
1/16/22,Imgur,,,,11467754.00,484672.00,10983082.00,4%,2311.94,121.77
1/16/22,Wattpad,,,,3751577.00,991608.00,2759969.00,26%,1456.37,217.64
1/16/22,MixerBox,,,,56376.00,18482.00,37894.00,33%,99.96,3.96
1/16/22,Lucktastic,,,,157892.00,40322.00,117570.00,26%,326.67,5.09
1/16/22,MixerBoxLite,,,,1253246.00,104158.00,1149088.00,8%,108.63,28.88
1/16/22,Kidoodle,,,,156766862.00,1038948.00,155727914.00,1%,8262.16,1503.20
1/16/22,MocoSpace,,,,512581.00,378642.00,133939.00,74%,507.03,36.43
1/16/22,Online Plus,,,,2083098.00,460984.00,1622114.00,22%,1872.37,86.48
1/16/22,Qlixar,,,,807768.00,241041.00,566727.00,30%,1015.76,43.81
1/16/22,WeatherBug,,,,176711006.00,7129807.00,169581199.00,4%,10049.94,804.00
1/16/22,Droplist,,,,445819.00,224751.00,221068.00,50%,147.31,16.28
1/16/22,Growlr,,,,4721720.00,2206328.00,2515392.00,47%,536.96,55.19
1/16/22,The Times of India,,,,11200154.00,252673.00,10947481.00,2%,221.34,92.13
1/16/22,LiveMixTapes,,,,711774.00,287301.00,424473.00,40%,219.32,18.32
1/16/22,Instant News,,,,22101.00,19567.00,2534.00,89%,269.96,3.34
1/16/22,Dolphin,,,,3898.00,1610.00,2288.00,41%,2.14,0.29
1/16/22,MyDaily,,,,7727.00,5336.00,2391.00,69%,10.81,0.92
1/16/22,Everyday,,,,378.00,298.00,80.00,79%,1.73,0.05
1/16/22,First News,,,,113363.00,59177.00,54186.00,52%,216.63,10.33
1/16/22,The Feed,,,,261.00,67.00,194.00,26%,0.18,0.01
1/16/22,ShopSavvy,,,,15.00,8.00,7.00,53%,0.01,0.00
1/16/22,VladTV,,,,159077.00,57328.00,101749.00,36%,43.03,3.72
1/16/22,Crocodile,,,,14255.00,1322.00,12933.00,9%,3.67,0.29
1/16/22,QuizJP,,,,2124.00,0.00,2124.00,0%,0.00,0.01
1/16/22,QuizUS,,,,524.00,1.00,523.00,0%,0.01,0.00
1/16/22,PalTalk,,,,1451380.00,1003073.00,448307.00,69%,287.09,23.23
1/16/22,Impala - Headlines,,,,1080323.00,52998.00,1027325.00,5%,447.54,14.15
1/16/22,Steps,,,,279441.00,74561.00,204880.00,27%,44.37,4.54
1/16/22,MyFitnessPal,,,,39515278.00,5861280.00,33653998.00,15%,1737.23,322.44
1/16/22,ShopKick,,,,1450586.00,223492.00,1227094.00,15%,1012.61,53.29
1/16/22,Audiomack,,,,2310158.00,857326.00,1452832.00,37%,3035.66,161.95
1/16/22,Encyclopedia Britannica,,,,7750483.00,278643.00,7471840.00,4%,221.49,15.50
1/16/22,Scrabble Go,,,,10960134.00,1637375.00,9322759.00,15%,2678.58,147.32
1/16/22,Camfrog,,,,1493043.00,1199591.00,293452.00,80%,85.73,8.06
1/16/22,Flickr,,,,20041555.00,66500.00,19975055.00,0%,31.03,142.00
1/16/22,MeetMe,,,,1909649.00,532300.00,1377349.00,28%,841.36,115.44
1/16/22,StockTwits,,,,3529286.00,798190.00,2731096.00,23%,433.04,34.64
1/16/22,MyMixTapez,,,,5497938.00,2825.00,5495113.00,0%,14.60,39.20
1/16/22,Ultimate Classic Rock,,,,17047.00,403.00,16644.00,2%,0.42,0.15
1/16/22,Barstool Sports,,,,3220033.00,45745.00,3174288.00,1%,9.44,0.76
1/16/22,SwingU,,,,25952.00,3381.00,22571.00,13%,6.83,0.55
1/16/22,Reuters,,,,1683977.00,68157.00,1615820.00,4%,61.72,4.94
1/16/22,Funny Weather,,,,13883.00,1541.00,12342.00,11%,4.46,0.40
1/16/22,VPN - Super Unlimited Proxy,,,,4986450.00,23527.00,4962923.00,0%,36.51,37.30
1/16/22,NJ 101.5,,,,209618.00,8024.00,201594.00,4%,12.75,2.30
1/16/22,WGRD,,,,7671.00,407.00,7264.00,5%,0.58,0.09
1/16/22,NewsTalk,,,,71239.00,1506.00,69733.00,2%,1.10,0.57
1/16/22,WBLM,,,,23582.00,667.00,22915.00,3%,0.49,0.19
1/16/22,WJON,,,,26650.00,1202.00,25448.00,5%,1.32,0.27
1/16/22,Tide,,,,22783.00,3345.00,19438.00,15%,2.75,0.33
1/16/22,KFR,,,,4054.00,331.00,3723.00,8%,0.38,0.05
1/16/22,WBCK,,,,9513.00,1191.00,8322.00,13%,0.98,0.13
1/16/22,Cat Country,,,,8491.00,136.00,8355.00,2%,0.10,0.07
1/16/22,Mix 95.7FM,,,,9699.00,745.00,8954.00,8%,0.65,0.11
1/16/22,Memedroid,,,,205106.00,12149.00,192957.00,6%,2.11,0.17
1/16/22,Loudwire,,,,17686.00,2192.00,15494.00,12%,2.14,0.26
1/16/22,XXL Mag,,,,12741.00,1301.00,11440.00,10%,1.15,0.16
1/16/22,ScoreStream,,,,1835.00,75.00,1760.00,4%,0.10,0.01
1/16/22,FreeUnblock VPN,,,,1413.00,79.00,1334.00,6%,0.01,0.00
1/16/22,HAR Texas,,,,766923.00,115283.00,651640.00,15%,98.62,7.89
1/16/22,Psiphon Pro,,,,12824475.00,639473.00,12185002.00,5%,115.72,9.26
1/16/22,Bracelet Book,,,,52629.00,1366.00,51263.00,3%,0.62,0.05
1/16/22,Tumblr,,,,88219443.00,14462808.00,73756635.00,16%,6772.57,406.35
1/16/22,Wordfinder by WordTips,,,,546612.00,112393.00,434219.00,21%,184.92,14.79
1/16/22,PricePulse,,,,29887.00,2092.00,27795.00,7%,1.82,0.15
1/16/22,Untappd,,,,227791.00,71883.00,155908.00,32%,77.17,6.17
1/16/22,Dice with Buddies,,,,407983.00,45111.00,362872.00,11%,223.85,12.31
1/16/22,Astrology Daily,,,,654.00,58.00,596.00,9%,0.08,0.01
1/16/22,Meetup,,,,119303.00,11989.00,107314.00,10%,23.80,1.90
1/16/22,BisManOnline,,,,129.00,44.00,85.00,34%,0.05,0.00
1/16/22,Tokybook ,,,,9636.00,1882.00,7754.00,20%,1.96,0.16
1/16/22,Radio Texas Live,,,,34812.00,2062.00,32750.00,6%,0.83,0.29
1/16/22,KLAQ,,,,15121.00,1440.00,13681.00,10%,0.90,0.16
1/16/22,KICKS 105,,,,5283.00,70.00,5213.00,1%,0.07,0.04
1/16/22,106.5 WYRK,,,,35523.00,1694.00,33829.00,5%,1.32,0.33
1/16/22,Buffalos 937 WBLK -The Peoples Station,,,,39640.00,2770.00,36870.00,7%,2.36,0.42
1/16/22,K2,,,,10583.00,167.00,10416.00,2%,0.17,0.08
1/16/22,101.5 WPDH,,,,28229.00,2805.00,25424.00,10%,1.43,0.28
1/16/22,97.3 KKRC,,,,4043.00,557.00,3486.00,14%,2.43,0.19
1/16/22,The Dawg 973,,,,140706.00,9542.00,131164.00,7%,4.68,1.25
1/16/22,KNUE 1015 East Texas Country Station,,,,7455.00,543.00,6912.00,7%,0.14,0.06
1/15/22,Imgur,,,,10997071.00,563184.00,10433887.00,5%,2627.26,126.22
1/15/22,Wattpad,,,,3285802.00,911479.00,2374323.00,28%,1456.68,198.92
1/15/22,MixerBox,,,,62820.00,20456.00,42364.00,33%,116.60,4.39
1/15/22,Lucktastic,,,,150927.00,41588.00,109339.00,28%,332.98,5.14
1/15/22,MixerBoxLite,,,,1341445.00,112274.00,1229171.00,8%,114.19,31.06
1/15/22,Kidoodle,,,,160649040.00,1017306.00,159631734.00,1%,7923.62,1513.60
1/15/22,MocoSpace,,,,508650.00,377621.00,131029.00,74%,509.60,36.59
1/15/22,Online Plus,,,,2025673.00,510374.00,1515299.00,25%,2002.54,94.34
1/15/22,Qlixar,,,,790910.00,274443.00,516467.00,35%,1223.58,49.24
1/15/22,WeatherBug,,,,127071868.00,5528746.00,121543122.00,4%,7590.49,607.24
1/15/22,Droplist,,,,319160.00,173983.00,145177.00,55%,112.87,12.30
1/15/22,Growlr,,,,4530814.00,2166283.00,2364531.00,48%,556.23,55.49
1/15/22,The Times of India,,,,9720373.00,233171.00,9487202.00,2%,195.85,80.12
1/15/22,LiveMixTapes,,,,839878.00,385097.00,454781.00,46%,302.29,24.34
1/15/22,Instant News,,,,25480.00,20436.00,5044.00,80%,290.25,3.50
1/15/22,Dolphin,,,,4314.00,1570.00,2744.00,36%,1.92,0.28
1/15/22,MyDaily,,,,7929.00,5882.00,2047.00,74%,13.73,1.01
1/15/22,Everyday,,,,352.00,284.00,68.00,81%,2.05,0.05
1/15/22,First News,,,,104176.00,50317.00,53859.00,48%,179.42,8.82
1/15/22,The Feed,,,,213.00,31.00,182.00,15%,0.07,0.01
1/15/22,ShopSavvy,,,,5.00,2.00,3.00,40%,0.00,0.00
1/15/22,VladTV,,,,178209.00,68127.00,110082.00,38%,48.40,4.16
1/15/22,Crocodile,,,,10940.00,1344.00,9596.00,12%,3.59,0.28
1/15/22,QuizJP,,,,685.00,0.00,685.00,0%,0.00,0.00
1/15/22,QuizUS,,,,747.00,14.00,733.00,2%,0.16,0.01
1/15/22,PalTalk,,,,1536077.00,1085888.00,450189.00,71%,308.67,24.76
1/15/22,Impala - Headlines,,,,1123192.00,67255.00,1055937.00,6%,561.74,16.71
1/15/22,Steps,,,,279920.00,75871.00,204049.00,27%,47.78,4.77
1/15/22,MyFitnessPal,,,,36058084.00,5647406.00,30410678.00,16%,1714.49,298.60
1/15/22,ShopKick,,,,1490342.00,235696.00,1254646.00,16%,1060.68,55.92
1/15/22,Audiomack,,,,2440652.00,919688.00,1520964.00,38%,3367.78,179.04
1/15/22,Encyclopedia Britannica,,,,7484417.00,310176.00,7174241.00,4%,246.23,17.24
1/15/22,Scrabble Go,,,,9991983.00,1571979.00,8420004.00,16%,2639.10,145.15
1/15/22,Camfrog,,,,1642669.00,1334447.00,308222.00,81%,93.99,8.74
1/15/22,Flickr,,,,14056951.00,64644.00,13992307.00,0%,29.63,100.02
1/15/22,MeetMe,,,,1806104.00,511759.00,1294345.00,28%,837.75,110.75
1/15/22,StockTwits,,,,4181277.00,1015995.00,3165282.00,24%,562.59,45.01
1/15/22,MyMixTapez,,,,6680929.00,3964.00,6676965.00,0%,20.64,47.77
1/15/22,Ultimate Classic Rock,,,,23037.00,786.00,22251.00,3%,0.96,0.22
1/15/22,Barstool Sports,,,,5231995.00,52336.00,5179659.00,1%,11.20,0.90
1/15/22,SwingU,,,,26821.00,3519.00,23302.00,13%,7.43,0.59
1/15/22,Reuters,,,,1431701.00,69783.00,1361918.00,5%,62.87,5.03
1/15/22,Funny Weather,,,,13810.00,1407.00,12403.00,10%,4.19,0.38
1/15/22,VPN - Super Unlimited Proxy,,,,5030782.00,20807.00,5009975.00,0%,31.41,37.27
1/15/22,NJ 101.5,,,,273302.00,8949.00,264353.00,3%,14.04,2.83
1/15/22,WGRD,,,,27865.00,961.00,26904.00,3%,1.50,0.29
1/15/22,NewsTalk,,,,98752.00,2499.00,96253.00,3%,2.23,0.83
1/15/22,WBLM,,,,30334.00,824.00,29510.00,3%,0.64,0.25
1/15/22,WJON,,,,32434.00,1211.00,31223.00,4%,1.40,0.32
1/15/22,Tide,,,,17207.00,1406.00,15801.00,8%,1.31,0.20
1/15/22,KFR,,,,2413.00,302.00,2111.00,13%,0.40,0.04
1/15/22,WBCK,,,,16082.00,1862.00,14220.00,12%,1.61,0.21
1/15/22,Cat Country,,,,16802.00,362.00,16440.00,2%,0.30,0.14
1/15/22,Mix 95.7FM,,,,8559.00,441.00,8118.00,5%,0.38,0.08
1/15/22,Memedroid,,,,198295.00,11945.00,186350.00,6%,1.97,0.16
1/15/22,Loudwire,,,,21844.00,2791.00,19053.00,13%,2.92,0.34
1/15/22,XXL Mag,,,,14557.00,1709.00,12848.00,12%,1.84,0.22
1/15/22,ScoreStream,,,,4236.00,127.00,4109.00,3%,0.20,0.02
1/15/22,FreeUnblock VPN,,,,1543.00,101.00,1442.00,7%,0.01,0.00
1/15/22,HAR Texas,,,,796315.00,132186.00,664129.00,17%,118.29,9.46
1/15/22,Psiphon Pro,,,,12731923.00,624190.00,12107733.00,5%,96.91,7.75
1/15/22,Bracelet Book,,,,44750.00,1148.00,43602.00,3%,0.34,0.03
1/15/22,Tumblr,,,,84962725.00,14590666.00,70372059.00,17%,7279.33,436.76
1/15/22,Wordfinder by WordTips,,,,491291.00,104979.00,386312.00,21%,184.33,14.75
1/15/22,PricePulse,,,,27402.00,1915.00,25487.00,7%,1.58,0.13
1/15/22,Untappd,,,,252024.00,79102.00,172922.00,31%,91.77,7.34
1/15/22,Dice with Buddies,,,,396256.00,43052.00,353204.00,11%,205.01,11.28
1/15/22,Dice with Ellen,,,,3.00,0.00,3.00,0%,0.00,0.00
1/15/22,Astrology Daily,,,,669.00,51.00,618.00,8%,0.10,0.01
1/15/22,Meetup,,,,225185.00,24239.00,200946.00,11%,36.89,2.95
1/15/22,BisManOnline,,,,114.00,25.00,89.00,22%,0.02,0.00
1/15/22,Tokybook ,,,,7085.00,1444.00,5641.00,20%,1.36,0.11
1/15/22,1point3acres,,,,5.00,1.00,4.00,20%,0.00,0.00
1/15/22,Radio Texas Live,,,,37673.00,1927.00,35746.00,5%,0.91,0.31
1/15/22,KLAQ,,,,22413.00,2874.00,19539.00,13%,2.16,0.29
1/15/22,KICKS 105,,,,8946.00,134.00,8812.00,2%,0.06,0.07
1/15/22,106.5 WYRK,,,,58185.00,1375.00,56810.00,2%,0.82,0.46
1/15/22,Buffalos 937 WBLK -The Peoples Station,,,,63120.00,3409.00,59711.00,5%,3.36,0.65
1/15/22,K2,,,,17505.00,409.00,17096.00,2%,0.41,0.15
1/15/22,101.5 WPDH,,,,28810.00,3649.00,25161.00,13%,1.70,0.30
1/15/22,97.3 KKRC,,,,7257.00,707.00,6550.00,10%,0.52,0.08
1/15/22,The Dawg 973,,,,36755.00,3375.00,33380.00,9%,1.77,0.36
1/15/22,KNUE 1015 East Texas Country Station,,,,7031.00,276.00,6755.00,4%,0.11,0.05
1/14/22,Imgur,,,,9227639.00,401829.00,8825810.00,4%,2023.35,99.71
1/14/22,Wattpad,,,,3141821.00,907120.00,2234701.00,29%,1466.20,197.07
1/14/22,MixerBox,,,,64763.00,21614.00,43149.00,33%,125.25,4.62
1/14/22,Lucktastic,,,,100865.00,28444.00,72421.00,28%,279.66,3.50
1/14/22,MixerBoxLite,,,,1235564.00,106827.00,1128737.00,9%,114.77,29.27
1/14/22,Kidoodle,,,,145675576.00,1072687.00,144602889.00,1%,8273.43,1425.89
1/14/22,MocoSpace,,,,487254.00,358218.00,129036.00,74%,514.25,36.90
1/14/22,Online Plus,,,,1972352.00,623221.00,1349131.00,32%,2305.60,112.69
1/14/22,Qlixar,,,,781502.00,345023.00,436479.00,44%,1589.65,60.84
1/14/22,WeatherBug,,,,101352895.00,4895909.00,96456986.00,5%,6643.11,531.45
1/14/22,Droplist,,,,369692.00,220071.00,149621.00,60%,131.37,14.18
1/14/22,Growlr,,,,4399601.00,2094897.00,2304704.00,48%,536.84,53.71
1/14/22,The Times of India,,,,9908518.00,201417.00,9707101.00,2%,184.04,80.83
1/14/22,LiveMixTapes,,,,840172.00,391192.00,448980.00,47%,296.73,23.91
1/14/22,Instant News,,,,23656.00,19359.00,4297.00,82%,283.55,3.31
1/14/22,Dolphin,,,,3226.00,1612.00,1614.00,50%,2.39,0.28
1/14/22,MyDaily,,,,7408.00,5465.00,1943.00,74%,11.60,0.94
1/14/22,Everyday,,,,297.00,258.00,39.00,87%,1.70,0.04
1/14/22,First News,,,,97569.00,59022.00,38547.00,60%,128.81,10.23
1/14/22,The Feed,,,,283.00,69.00,214.00,24%,0.14,0.01
1/14/22,ShopSavvy,,,,3.00,2.00,1.00,67%,0.00,0.00
1/14/22,VladTV,,,,173071.00,68315.00,104756.00,39%,49.51,4.20
1/14/22,Crocodile,,,,8679.00,1365.00,7314.00,16%,3.91,0.27
1/14/22,QuizUS,,,,669.00,13.00,656.00,2%,0.07,0.01
1/14/22,PalTalk,,,,1493001.00,1060311.00,432690.00,71%,284.81,22.97
1/14/22,Impala - Headlines,,,,1106844.00,80085.00,1026759.00,7%,668.29,18.75
1/14/22,Steps,,,,290658.00,85599.00,205059.00,29%,55.26,5.30
1/14/22,MyFitnessPal,,,,40087569.00,6247099.00,33840470.00,16%,1855.76,329.67
1/14/22,ShopKick,,,,1387500.00,220937.00,1166563.00,16%,992.68,52.35
1/14/22,Audiomack,,,,2562463.00,965587.00,1596876.00,38%,3357.98,179.08
1/14/22,Encyclopedia Britannica,,,,8026260.00,417036.00,7609224.00,5%,312.27,21.86
1/14/22,Scrabble Go,,,,9636528.00,525885.00,9110643.00,5%,2171.85,119.45
1/14/22,Camfrog,,,,1439744.00,1144272.00,295472.00,79%,82.02,7.81
1/14/22,Flickr,,,,13962657.00,65594.00,13897063.00,0%,30.92,99.44
1/14/22,MeetMe,,,,1705667.00,559894.00,1145773.00,33%,918.17,119.34
1/14/22,StockTwits,,,,11467869.00,2618883.00,8848986.00,23%,1437.46,115.00
1/14/22,MyMixTapez,,,,7604089.00,3077.00,7601012.00,0%,17.06,54.06
1/14/22,Ultimate Classic Rock,,,,15097.00,957.00,14140.00,6%,1.48,0.20
1/14/22,Barstool Sports,,,,4392045.00,81759.00,4310286.00,2%,16.50,1.32
1/14/22,SwingU,,,,23240.00,3312.00,19928.00,14%,6.50,0.52
1/14/22,Reuters,,,,1568505.00,83093.00,1485412.00,5%,72.89,5.83
1/14/22,Funny Weather,,,,11510.00,963.00,10547.00,8%,2.34,0.24
1/14/22,VPN - Super Unlimited Proxy,,,,4142374.00,18392.00,4123982.00,0%,25.94,30.68
1/14/22,NJ 101.5,,,,707946.00,17912.00,690034.00,3%,25.15,6.59
1/14/22,WGRD,,,,223181.00,5948.00,217233.00,3%,8.36,2.11
1/14/22,NewsTalk,,,,445733.00,14068.00,431665.00,3%,8.96,3.65
1/14/22,WBLM,,,,63972.00,1486.00,62486.00,2%,1.31,0.53
1/14/22,WJON,,,,62333.00,3215.00,59118.00,5%,3.61,0.67
1/14/22,Tide,,,,88476.00,5390.00,83086.00,6%,4.12,0.87
1/14/22,KFR,,,,4831.00,421.00,4410.00,9%,0.58,0.07
1/14/22,WBCK,,,,38279.00,3374.00,34905.00,9%,2.93,0.45
1/14/22,Cat Country,,,,65822.00,1647.00,64175.00,3%,1.27,0.54
1/14/22,Mix 95.7FM,,,,32768.00,2990.00,29778.00,9%,2.46,0.38
1/14/22,Memedroid,,,,195604.00,12326.00,183278.00,6%,2.16,0.17
1/14/22,Loudwire,,,,26346.00,4014.00,22332.00,15%,3.71,0.42
1/14/22,XXL Mag,,,,17928.00,2178.00,15750.00,12%,2.07,0.26
1/14/22,ScoreStream,,,,1889.00,63.00,1826.00,3%,0.07,0.01
1/14/22,FreeUnblock VPN,,,,1364.00,90.00,1274.00,7%,0.01,0.00
1/14/22,HAR Texas,,,,706065.00,120921.00,585144.00,17%,103.96,8.32
1/14/22,Psiphon Pro,,,,13168686.00,927344.00,12241342.00,7%,114.08,9.13
1/14/22,Bracelet Book,,,,37613.00,1230.00,36383.00,3%,0.51,0.04
1/14/22,Tumblr,,,,86628401.00,15401913.00,71226488.00,18%,7846.95,470.82
1/14/22,Wordfinder by WordTips,,,,439872.00,90264.00,349608.00,21%,162.44,13.00
1/14/22,PricePulse,,,,29230.00,2040.00,27190.00,7%,1.82,0.15
1/14/22,Untappd,,,,187882.00,54176.00,133706.00,29%,57.46,4.60
1/14/22,Dice with Buddies,,,,393880.00,42474.00,351406.00,11%,186.70,10.27
1/14/22,Dice with Ellen,,,,5.00,0.00,5.00,0%,0.00,0.00
1/14/22,Astrology Daily,,,,604.00,45.00,559.00,7%,0.10,0.01
1/14/22,Meetup,,,,335861.00,38413.00,297448.00,11%,45.27,3.62
1/14/22,BisManOnline,,,,105.00,23.00,82.00,22%,0.07,0.01
1/14/22,Tokybook ,,,,13895.00,3258.00,10637.00,23%,3.08,0.25
1/14/22,Radio Texas Live,,,,42044.00,2032.00,40012.00,5%,0.98,0.35
1/14/22,KLAQ,,,,136161.00,18562.00,117599.00,14%,10.54,1.56
1/14/22,KICKS 105,,,,14962.00,321.00,14641.00,2%,0.33,0.13
1/14/22,106.5 WYRK,,,,96663.00,3078.00,93585.00,3%,2.54,0.83
1/14/22,Buffalos 937 WBLK -The Peoples Station,,,,122064.00,6971.00,115093.00,6%,6.34,1.25
1/14/22,K2,,,,24597.00,1565.00,23032.00,6%,1.31,0.25
1/14/22,101.5 WPDH,,,,52468.00,5414.00,47054.00,10%,2.85,0.53
1/14/22,97.3 KKRC,,,,16024.00,1310.00,14714.00,8%,0.83,0.16
1/14/22,The Dawg 973,,,,42198.00,2915.00,39283.00,7%,1.60,0.39
1/14/22,KNUE 1015 East Texas Country Station,,,,9226.00,579.00,8647.00,6%,0.27,0.08
1/13/22,Imgur,,,,7494442.00,224091.00,7270351.00,3%,965.06,70.96
1/13/22,Wattpad,,,,3107317.00,954014.00,2153303.00,31%,1475.23,205.88
1/13/22,MixerBox,,,,62261.00,20796.00,41465.00,33%,121.06,4.45
1/13/22,Lucktastic,,,,72368.00,22715.00,49653.00,31%,272.03,2.72
1/13/22,MixerBoxLite,,,,1194708.00,96752.00,1097956.00,8%,105.19,27.04
1/13/22,Kidoodle,,,,140566354.00,992065.00,139574289.00,1%,8317.94,1392.92
1/13/22,MocoSpace,,,,476786.00,237850.00,238936.00,50%,336.36,25.22
1/13/22,Online Plus,,,,1840571.00,685365.00,1155206.00,37%,2411.73,122.29
1/13/22,Qlixar,,,,709195.00,366947.00,342248.00,52%,1719.00,64.09
1/13/22,WeatherBug,,,,71117626.00,3601071.00,67516555.00,5%,4613.29,369.06
1/13/22,Droplist,,,,367412.00,188854.00,178558.00,51%,125.58,13.81
1/13/22,Growlr,,,,4307294.00,2017133.00,2290161.00,47%,515.69,52.13
1/13/22,The Times of India,,,,9665115.00,191172.00,9473943.00,2%,173.65,78.47
1/13/22,LiveMixTapes,,,,826052.00,390933.00,435119.00,47%,321.16,25.53
1/13/22,Instant News,,,,27280.00,19376.00,7904.00,71%,290.57,3.33
1/13/22,Dolphin,,,,3106.00,1709.00,1397.00,55%,2.55,0.30
1/13/22,MyDaily,,,,6899.00,5090.00,1809.00,74%,10.14,0.87
1/13/22,Everyday,,,,280.00,240.00,40.00,86%,1.69,0.04
1/13/22,First News,,,,84739.00,61279.00,23460.00,72%,83.15,10.53
1/13/22,The Feed,,,,500.00,46.00,454.00,9%,0.12,0.01
1/13/22,ShopSavvy,,,,7.00,4.00,3.00,57%,0.00,0.00
1/13/22,VladTV,,,,227560.00,83202.00,144358.00,37%,58.57,5.11
1/13/22,Crocodile,,,,1539.00,1234.00,305.00,80%,3.28,0.21
1/13/22,QuizJP,,,,766.00,0.00,766.00,0%,0.00,0.01
1/13/22,QuizUS,,,,551.00,38.00,513.00,7%,0.39,0.01
1/13/22,PalTalk,,,,1317102.00,871232.00,445870.00,66%,255.30,20.99
1/13/22,Impala - Headlines,,,,981760.00,91838.00,889922.00,9%,766.55,20.06
1/13/22,Steps,,,,289412.00,85796.00,203616.00,30%,51.16,5.01
1/13/22,MyFitnessPal,,,,72063237.00,12648305.00,59414932.00,18%,2864.30,559.12
1/13/22,ShopKick,,,,1364794.00,213510.00,1151284.00,16%,961.12,50.76
1/13/22,Audiomack,,,,2571582.00,941210.00,1630372.00,37%,3317.76,177.30
1/13/22,Encyclopedia Britannica,,,,8444305.00,442492.00,8001813.00,5%,323.91,22.67
1/13/22,Scrabble Go,,,,9775121.00,379395.00,9395726.00,4%,1766.87,97.18
1/13/22,Camfrog,,,,1069566.00,690959.00,378607.00,65%,74.81,7.89
1/13/22,Flickr,,,,14428173.00,64604.00,14363569.00,0%,30.94,102.71
1/13/22,MeetMe,,,,1719520.00,578335.00,1141185.00,34%,1157.74,122.94
1/13/22,StockTwits,,,,11898624.00,2729027.00,9169597.00,23%,1520.32,121.63
1/13/22,MyMixTapez,,,,6523707.00,3352.00,6520355.00,0%,19.15,46.60
1/13/22,Ultimate Classic Rock,,,,18339.00,754.00,17585.00,4%,1.03,0.20
1/13/22,Barstool Sports,,,,5557004.00,55466.00,5501538.00,1%,12.06,0.96
1/13/22,SwingU,,,,17925.00,2665.00,15260.00,15%,5.01,0.40
1/13/22,Reuters,,,,1488806.00,73282.00,1415524.00,5%,62.68,5.01
1/13/22,Funny Weather,,,,11011.00,514.00,10497.00,5%,1.66,0.19
1/13/22,VPN - Super Unlimited Proxy,,,,3613939.00,17612.00,3596327.00,0%,25.06,26.93
1/13/22,NJ 101.5,,,,810847.00,20473.00,790374.00,3%,27.50,7.46
1/13/22,WGRD,,,,243786.00,7106.00,236680.00,3%,9.40,2.31
1/13/22,NewsTalk,,,,488117.00,12332.00,475785.00,3%,8.34,3.91
1/13/22,WBLM,,,,72428.00,2102.00,70326.00,3%,1.92,0.63
1/13/22,WJON,,,,52673.00,1896.00,50777.00,4%,2.18,0.51
1/13/22,Tide,,,,95202.00,6328.00,88874.00,7%,5.48,1.01
1/13/22,KFR,,,,6116.00,654.00,5462.00,11%,0.81,0.09
1/13/22,WBCK,,,,44537.00,4226.00,40311.00,9%,3.39,0.52
1/13/22,Cat Country,,,,68799.00,2230.00,66569.00,3%,1.60,0.58
1/13/22,Mix 95.7FM,,,,35257.00,3623.00,31634.00,10%,3.09,0.44
1/13/22,Memedroid,,,,199816.00,12779.00,187037.00,6%,2.24,0.18
1/13/22,Loudwire,,,,24860.00,3734.00,21126.00,15%,3.44,0.39
1/13/22,XXL Mag,,,,18563.00,2157.00,16406.00,12%,2.40,0.28
1/13/22,ScoreStream,,,,1206.00,62.00,1144.00,5%,0.12,0.01
1/13/22,FreeUnblock VPN,,,,1433.00,90.00,1343.00,6%,0.01,0.00
1/13/22,HAR Texas,,,,703460.00,127255.00,576205.00,18%,109.31,8.74
1/13/22,Psiphon Pro,,,,13236517.00,754704.00,12481813.00,6%,106.50,8.52
1/13/22,Bracelet Book,,,,34482.00,1237.00,33245.00,4%,0.58,0.05
1/13/22,Tumblr,,,,87038094.00,15085775.00,71952319.00,17%,7569.52,454.17
1/13/22,Wordfinder by WordTips,,,,463643.00,95412.00,368231.00,21%,148.57,11.89
1/13/22,PricePulse,,,,27133.00,1403.00,25730.00,5%,1.05,0.08
1/13/22,Untappd,,,,134138.00,38537.00,95601.00,29%,41.28,3.30
1/13/22,Dice with Buddies,,,,372909.00,39878.00,333031.00,11%,171.48,9.43
1/13/22,Dice with Ellen,,,,4.00,0.00,4.00,0%,0.00,0.00
1/13/22,Astrology Daily,,,,612.00,55.00,557.00,9%,0.08,0.01
1/13/22,Meetup,,,,330890.00,41680.00,289210.00,13%,41.46,3.32
1/13/22,BisManOnline,,,,113.00,34.00,79.00,30%,0.04,0.00
1/13/22,Tokybook ,,,,12654.00,2688.00,9966.00,21%,2.89,0.23
1/13/22,Radio Texas Live,,,,40110.00,1761.00,38349.00,4%,0.89,0.33
1/13/22,KLAQ,,,,150337.00,20450.00,129887.00,14%,11.22,1.69
1/13/22,KICKS 105,,,,16609.00,897.00,15712.00,5%,0.81,0.17
1/13/22,106.5 WYRK,,,,105371.00,4057.00,101314.00,4%,3.44,0.95
1/13/22,Buffalos 937 WBLK -The Peoples Station,,,,124662.00,7808.00,116854.00,6%,7.22,1.32
1/13/22,K2,,,,25180.00,1257.00,23923.00,5%,1.04,0.24
1/13/22,101.5 WPDH,,,,59236.00,6999.00,52237.00,12%,4.59,0.69
1/13/22,97.3 KKRC,,,,19785.00,1459.00,18326.00,7%,0.80,0.18
1/13/22,The Dawg 973,,,,37477.00,2676.00,34801.00,7%,1.47,0.35
1/13/22,KNUE 1015 East Texas Country Station,,,,8549.00,441.00,8108.00,5%,0.16,0.07
1/12/22,Imgur,,,,7605227.00,419823.00,7185404.00,6%,1607.57,89.26
1/12/22,Wattpad,,,,3175558.00,981573.00,2193985.00,31%,1612.68,211.67
1/12/22,MixerBox,,,,61756.00,21815.00,39941.00,35%,120.56,4.64
1/12/22,Lucktastic,,,,124761.00,32833.00,91928.00,26%,294.10,4.11
1/12/22,MixerBoxLite,,,,1152565.00,94664.00,1057901.00,8%,101.89,26.34
1/12/22,Kidoodle,,,,124611932.00,815832.00,123796100.00,1%,6969.56,1215.05
1/12/22,MocoSpace,,,,467200.00,208302.00,258898.00,45%,272.01,20.85
1/12/22,Online Plus,,,,1603852.00,463132.00,1140720.00,29%,2080.29,84.44
1/12/22,Qlixar,,,,575096.00,254406.00,320690.00,44%,1387.09,44.85
1/12/22,WeatherBug,,,,63686134.00,3016123.00,60670011.00,5%,3876.09,310.09
1/12/22,Droplist,,,,419342.00,210455.00,208887.00,50%,133.40,14.80
1/12/22,Growlr,,,,4194481.00,2003546.00,2190935.00,48%,513.28,51.27
1/12/22,The Times of India,,,,9881998.00,198851.00,9683147.00,2%,175.13,80.04
1/12/22,LiveMixTapes,,,,791156.00,389573.00,401583.00,49%,319.65,25.19
1/12/22,Instant News,,,,26522.00,18794.00,7728.00,71%,277.66,3.23
1/12/22,Dolphin,,,,3385.00,1879.00,1506.00,56%,2.30,0.33
1/12/22,MyDaily,,,,8827.00,5292.00,3535.00,60%,10.07,0.92
1/12/22,Everyday,,,,248.00,218.00,30.00,88%,1.85,0.04
1/12/22,First News,,,,21121.00,17060.00,4061.00,81%,31.87,2.92
1/12/22,The Feed,,,,115.00,31.00,84.00,27%,0.08,0.01
1/12/22,VladTV,,,,244887.00,88743.00,156144.00,36%,63.86,5.56
1/12/22,Crocodile,,,,7389.00,1275.00,6114.00,17%,3.48,0.25
1/12/22,QuizJP,,,,1152.00,1.00,1151.00,0%,0.01,0.01
1/12/22,QuizUS,,,,617.00,33.00,584.00,5%,0.29,0.01
1/12/22,PalTalk,,,,1262631.00,835549.00,427082.00,66%,251.63,20.60
1/12/22,Impala - Headlines,,,,848674.00,86923.00,761751.00,10%,797.78,18.59
1/12/22,Steps,,,,287904.00,85036.00,202868.00,30%,50.20,4.93
1/12/22,Timer+,,,,1.00,1.00,0.00,100%,0.00,0.00
1/12/22,MyFitnessPal,,,,153435509.00,47111421.00,106324088.00,31%,11376.57,1313.10
1/12/22,ShopKick,,,,1324693.00,215842.00,1108851.00,16%,934.71,50.93
1/12/22,Audiomack,,,,2465893.00,912079.00,1553814.00,37%,2965.68,159.16
1/12/22,Encyclopedia Britannica,,,,8524017.00,464392.00,8059625.00,5%,323.36,22.64
1/12/22,Scrabble Go,,,,9772636.00,272772.00,9499864.00,3%,1344.79,73.96
1/12/22,Camfrog,,,,1034121.00,673676.00,360445.00,65%,81.50,8.23
1/12/22,Flickr,,,,19120851.00,67543.00,19053308.00,0%,31.49,135.58
1/12/22,MeetMe,,,,1807325.00,553148.00,1254177.00,31%,1039.28,118.75
1/12/22,StockTwits,,,,11393486.00,2595639.00,8797847.00,23%,1455.41,116.43
1/12/22,MyMixTapez,,,,6410847.00,2965.00,6407882.00,0%,17.60,45.74
1/12/22,Ultimate Classic Rock,,,,18014.00,880.00,17134.00,5%,1.15,0.20
1/12/22,Barstool Sports,,,,5364448.00,64954.00,5299494.00,1%,13.74,1.10
1/12/22,SwingU,,,,17242.00,1853.00,15389.00,11%,3.39,0.27
1/12/22,Reuters,,,,1462202.00,65904.00,1396298.00,5%,56.84,4.55
1/12/22,Funny Weather,,,,12953.00,694.00,12259.00,5%,2.49,0.26
1/12/22,VPN - Super Unlimited Proxy,,,,3529506.00,14138.00,3515368.00,0%,20.86,26.07
1/12/22,NJ 101.5,,,,793496.00,20019.00,773477.00,3%,25.22,7.18
1/12/22,WGRD,,,,229520.00,5690.00,223830.00,2%,7.32,2.08
1/12/22,NewsTalk,,,,452980.00,11828.00,441152.00,3%,8.47,3.68
1/12/22,WBLM,,,,65808.00,1939.00,63869.00,3%,1.75,0.57
1/12/22,WJON,,,,53778.00,1594.00,52184.00,3%,2.10,0.51
1/12/22,Tide,,,,114331.00,6477.00,107854.00,6%,4.47,1.07
1/12/22,KFR,,,,5553.00,398.00,5155.00,7%,0.45,0.07
1/12/22,WBCK,,,,40628.00,4564.00,36064.00,11%,3.60,0.50
1/12/22,Cat Country,,,,66133.00,2502.00,63631.00,4%,1.79,0.57
1/12/22,Mix 95.7FM,,,,36351.00,3725.00,32626.00,10%,3.09,0.44
1/12/22,Memedroid,,,,205125.00,12360.00,192765.00,6%,1.99,0.16
1/12/22,Loudwire,,,,22377.00,2067.00,20310.00,9%,2.13,0.29
1/12/22,XXL Mag,,,,17868.00,2107.00,15761.00,12%,2.02,0.25
1/12/22,ScoreStream,,,,2399.00,64.00,2335.00,3%,0.10,0.01
1/12/22,FreeUnblock VPN,,,,1546.00,77.00,1469.00,5%,0.01,0.00
1/12/22,HAR Texas,,,,707220.00,169831.00,537389.00,24%,109.47,8.76
1/12/22,Psiphon Pro,,,,13456214.00,728447.00,12727767.00,5%,84.30,6.74
1/12/22,Bracelet Book,,,,34653.00,1280.00,33373.00,4%,0.46,0.04
1/12/22,Tumblr,,,,87207700.00,15999473.00,71208227.00,18%,8241.79,494.51
1/12/22,Wordfinder by WordTips,,,,459836.00,87721.00,372115.00,19%,151.39,12.11
1/12/22,PricePulse,,,,26024.00,994.00,25030.00,4%,0.68,0.05
1/12/22,Untappd,,,,127119.00,33236.00,93883.00,26%,32.03,2.56
1/12/22,Dice with Buddies,,,,384968.00,41943.00,343025.00,11%,174.38,9.59
1/12/22,Dice with Ellen,,,,2.00,0.00,2.00,0%,0.00,0.00
1/12/22,Astrology Daily,,,,830.00,94.00,736.00,11%,0.21,0.02
1/12/22,Meetup,,,,322081.00,34130.00,287951.00,11%,30.04,2.40
1/12/22,BisManOnline,,,,135.00,30.00,105.00,22%,0.03,0.00
1/12/22,Tokybook ,,,,12186.00,2309.00,9877.00,19%,1.90,0.15
1/12/22,Radio Texas Live,,,,39622.00,2448.00,37174.00,6%,0.98,0.33
1/12/22,KLAQ,,,,151908.00,15390.00,136518.00,10%,9.71,1.64
1/12/22,KICKS 105,,,,14485.00,1082.00,13403.00,7%,0.60,0.14
1/12/22,106.5 WYRK,,,,106144.00,3498.00,102646.00,3%,2.97,0.93
1/12/22,Buffalos 937 WBLK -The Peoples Station,,,,124944.00,8748.00,116196.00,7%,6.66,1.28
1/12/22,K2,,,,22670.00,1076.00,21594.00,5%,0.86,0.21
1/12/22,101.5 WPDH,,,,53721.00,5614.00,48107.00,10%,3.14,0.56
1/12/22,97.3 KKRC,,,,21527.00,2214.00,19313.00,10%,1.70,0.25
1/12/22,The Dawg 973,,,,38166.00,2423.00,35743.00,6%,1.36,0.35
1/12/22,KNUE 1015 East Texas Country Station,,,,11246.00,602.00,10644.00,5%,0.26,0.09
1/11/22,Imgur,,,,6567720.00,189374.00,6378346.00,3%,664.35,61.46
1/11/22,Wattpad,,,,3278339.00,1022361.00,2255978.00,31%,1585.59,220.26
1/11/22,MixerBox,,,,55718.00,21546.00,34172.00,39%,118.14,4.55
1/11/22,Lucktastic,,,,130967.00,30009.00,100958.00,23%,237.07,3.91
1/11/22,MixerBoxLite,,,,1087097.00,43577.00,1043520.00,4%,97.84,16.02
1/11/22,Kidoodle,,,,138762360.00,792307.00,137970053.00,1%,6953.11,1313.45
1/11/22,MocoSpace,,,,475432.00,216100.00,259332.00,45%,275.87,21.13
1/11/22,Online Plus,,,,1522705.00,322147.00,1200558.00,21%,1849.98,60.77
1/11/22,Qlixar,,,,502687.00,209844.00,292843.00,42%,1262.00,37.14
1/11/22,WeatherBug,,,,65870863.00,2357661.00,63513202.00,4%,3425.17,274.01
1/11/22,Droplist,,,,685981.00,325577.00,360404.00,47%,215.87,24.11
1/11/22,Growlr,,,,4356239.00,1987923.00,2368316.00,46%,484.91,50.52
1/11/22,The Times of India,,,,11284233.00,206318.00,11077915.00,2%,183.82,90.41
1/11/22,LiveMixTapes,,,,752705.00,348403.00,404302.00,46%,277.90,22.28
1/11/22,Instant News,,,,25452.00,18752.00,6700.00,74%,297.28,3.22
1/11/22,Dolphin,,,,3706.00,1937.00,1769.00,52%,2.51,0.34
1/11/22,MyDaily,,,,7229.00,5166.00,2063.00,71%,10.23,0.89
1/11/22,Everyday,,,,363.00,286.00,77.00,79%,2.13,0.05
1/11/22,The Feed,,,,148.00,75.00,73.00,51%,0.16,0.01
1/11/22,VladTV,,,,247398.00,88908.00,158490.00,36%,60.96,5.38
1/11/22,Crocodile,,,,11041.00,2362.00,8679.00,21%,6.03,0.44
1/11/22,QuizJP,,,,773.00,0.00,773.00,0%,0.00,0.01
1/11/22,QuizUS,,,,591.00,18.00,573.00,3%,0.12,0.01
1/11/22,PalTalk,,,,1296977.00,864851.00,432126.00,67%,262.08,21.37
1/11/22,Impala - Headlines,,,,808137.00,65288.00,742849.00,8%,670.13,14.81
1/11/22,Steps,,,,287273.00,78249.00,209024.00,27%,46.83,4.74
1/11/22,MyFitnessPal,,,,172741774.00,52258487.00,120483287.00,30%,12822.78,1484.52
1/11/22,ShopKick,,,,1312944.00,205613.00,1107331.00,16%,930.06,48.87
1/11/22,Audiomack,,,,2332813.00,944306.00,1388507.00,40%,3053.80,162.41
1/11/22,Encyclopedia Britannica,,,,8462766.00,437677.00,8025089.00,5%,291.83,20.43
1/11/22,Scrabble Go,,,,10217236.00,191731.00,10025505.00,2%,1148.49,63.17
1/11/22,Camfrog,,,,1036625.00,655458.00,381167.00,63%,72.95,7.77
1/11/22,Flickr,,,,16726047.00,68985.00,16657062.00,0%,31.20,118.78
1/11/22,MeetMe,,,,1871182.00,549579.00,1321603.00,29%,1080.46,118.47
1/11/22,StockTwits,,,,11197142.00,2531727.00,8665415.00,23%,1320.24,105.62
1/11/22,MyMixTapez,,,,6161072.00,2422.00,6158650.00,0%,14.87,43.85
1/11/22,Ultimate Classic Rock,,,,18725.00,632.00,18093.00,3%,0.75,0.18
1/11/22,Barstool Sports,,,,5069604.00,71520.00,4998084.00,1%,14.85,1.19
1/11/22,SwingU,,,,13678.00,1434.00,12244.00,10%,2.67,0.21
1/11/22,Reuters,,,,1434460.00,73513.00,1360947.00,5%,63.05,5.04
1/11/22,Funny Weather,,,,17955.00,909.00,17046.00,5%,4.41,0.43
1/11/22,VPN - Super Unlimited Proxy,,,,3642344.00,15852.00,3626492.00,0%,23.20,27.01
1/11/22,NJ 101.5,,,,826664.00,23596.00,803068.00,3%,26.80,7.50
1/11/22,WGRD,,,,236868.00,6646.00,230222.00,3%,8.69,2.22
1/11/22,NewsTalk,,,,468280.00,12256.00,456024.00,3%,8.92,3.82
1/11/22,WBLM,,,,73626.00,1837.00,71789.00,3%,1.61,0.62
1/11/22,WJON,,,,55521.00,1756.00,53765.00,3%,2.15,0.53
1/11/22,Tide,,,,496417.00,26575.00,469842.00,5%,18.07,4.55
1/11/22,KFR,,,,6878.00,400.00,6478.00,6%,0.48,0.08
1/11/22,WBCK,,,,33249.00,2899.00,30350.00,9%,2.35,0.38
1/11/22,Cat Country,,,,63597.00,1445.00,62152.00,2%,1.89,0.57
1/11/22,Mix 95.7FM,,,,37570.00,3576.00,33994.00,10%,3.06,0.45
1/11/22,Memedroid,,,,190466.00,11983.00,178483.00,6%,2.29,0.18
1/11/22,Loudwire,,,,24380.00,2250.00,22130.00,9%,2.32,0.32
1/11/22,XXL Mag,,,,16144.00,1994.00,14150.00,12%,2.06,0.24
1/11/22,ScoreStream,,,,1579.00,49.00,1530.00,3%,0.06,0.00
1/11/22,FreeUnblock VPN,,,,1543.00,63.00,1480.00,4%,0.01,0.00
1/11/22,HAR Texas,,,,706614.00,168402.00,538212.00,24%,106.82,8.55
1/11/22,Psiphon Pro,,,,13567323.00,455199.00,13112124.00,3%,65.45,5.24
1/11/22,Bracelet Book,,,,41031.00,1557.00,39474.00,4%,0.61,0.05
1/11/22,Tumblr,,,,87629329.00,14816638.00,72812691.00,17%,8453.41,507.20
1/11/22,Wordfinder by WordTips,,,,451359.00,76770.00,374589.00,17%,133.62,10.69
1/11/22,PricePulse,,,,28477.00,1472.00,27005.00,5%,1.15,0.09
1/11/22,Untappd,,,,120010.00,29840.00,90170.00,25%,27.33,2.19
1/11/22,Dice with Buddies,,,,453483.00,33111.00,420372.00,7%,164.46,9.05
1/11/22,Dice with Ellen,,,,3.00,0.00,3.00,0%,0.00,0.00
1/11/22,Astrology Daily,,,,657.00,55.00,602.00,8%,0.06,0.00
1/11/22,Meetup,,,,329153.00,39061.00,290092.00,12%,36.40,2.91
1/11/22,BisManOnline,,,,146.00,39.00,107.00,27%,0.04,0.00
1/11/22,Tokybook ,,,,12581.00,2966.00,9615.00,24%,1.95,0.16
1/11/22,Radio Texas Live,,,,38654.00,2256.00,36398.00,6%,0.88,0.32
1/11/22,KLAQ,,,,150103.00,17863.00,132240.00,12%,10.59,1.67
1/11/22,KICKS 105,,,,13572.00,524.00,13048.00,4%,0.63,0.14
1/11/22,106.5 WYRK,,,,101302.00,3382.00,97920.00,3%,2.52,0.86
1/11/22,Buffalos 937 WBLK -The Peoples Station,,,,113346.00,6455.00,106891.00,6%,5.64,1.14
1/11/22,K2,,,,25483.00,1189.00,24294.00,5%,0.91,0.23
1/11/22,101.5 WPDH,,,,50956.00,5860.00,45096.00,12%,2.98,0.52
1/11/22,97.3 KKRC,,,,21593.00,2160.00,19433.00,10%,0.72,0.19
1/11/22,The Dawg 973,,,,41558.00,2151.00,39407.00,5%,0.88,0.34
1/11/22,KNUE 1015 East Texas Country Station,,,,10606.00,594.00,10012.00,6%,0.18,0.08
1/10/22,Imgur,,,,8359443.00,741723.00,7617720.00,9%,1998.52,124.14
1/10/22,Wattpad,,,,3664018.00,969895.00,2694123.00,26%,1447.78,212.84
1/10/22,MixerBox,,,,56814.00,22499.00,34315.00,40%,117.18,4.74
1/10/22,Lucktastic,,,,135659.00,30054.00,105605.00,22%,241.64,3.96
1/10/22,MixerBoxLite,,,,1158970.00,24530.00,1134440.00,2%,95.15,12.85
1/10/22,Kidoodle,,,,137198161.00,827989.00,136370172.00,1%,7006.53,1304.92
1/10/22,MocoSpace,,,,510254.00,203407.00,306847.00,40%,267.79,20.89
1/10/22,Online Plus,,,,1539242.00,245563.00,1293679.00,16%,1390.23,48.21
1/10/22,Qlixar,,,,488357.00,199497.00,288860.00,41%,1146.00,35.36
1/10/22,WeatherBug,,,,79591305.00,2656617.00,76934688.00,3%,3758.04,300.64
1/10/22,Droplist,,,,389975.00,186134.00,203841.00,48%,120.95,13.52
1/10/22,Growlr,,,,4498300.00,1968435.00,2529865.00,44%,465.62,50.30
1/10/22,The Times of India,,,,11693915.00,221395.00,11472520.00,2%,192.75,93.80
1/10/22,LiveMixTapes,,,,742121.00,339294.00,402827.00,46%,278.40,22.31
1/10/22,Instant News,,,,27830.00,20965.00,6865.00,75%,316.52,3.60
1/10/22,Dolphin,,,,4802.00,2173.00,2629.00,45%,2.32,0.38
1/10/22,MyDaily,,,,6990.00,4987.00,2003.00,71%,9.49,0.86
1/10/22,Everyday,,,,565.00,384.00,181.00,68%,2.31,0.07
1/10/22,The Feed,,,,169.00,64.00,105.00,38%,0.12,0.01
1/10/22,ShopSavvy,,,,16.00,3.00,13.00,19%,0.00,0.00
1/10/22,VladTV,,,,178705.00,64926.00,113779.00,36%,45.35,3.97
1/10/22,Crocodile,,,,16143.00,3810.00,12333.00,24%,9.99,0.71
1/10/22,QuizJP,,,,1138.00,1.00,1137.00,0%,0.01,0.01
1/10/22,QuizUS,,,,291.00,18.00,273.00,6%,0.11,0.01
1/10/22,PalTalk,,,,1298357.00,864285.00,434072.00,67%,243.18,20.06
1/10/22,Impala - Headlines,,,,775253.00,48735.00,726518.00,6%,474.04,11.92
1/10/22,Steps,,,,287335.00,74512.00,212823.00,26%,43.87,4.56
1/10/22,MyFitnessPal,,,,167567515.00,43088628.00,124478887.00,26%,10606.35,1401.67
1/10/22,ShopKick,,,,1278629.00,194066.00,1084563.00,15%,887.05,46.40
1/10/22,Audiomack,,,,2405923.00,919684.00,1486239.00,38%,2907.73,155.79
1/10/22,Encyclopedia Britannica,,,,8277504.00,397019.00,7880485.00,5%,254.58,17.82
1/10/22,Scrabble Go,,,,10392030.00,170480.00,10221550.00,2%,1070.14,58.86
1/10/22,Camfrog,,,,1073782.00,678923.00,394859.00,63%,73.31,7.90
1/10/22,Flickr,,,,19486781.00,70460.00,19416321.00,0%,32.51,138.19
1/10/22,MeetMe,,,,1927617.00,552226.00,1375391.00,29%,961.15,119.38
1/10/22,StockTwits,,,,11674011.00,2484270.00,9189741.00,21%,1229.38,98.35
1/10/22,MyMixTapez,,,,5749998.00,2667.00,5747331.00,0%,15.14,40.99
1/10/22,Ultimate Classic Rock,,,,15030.00,811.00,14219.00,5%,1.10,0.18
1/10/22,Barstool Sports,,,,5055682.00,71372.00,4984310.00,1%,14.90,1.19
1/10/22,SwingU,,,,15005.00,1640.00,13365.00,11%,2.99,0.24
1/10/22,Reuters,,,,1518991.00,60317.00,1458674.00,4%,57.04,4.56
1/10/22,Funny Weather,,,,18754.00,836.00,17918.00,4%,4.52,0.44
1/10/22,VPN - Super Unlimited Proxy,,,,3564260.00,19080.00,3545180.00,1%,26.75,26.69
1/10/22,NJ 101.5,,,,778498.00,21172.00,757326.00,3%,22.84,6.90
1/10/22,WGRD,,,,236755.00,6254.00,230501.00,3%,8.36,2.20
1/10/22,NewsTalk,,,,436406.00,9446.00,426960.00,2%,6.65,3.45
1/10/22,WBLM,,,,58414.00,1319.00,57095.00,2%,0.94,0.47
1/10/22,WJON,,,,48463.00,1378.00,47085.00,3%,1.52,0.44
1/10/22,Tide,,,,215561.00,16131.00,199430.00,7%,12.39,2.26
1/10/22,KFR,,,,4273.00,303.00,3970.00,7%,0.36,0.05
1/10/22,WBCK,,,,33438.00,2679.00,30759.00,8%,2.16,0.37
1/10/22,Cat Country,,,,63591.00,1195.00,62396.00,2%,1.21,0.52
1/10/22,Mix 95.7FM,,,,43319.00,2679.00,40640.00,6%,2.42,0.45
1/10/22,Memedroid,,,,205275.00,10928.00,194347.00,5%,1.81,0.14
1/10/22,Loudwire,,,,18530.00,1342.00,17188.00,7%,1.31,0.21
1/10/22,XXL Mag,,,,15046.00,1654.00,13392.00,11%,1.37,0.19
1/10/22,ScoreStream,,,,822.00,20.00,802.00,2%,0.01,0.00
1/10/22,FreeUnblock VPN,,,,1701.00,71.00,1630.00,4%,0.01,0.00
1/10/22,HAR Texas,,,,692702.00,105271.00,587431.00,15%,82.07,6.57
1/10/22,Psiphon Pro,,,,13509737.00,454340.00,13055397.00,3%,62.33,4.99
1/10/22,Bracelet Book,,,,39195.00,1459.00,37736.00,4%,0.44,0.04
1/10/22,Tumblr,,,,89090584.00,7243585.00,81846999.00,8%,3027.98,181.68
1/10/22,Wordfinder by WordTips,,,,498828.00,113301.00,385527.00,23%,170.11,13.61
1/10/22,PricePulse,,,,31862.00,1721.00,30141.00,5%,1.40,0.11
1/10/22,Untappd,,,,143039.00,34527.00,108512.00,24%,29.35,2.35
1/10/22,Dice with Buddies,,,,444932.00,29824.00,415108.00,7%,190.10,10.46
1/10/22,Dice with Ellen,,,,3.00,0.00,3.00,0%,0.00,0.00
1/10/22,Astrology Daily,,,,658.00,73.00,585.00,11%,0.14,0.01
1/10/22,Meetup,,,,340788.00,34182.00,306606.00,10%,29.81,2.38
1/10/22,BisManOnline,,,,125.00,56.00,69.00,45%,0.08,0.01
1/10/22,Tokybook ,,,,12592.00,2998.00,9594.00,24%,2.10,0.17
1/10/22,Radio Texas Live,,,,35295.00,1749.00,33546.00,5%,0.71,0.28
1/10/22,KLAQ,,,,148811.00,16842.00,131969.00,11%,9.94,1.62
1/10/22,KICKS 105,,,,15418.00,1108.00,14310.00,7%,0.61,0.14
1/10/22,106.5 WYRK,,,,99058.00,5330.00,93728.00,5%,2.94,0.86
1/10/22,Buffalos 937 WBLK -The Peoples Station,,,,114831.00,6300.00,108531.00,5%,5.78,1.16
1/10/22,K2,,,,18742.00,657.00,18085.00,4%,0.55,0.17
1/10/22,101.5 WPDH,,,,44564.00,6250.00,38314.00,14%,2.79,0.46
1/10/22,97.3 KKRC,,,,21811.00,2998.00,18813.00,14%,0.95,0.20
1/10/22,The Dawg 973,,,,44470.00,2867.00,41603.00,6%,1.12,0.37
1/10/22,KNUE 1015 East Texas Country Station,,,,9882.00,774.00,9108.00,8%,0.35,0.09
1/9/22,Imgur,,,,10702658.00,989687.00,9712971.00,9%,2669.37,162.84
1/9/22,Wattpad,,,,3792280.00,980843.00,2811437.00,26%,1406.26,215.85
1/9/22,MixerBox,,,,55400.00,20670.00,34730.00,37%,108.75,4.38
1/9/22,Lucktastic,,,,136518.00,30753.00,105765.00,23%,245.86,4.03
1/9/22,MixerBoxLite,,,,1144260.00,31181.00,1113079.00,3%,103.72,14.03
1/9/22,Kidoodle,,,,156570420.00,874112.00,155696308.00,1%,7239.82,1451.87
1/9/22,MocoSpace,,,,490474.00,180555.00,309919.00,37%,239.41,18.93
1/9/22,Online Plus,,,,1487778.00,240607.00,1247171.00,16%,1482.75,47.14
1/9/22,Qlixar,,,,451617.00,156307.00,295310.00,35%,902.60,28.05
1/9/22,WeatherBug,,,,109729727.00,4541863.00,105187864.00,4%,5927.79,474.22
1/9/22,Droplist,,,,356173.00,161377.00,194796.00,45%,107.33,12.10
1/9/22,Growlr,,,,4744860.00,2152964.00,2591896.00,45%,510.20,53.86
1/9/22,The Times of India,,,,9132062.00,168263.00,8963799.00,2%,140.05,72.55
1/9/22,LiveMixTapes,,,,729702.00,320127.00,409575.00,44%,260.00,21.07
1/9/22,Instant News,,,,28400.00,18689.00,9711.00,66%,279.04,3.23
1/9/22,Dolphin,,,,4712.00,2254.00,2458.00,48%,2.24,0.40
1/9/22,MyDaily,,,,6627.00,4673.00,1954.00,71%,9.20,0.80
1/9/22,Everyday,,,,640.00,411.00,229.00,64%,2.15,0.07
1/9/22,The Feed,,,,141.00,30.00,111.00,21%,0.06,0.01
1/9/22,ShopSavvy,,,,12.00,8.00,4.00,67%,0.00,0.00
1/9/22,VladTV,,,,159898.00,55832.00,104066.00,35%,39.21,3.47
1/9/22,Crocodile,,,,11179.00,2418.00,8761.00,22%,6.15,0.45
1/9/22,QuizJP,,,,534.00,4.00,530.00,1%,0.03,0.00
1/9/22,QuizUS,,,,850.00,19.00,831.00,2%,0.08,0.01
1/9/22,PalTalk,,,,1281179.00,843136.00,438043.00,66%,257.05,21.06
1/9/22,Impala - Headlines,,,,727852.00,44500.00,683352.00,6%,440.52,10.98
1/9/22,Steps,,,,272376.00,73003.00,199373.00,27%,41.02,4.27
1/9/22,Timer+,,,,4.00,3.00,1.00,75%,0.00,0.00
1/9/22,MyFitnessPal,,,,125905157.00,30541449.00,95363708.00,24%,7779.25,1056.51
1/9/22,ShopKick,,,,1321135.00,181641.00,1139494.00,14%,789.38,44.30
1/9/22,Audiomack,,,,2434431.00,833523.00,1600908.00,34%,2483.24,135.37
1/9/22,Encyclopedia Britannica,,,,7661180.00,365722.00,7295458.00,5%,238.41,16.69
1/9/22,Scrabble Go,,,,11331075.00,195346.00,11135729.00,2%,1247.48,68.61
1/9/22,Camfrog,,,,1068001.00,685739.00,382262.00,64%,75.50,7.96
1/9/22,Flickr,,,,25306661.00,70263.00,25236398.00,0%,31.89,178.89
1/9/22,MeetMe,,,,1905999.00,514964.00,1391035.00,27%,839.12,112.06
1/9/22,StockTwits,,,,4127268.00,866305.00,3260963.00,21%,454.43,36.35
1/9/22,MyMixTapez,,,,5617887.00,2733.00,5615154.00,0%,15.79,40.10
1/9/22,Ultimate Classic Rock,,,,15985.00,589.00,15396.00,4%,0.70,0.16
1/9/22,Barstool Sports,,,,5018319.00,48665.00,4969654.00,1%,10.82,0.87
1/9/22,SwingU,,,,27039.00,2855.00,24184.00,11%,4.85,0.39
1/9/22,Reuters,,,,1321276.00,60012.00,1261264.00,5%,57.84,4.63
1/9/22,Funny Weather,,,,17493.00,847.00,16646.00,5%,4.32,0.42
1/9/22,VPN - Super Unlimited Proxy,,,,3422518.00,15378.00,3407140.00,0%,21.13,25.33
1/9/22,NJ 101.5,,,,210665.00,8164.00,202501.00,4%,9.28,2.07
1/9/22,WGRD,,,,10949.00,298.00,10651.00,3%,0.48,0.11
1/9/22,NewsTalk,,,,87489.00,1454.00,86035.00,2%,1.42,0.70
1/9/22,WBLM,,,,24560.00,709.00,23851.00,3%,0.60,0.21
1/9/22,WJON,,,,27719.00,1044.00,26675.00,4%,1.25,0.27
1/9/22,Tide,,,,32732.00,2286.00,30446.00,7%,2.21,0.37
1/9/22,KFR,,,,2890.00,192.00,2698.00,7%,0.19,0.03
1/9/22,WBCK,,,,9449.00,653.00,8796.00,7%,0.50,0.10
1/9/22,Cat Country,,,,8755.00,210.00,8545.00,2%,0.09,0.07
1/9/22,Mix 95.7FM,,,,11844.00,716.00,11128.00,6%,0.56,0.12
1/9/22,Memedroid,,,,198590.00,9030.00,189560.00,5%,1.65,0.13
1/9/22,Loudwire,,,,18270.00,1097.00,17173.00,6%,1.10,0.20
1/9/22,XXL Mag,,,,12028.00,1137.00,10891.00,9%,1.10,0.15
1/9/22,ScoreStream,,,,2230.00,60.00,2170.00,3%,0.08,0.01
1/9/22,FreeUnblock VPN,,,,1736.00,98.00,1638.00,6%,0.01,0.00
1/9/22,HAR Texas,,,,785826.00,128977.00,656849.00,16%,94.31,7.54
1/9/22,Psiphon Pro,,,,13405623.00,318630.00,13086993.00,2%,61.91,4.95
1/9/22,Bracelet Book,,,,51971.00,1434.00,50537.00,3%,0.61,0.05
1/9/22,Tumblr,,,,90417247.00,5798332.00,84618915.00,6%,1051.45,63.09
1/9/22,Wordfinder by WordTips,,,,555831.00,131310.00,424521.00,24%,194.06,15.52
1/9/22,PricePulse,,,,28933.00,1768.00,27165.00,6%,1.70,0.14
1/9/22,Untappd,,,,268747.00,78912.00,189835.00,29%,67.17,5.37
1/9/22,Dice with Buddies,,,,492947.00,32518.00,460429.00,7%,206.41,11.35
1/9/22,Astrology Daily,,,,715.00,63.00,652.00,9%,0.09,0.01
1/9/22,Meetup,,,,372939.00,36970.00,335969.00,10%,31.63,2.53
1/9/22,BisManOnline,,,,106.00,38.00,68.00,36%,0.03,0.00
1/9/22,Tokybook ,,,,9737.00,1995.00,7742.00,20%,1.25,0.10
1/9/22,Radio Texas Live,,,,37315.00,1520.00,35795.00,4%,0.54,0.29
1/9/22,KLAQ,,,,9529.00,903.00,8626.00,9%,0.57,0.10
1/9/22,KICKS 105,,,,6702.00,621.00,6081.00,9%,0.48,0.08
1/9/22,106.5 WYRK,,,,30027.00,1637.00,28390.00,5%,0.88,0.26
1/9/22,Buffalos 937 WBLK -The Peoples Station,,,,32825.00,2091.00,30734.00,6%,1.78,0.34
1/9/22,K2,,,,8939.00,149.00,8790.00,2%,0.07,0.07
1/9/22,101.5 WPDH,,,,24932.00,3114.00,21818.00,12%,1.62,0.27
1/9/22,97.3 KKRC,,,,9499.00,1318.00,8181.00,14%,0.38,0.08
1/9/22,The Dawg 973,,,,158930.00,9172.00,149758.00,6%,4.30,1.35
1/9/22,KNUE 1015 East Texas Country Station,,,,6717.00,599.00,6118.00,9%,0.28,0.06
1/8/22,Imgur,,,,9820482.00,964097.00,8856385.00,10%,2682.60,154.39
1/8/22,Wattpad,,,,3427113.00,925630.00,2501483.00,27%,1489.42,202.64
1/8/22,MixerBox,,,,61411.00,22562.00,38849.00,37%,121.06,4.78
1/8/22,Lucktastic,,,,140746.00,32005.00,108741.00,23%,259.22,4.18
1/8/22,MixerBoxLite,,,,1188094.00,31908.00,1156186.00,3%,110.91,14.47
1/8/22,Kidoodle,,,,162506090.00,856940.00,161649150.00,1%,7181.17,1490.60
1/8/22,MocoSpace,,,,479329.00,188068.00,291261.00,39%,238.72,18.75
1/8/22,Online Plus,,,,1519753.00,230847.00,1288906.00,15%,1337.99,45.69
1/8/22,Qlixar,,,,461757.00,156013.00,305744.00,34%,911.80,28.05
1/8/22,WeatherBug,,,,89827646.00,3359780.00,86467866.00,4%,4561.01,364.88
1/8/22,Droplist,,,,448152.00,207812.00,240340.00,46%,139.89,15.67
1/8/22,Growlr,,,,4513429.00,2176773.00,2336656.00,48%,523.01,52.97
1/8/22,The Times of India,,,,8981135.00,171920.00,8809215.00,2%,145.53,71.85
1/8/22,LiveMixTapes,,,,811358.00,348966.00,462392.00,43%,267.95,21.99
1/8/22,Instant News,,,,34206.00,18929.00,15277.00,55%,271.28,3.29
1/8/22,Dolphin,,,,4452.00,2008.00,2444.00,45%,2.00,0.35
1/8/22,MyDaily,,,,5659.00,3935.00,1724.00,70%,7.35,0.68
1/8/22,Everyday,,,,510.00,340.00,170.00,67%,1.84,0.06
1/8/22,The Feed,,,,206.00,61.00,145.00,30%,0.11,0.01
1/8/22,ShopSavvy,,,,43.00,21.00,22.00,49%,0.01,0.00
1/8/22,VladTV,,,,190641.00,65597.00,125044.00,34%,45.69,4.07
1/8/22,Crocodile,,,,4191.00,1610.00,2581.00,38%,4.08,0.29
1/8/22,QuizJP,,,,972.00,0.00,972.00,0%,0.00,0.01
1/8/22,QuizUS,,,,723.00,18.00,705.00,2%,0.27,0.01
1/8/22,PalTalk,,,,1296296.00,852427.00,443869.00,66%,270.75,22.06
1/8/22,Impala - Headlines,,,,770342.00,43653.00,726689.00,6%,434.89,11.05
1/8/22,Steps,,,,273598.00,75400.00,198198.00,28%,42.25,4.34
1/8/22,MyFitnessPal,,,,117400982.00,29119048.00,88281934.00,25%,7829.77,1009.46
1/8/22,ShopKick,,,,1314237.00,182182.00,1132055.00,14%,816.07,44.36
1/8/22,Audiomack,,,,2587077.00,883047.00,1704030.00,34%,2693.72,146.61
1/8/22,Encyclopedia Britannica,,,,7376611.00,371255.00,7005356.00,5%,234.85,16.44
1/8/22,Scrabble Go,,,,10495201.00,181572.00,10313629.00,2%,1136.03,62.48
1/8/22,Camfrog,,,,1070992.00,688643.00,382349.00,64%,74.34,7.88
1/8/22,Flickr,,,,23671172.00,67728.00,23603444.00,0%,31.46,167.43
1/8/22,MeetMe,,,,1759286.00,521952.00,1237334.00,30%,807.64,112.27
1/8/22,StockTwits,,,,4771947.00,1017161.00,3754786.00,21%,529.63,42.37
1/8/22,MyMixTapez,,,,6521208.00,2050.00,6519158.00,0%,10.39,46.15
1/8/22,Ultimate Classic Rock,,,,22029.00,713.00,21316.00,3%,0.92,0.21
1/8/22,Barstool Sports,,,,4063200.00,50032.00,4013168.00,1%,10.80,0.86
1/8/22,SwingU,,,,26136.00,2543.00,23593.00,10%,4.62,0.37
1/8/22,Reuters,,,,1396035.00,55954.00,1340081.00,4%,52.04,4.16
1/8/22,Funny Weather,,,,19346.00,1089.00,18257.00,6%,5.00,0.48
1/8/22,VPN - Super Unlimited Proxy,,,,3350682.00,13672.00,3337010.00,0%,17.96,24.62
1/8/22,NJ 101.5,,,,261091.00,7146.00,253945.00,3%,9.51,2.44
1/8/22,WGRD,,,,31254.00,1344.00,29910.00,4%,1.91,0.34
1/8/22,NewsTalk,,,,110623.00,1739.00,108884.00,2%,1.59,0.87
1/8/22,WBLM,,,,34991.00,969.00,34022.00,3%,0.70,0.29
1/8/22,WJON,,,,28525.00,1021.00,27504.00,4%,1.09,0.27
1/8/22,Tide,,,,49335.00,3369.00,45966.00,7%,3.08,0.54
1/8/22,KFR,,,,2762.00,85.00,2677.00,3%,0.09,0.03
1/8/22,WBCK,,,,17458.00,1379.00,16079.00,8%,1.15,0.19
1/8/22,Cat Country,,,,14020.00,368.00,13652.00,3%,0.34,0.12
1/8/22,Mix 95.7FM,,,,9746.00,495.00,9251.00,5%,0.42,0.09
1/8/22,Memedroid,,,,183371.00,11253.00,172118.00,6%,1.93,0.15
1/8/22,Loudwire,,,,23556.00,2173.00,21383.00,9%,2.34,0.31
1/8/22,XXL Mag,,,,14441.00,1661.00,12780.00,12%,1.55,0.20
1/8/22,ScoreStream,,,,4202.00,79.00,4123.00,2%,0.10,0.01
1/8/22,FreeUnblock VPN,,,,1761.00,70.00,1691.00,4%,0.00,0.00
1/8/22,HAR Texas,,,,792114.00,136222.00,655892.00,17%,107.64,8.61
1/8/22,Psiphon Pro,,,,13157900.00,206500.00,12951400.00,2%,49.72,3.98
1/8/22,Bracelet Book,,,,48753.00,1523.00,47230.00,3%,0.54,0.04
1/8/22,Tumblr,,,,87307935.00,5735633.00,81572302.00,7%,1197.62,71.86
1/8/22,Wordfinder by WordTips,,,,503140.00,126218.00,376922.00,25%,178.49,14.28
1/8/22,PricePulse,,,,27727.00,1109.00,26618.00,4%,0.94,0.08
1/8/22,Untappd,,,,312840.00,98197.00,214643.00,31%,95.04,7.60
1/8/22,Dice with Buddies,,,,434769.00,27393.00,407376.00,6%,170.05,9.35
1/8/22,Dice with Ellen,,,,3.00,0.00,3.00,0%,0.00,0.00
1/8/22,Astrology Daily,,,,856.00,77.00,779.00,9%,0.11,0.01
1/8/22,Meetup,,,,400326.00,37767.00,362559.00,9%,36.61,2.93
1/8/22,BisManOnline,,,,80.00,15.00,65.00,19%,0.03,0.00
1/8/22,Tokybook ,,,,9385.00,1324.00,8061.00,14%,0.85,0.07
1/8/22,Radio Texas Live,,,,32176.00,1321.00,30855.00,4%,0.53,0.25
1/8/22,KLAQ,,,,13952.00,1596.00,12356.00,11%,0.99,0.16
1/8/22,KICKS 105,,,,5349.00,242.00,5107.00,5%,0.11,0.04
1/8/22,106.5 WYRK,,,,49358.00,2352.00,47006.00,5%,1.22,0.41
1/8/22,Buffalos 937 WBLK -The Peoples Station,,,,64757.00,2817.00,61940.00,4%,2.26,0.59
1/8/22,K2,,,,14083.00,331.00,13752.00,2%,0.22,0.11
1/8/22,101.5 WPDH,,,,24238.00,2836.00,21402.00,12%,1.38,0.25
1/8/22,97.3 KKRC,,,,9598.00,1318.00,8280.00,14%,0.48,0.09
1/8/22,The Dawg 973,,,,28257.00,1881.00,26376.00,7%,0.88,0.25
1/8/22,KNUE 1015 East Texas Country Station,,,,9864.00,997.00,8867.00,10%,0.31,0.08
1/7/22,Imgur,,,,9563581.00,968089.00,8595492.00,10%,2591.39,152.84
1/7/22,Wattpad,,,,3354079.00,977680.00,2376399.00,29%,1551.85,212.17
1/7/22,MixerBox,,,,59087.00,22540.00,36547.00,38%,120.24,4.76
1/7/22,Lucktastic,,,,147126.00,33449.00,113677.00,23%,271.81,4.37
1/7/22,MixerBoxLite,,,,1102566.00,29960.00,1072606.00,3%,108.41,13.50
1/7/22,Kidoodle,,,,144820257.00,788736.00,144031521.00,1%,5895.10,1302.98
1/7/22,MocoSpace,,,,458793.00,174371.00,284422.00,38%,240.83,18.85
1/7/22,Online Plus,,,,1583499.00,223198.00,1360301.00,14%,1330.19,44.75
1/7/22,Qlixar,,,,469702.00,188942.00,280760.00,40%,1101.17,33.52
1/7/22,WeatherBug,,,,102910113.00,3578577.00,99331536.00,3%,4973.73,397.90
1/7/22,Droplist,,,,391705.00,178418.00,213287.00,46%,113.98,12.89
1/7/22,Growlr,,,,4260120.00,2020079.00,2240041.00,47%,484.83,49.62
1/7/22,The Times of India,,,,8177794.00,183799.00,7993995.00,2%,152.01,66.60
1/7/22,LiveMixTapes,,,,832119.00,312375.00,519744.00,38%,256.77,21.61
1/7/22,Instant News,,,,32774.00,19997.00,12777.00,61%,278.36,3.46
1/7/22,Dolphin,,,,5585.00,2518.00,3067.00,45%,2.20,0.44
1/7/22,MyDaily,,,,5558.00,3131.00,2427.00,56%,6.70,0.54
1/7/22,Everyday,,,,1356.00,354.00,1002.00,26%,1.93,0.07
1/7/22,The Feed,,,,183.00,63.00,120.00,34%,0.13,0.01
1/7/22,ShopSavvy,,,,1.00,1.00,0.00,100%,0.00,0.00
1/7/22,VladTV,,,,205396.00,65299.00,140097.00,32%,47.46,4.30
1/7/22,Crocodile,,,,8131.00,1764.00,6367.00,22%,4.71,0.33
1/7/22,QuizJP,,,,1738.00,0.00,1738.00,0%,0.00,0.01
1/7/22,QuizUS,,,,805.00,71.00,734.00,9%,0.63,0.02
1/7/22,PalTalk,,,,1207786.00,791733.00,416053.00,66%,245.95,20.13
1/7/22,Impala - Headlines,,,,795984.00,44522.00,751462.00,6%,478.11,11.33
1/7/22,Steps,,,,279061.00,74021.00,205040.00,27%,41.47,4.34
1/7/22,Timer+,,,,1.00,1.00,0.00,100%,0.00,0.00
1/7/22,MyFitnessPal,,,,132109713.00,32938444.00,99171269.00,25%,8620.45,1125.22
1/7/22,ShopKick,,,,1227499.00,181947.00,1045552.00,15%,809.41,43.71
1/7/22,Audiomack,,,,2585532.00,941533.00,1643999.00,36%,3121.41,167.58
1/7/22,Encyclopedia Britannica,,,,7867714.00,424522.00,7443192.00,5%,276.00,19.32
1/7/22,Scrabble Go,,,,10085690.00,189348.00,9896342.00,2%,1179.15,64.85
1/7/22,Camfrog,,,,1033149.00,654682.00,378467.00,63%,73.39,7.79
1/7/22,Flickr,,,,22187148.00,67084.00,22120064.00,0%,30.48,156.97
1/7/22,MeetMe,,,,1698555.00,503925.00,1194630.00,30%,798.33,108.40
1/7/22,StockTwits,,,,11727582.00,2474667.00,9252915.00,21%,1259.88,100.79
1/7/22,MyMixTapez,,,,7188939.00,3221.00,7185718.00,0%,17.41,51.17
1/7/22,Ultimate Classic Rock,,,,17107.00,667.00,16440.00,4%,0.94,0.18
1/7/22,Barstool Sports,,,,6111207.00,59036.00,6052171.00,1%,13.52,1.08
1/7/22,SwingU,,,,19201.00,1969.00,17232.00,10%,3.09,0.25
1/7/22,Reuters,,,,1542329.00,70104.00,1472225.00,5%,60.73,4.86
1/7/22,Funny Weather,,,,24718.00,1337.00,23381.00,5%,7.13,0.66
1/7/22,VPN - Super Unlimited Proxy,,,,3645696.00,14949.00,3630747.00,0%,19.58,26.79
1/7/22,NJ 101.5,,,,811507.00,17579.00,793928.00,2%,23.54,7.21
1/7/22,WGRD,,,,153251.00,3238.00,150013.00,2%,4.84,1.39
1/7/22,NewsTalk,,,,414440.00,5868.00,408572.00,1%,5.03,3.21
1/7/22,WBLM,,,,63471.00,1208.00,62263.00,2%,1.13,0.51
1/7/22,WJON,,,,61237.00,2828.00,58409.00,5%,3.44,0.65
1/7/22,Tide,,,,106382.00,5981.00,100401.00,6%,5.29,1.07
1/7/22,KFR,,,,5761.00,592.00,5169.00,10%,0.80,0.09
1/7/22,WBCK,,,,39002.00,3197.00,35805.00,8%,2.47,0.42
1/7/22,Cat Country,,,,61341.00,899.00,60442.00,1%,1.03,0.50
1/7/22,Mix 95.7FM,,,,28465.00,1927.00,26538.00,7%,1.62,0.30
1/7/22,Memedroid,,,,201671.00,11564.00,190107.00,6%,1.91,0.15
1/7/22,Loudwire,,,,27040.00,2259.00,24781.00,8%,2.22,0.33
1/7/22,XXL Mag,,,,12471.00,1269.00,11202.00,10%,0.93,0.14
1/7/22,ScoreStream,,,,1852.00,52.00,1800.00,3%,0.06,0.00
1/7/22,FreeUnblock VPN,,,,1756.00,38.00,1718.00,2%,0.00,0.00
1/7/22,HAR Texas,,,,673506.00,113721.00,559785.00,17%,105.12,8.41
1/7/22,Psiphon Pro,,,,13974366.00,31604.00,13942762.00,0%,30.73,2.46
1/7/22,Bracelet Book,,,,36171.00,1035.00,35136.00,3%,0.35,0.03
1/7/22,Tumblr,,,,87234043.00,13372584.00,73861459.00,15%,3739.13,224.35
1/7/22,Wordfinder by WordTips,,,,453231.00,112434.00,340797.00,25%,167.22,13.38
1/7/22,PricePulse,,,,27379.00,865.00,26514.00,3%,0.84,0.07
1/7/22,Untappd,,,,235646.00,63583.00,172063.00,27%,58.48,4.68
1/7/22,Dice with Buddies,,,,442664.00,26127.00,416537.00,6%,163.76,9.01
1/7/22,Astrology Daily,,,,1054.00,24.00,1030.00,2%,0.06,0.00
1/7/22,Meetup,,,,320801.00,22761.00,298040.00,7%,24.02,1.92
1/7/22,BisManOnline,,,,147.00,24.00,123.00,16%,0.02,0.00
1/7/22,Tokybook ,,,,11352.00,2584.00,8768.00,23%,1.57,0.13
1/7/22,Radio Texas Live,,,,33959.00,289.00,33670.00,1%,0.45,0.27
1/7/22,KLAQ,,,,134499.00,4045.00,130454.00,3%,6.07,1.34
1/7/22,KICKS 105,,,,17087.00,411.00,16676.00,2%,0.57,0.16
1/7/22,106.5 WYRK,,,,99015.00,905.00,98110.00,1%,1.41,0.79
1/7/22,Buffalos 937 WBLK -The Peoples Station,,,,109211.00,2098.00,107113.00,2%,3.16,0.97
1/7/22,K2,,,,21623.00,408.00,21215.00,2%,0.66,0.19
1/7/22,101.5 WPDH,,,,50139.00,1343.00,48796.00,3%,1.93,0.48
1/7/22,97.3 KKRC,,,,17025.00,319.00,16706.00,2%,0.40,0.14
1/7/22,The Dawg 973,,,,34393.00,396.00,33997.00,1%,0.61,0.28
1/7/22,KNUE 1015 East Texas Country Station,,,,9139.00,141.00,8998.00,2%,0.19,0.08
1/6/22,Imgur,,,,9429250.00,925835.00,8503415.00,10%,2437.01,148.06
1/6/22,Wattpad,,,,3466092.00,1008075.00,2458017.00,29%,1531.02,218.82
1/6/22,MixerBox,,,,58504.00,21400.00,37104.00,37%,115.78,4.54
1/6/22,Lucktastic,,,,123416.00,34950.00,88466.00,28%,287.05,4.29
1/6/22,MixerBoxLite,,,,1109779.00,29953.00,1079826.00,3%,104.06,13.55
1/6/22,Kidoodle,,,,145554949.00,636111.00,144918838.00,0%,4674.96,1248.18
1/6/22,MocoSpace,,,,474701.00,191299.00,283402.00,40%,267.27,20.69
1/6/22,Online Plus,,,,1584170.00,218033.00,1366137.00,14%,1212.06,43.90
1/6/22,Qlixar,,,,474181.00,177035.00,297146.00,37%,1018.75,31.58
1/6/22,WeatherBug,,,,130010414.00,5218586.00,124791828.00,4%,6759.43,540.75
1/6/22,Droplist,,,,669690.00,286890.00,382800.00,43%,192.34,21.91
1/6/22,Growlr,,,,4331211.00,1968031.00,2363180.00,45%,480.09,50.15
1/6/22,The Times of India,,,,10286018.00,185021.00,10100997.00,2%,152.55,81.39
1/6/22,LiveMixTapes,,,,808861.00,263693.00,545168.00,33%,229.61,19.89
1/6/22,Instant News,,,,37416.00,20661.00,16755.00,55%,250.79,3.60
1/6/22,Dolphin,,,,4390.00,2020.00,2370.00,46%,2.22,0.36
1/6/22,MyDaily,,,,5990.00,3331.00,2659.00,56%,6.95,0.58
1/6/22,Everyday,,,,487.00,328.00,159.00,67%,1.67,0.06
1/6/22,The Feed,,,,75.00,56.00,19.00,75%,0.10,0.01
1/6/22,VladTV,,,,241948.00,71675.00,170273.00,30%,51.40,4.79
1/6/22,Crocodile,,,,10071.00,1611.00,8460.00,16%,4.24,0.32
1/6/22,QuizJP,,,,1005.00,0.00,1005.00,0%,0.00,0.01
1/6/22,QuizUS,,,,619.00,22.00,597.00,4%,0.22,0.01
1/6/22,PalTalk,,,,1218296.00,782327.00,435969.00,64%,247.85,20.40
1/6/22,Impala - Headlines,,,,787137.00,44762.00,742375.00,6%,503.86,11.32
1/6/22,Steps,,,,283046.00,84479.00,198567.00,30%,42.95,4.40
1/6/22,MyFitnessPal,,,,150259674.00,37356659.00,112903015.00,25%,9541.41,1267.39
1/6/22,ShopKick,,,,876497.00,144137.00,732360.00,16%,651.30,33.95
1/6/22,Audiomack,,,,2631584.00,870101.00,1761483.00,33%,2805.04,152.58
1/6/22,Encyclopedia Britannica,,,,8149283.00,462595.00,7686688.00,6%,298.16,20.87
1/6/22,Scrabble Go,,,,9914193.00,184817.00,9729376.00,2%,1168.03,64.24
1/6/22,Camfrog,,,,1069528.00,705022.00,364506.00,66%,79.73,8.13
1/6/22,Flickr,,,,19860543.00,71676.00,19788867.00,0%,32.08,140.77
1/6/22,MeetMe,,,,1778680.00,506798.00,1271882.00,28%,867.60,109.50
1/6/22,StockTwits,,,,12806860.00,2760421.00,10046439.00,22%,1369.24,109.54
1/6/22,MyMixTapez,,,,5967320.00,2429.00,5964891.00,0%,12.83,42.40
1/6/22,Ultimate Classic Rock,,,,17148.00,912.00,16236.00,5%,1.12,0.19
1/6/22,Barstool Sports,,,,5230940.00,20909.00,5210031.00,0%,6.20,0.50
1/6/22,SwingU,,,,19355.00,2088.00,17267.00,11%,3.26,0.26
1/6/22,Reuters,,,,1601949.00,62145.00,1539804.00,4%,55.62,4.45
1/6/22,Funny Weather,,,,23615.00,973.00,22642.00,4%,4.93,0.50
1/6/22,VPN - Super Unlimited Proxy,,,,3647855.00,17498.00,3630357.00,0%,23.09,27.03
1/6/22,NJ 101.5,,,,804982.00,17410.00,787572.00,2%,21.15,6.99
1/6/22,WGRD,,,,159457.00,5241.00,154216.00,3%,7.56,1.61
1/6/22,NewsTalk,,,,454077.00,6174.00,447903.00,1%,4.88,3.48
1/6/22,WBLM,,,,64934.00,1231.00,63703.00,2%,1.12,0.52
1/6/22,WJON,,,,49220.00,1551.00,47669.00,3%,1.61,0.45
1/6/22,Tide,,,,136996.00,7915.00,129081.00,6%,7.54,1.43
1/6/22,KFR,,,,5957.00,289.00,5668.00,5%,0.35,0.06
1/6/22,WBCK,,,,35623.00,897.00,34726.00,3%,0.83,0.30
1/6/22,Cat Country,,,,66000.00,1207.00,64793.00,2%,1.47,0.56
1/6/22,Mix 95.7FM,,,,32575.00,559.00,32016.00,2%,0.84,0.28
1/6/22,Memedroid,,,,188164.00,12116.00,176048.00,6%,2.02,0.16
1/6/22,Loudwire,,,,23014.00,1130.00,21884.00,5%,1.12,0.23
1/6/22,XXL Mag,,,,17936.00,2022.00,15914.00,11%,2.12,0.26
1/6/22,ScoreStream,,,,1184.00,29.00,1155.00,2%,0.02,0.00
1/6/22,FreeUnblock VPN,,,,1951.00,32.00,1919.00,2%,0.01,0.00
1/6/22,HAR Texas,,,,667268.00,119217.00,548051.00,18%,112.83,9.03
1/6/22,Psiphon Pro,,,,13852746.00,15190.00,13837556.00,0%,30.09,2.41
1/6/22,Bracelet Book,,,,36949.00,1284.00,35665.00,3%,0.45,0.04
1/6/22,Tumblr,,,,88236786.00,13033223.00,75203563.00,15%,3855.52,231.33
1/6/22,Wordfinder by WordTips,,,,474300.00,109889.00,364411.00,23%,160.95,12.88
1/6/22,PricePulse,,,,28162.00,847.00,27315.00,3%,1.02,0.08
1/6/22,Untappd,,,,182434.00,44329.00,138105.00,24%,39.18,3.13
1/6/22,Dice with Buddies,,,,415158.00,29302.00,385856.00,7%,186.55,10.26
1/6/22,Dice with Ellen,,,,253.00,0.00,253.00,0%,0.00,0.00
1/6/22,Astrology Daily,,,,856.00,23.00,833.00,3%,0.03,0.00
1/6/22,Meetup,,,,318672.00,22779.00,295893.00,7%,25.05,2.00
1/6/22,BisManOnline,,,,124.00,29.00,95.00,23%,0.03,0.00
1/6/22,Tokybook ,,,,11025.00,2105.00,8920.00,19%,1.55,0.12
1/6/22,Radio Texas Live,,,,39136.00,373.00,38763.00,1%,0.63,0.32
1/6/22,KLAQ,,,,138931.00,4486.00,134445.00,3%,7.13,1.44
1/6/22,KICKS 105,,,,18597.00,292.00,18305.00,2%,0.36,0.15
1/6/22,106.5 WYRK,,,,107132.00,1745.00,105387.00,2%,2.78,0.93
1/6/22,Buffalos 937 WBLK -The Peoples Station,,,,108557.00,2427.00,106130.00,2%,3.76,1.01
1/6/22,K2,,,,23140.00,252.00,22888.00,1%,0.32,0.18
1/6/22,101.5 WPDH,,,,57048.00,2149.00,54899.00,4%,3.24,0.61
1/6/22,97.3 KKRC,,,,20047.00,179.00,19868.00,1%,0.24,0.16
1/6/22,The Dawg 973,,,,37013.00,448.00,36565.00,1%,0.71,0.31
1/6/22,KNUE 1015 East Texas Country Station,,,,11086.00,299.00,10787.00,3%,0.35,0.10
1/5/22,Imgur,,,,8874451.00,895470.00,7978981.00,10%,2613.45,141.52
1/5/22,Wattpad,,,,3547199.00,1086767.00,2460432.00,31%,1730.81,234.58
1/5/22,MixerBox,,,,60034.00,21698.00,38336.00,36%,123.25,4.61
1/5/22,Lucktastic,,,,136723.00,42190.00,94533.00,31%,377.67,5.07
1/5/22,MixerBoxLite,,,,1043537.00,30018.00,1013519.00,3%,105.50,13.10
1/5/22,Kidoodle,,,,263543660.00,720742.00,262822918.00,0%,5262.30,2102.88
1/5/22,MocoSpace,,,,463562.00,184643.00,278919.00,40%,256.99,19.94
1/5/22,Online Plus,,,,1559734.00,228853.00,1330881.00,15%,1283.56,45.56
1/5/22,Qlixar,,,,464470.00,178723.00,285747.00,38%,1062.16,31.81
1/5/22,WeatherBug,,,,105097288.00,4607410.00,100489878.00,4%,5578.24,446.26
1/5/22,Droplist,,,,523928.00,264021.00,259907.00,50%,167.69,18.59
1/5/22,Growlr,,,,4299524.00,1962631.00,2336893.00,46%,500.66,51.40
1/5/22,The Times of India,,,,8304554.00,192269.00,8112285.00,2%,160.12,67.99
1/5/22,LiveMixTapes,,,,807087.00,276791.00,530296.00,34%,234.61,20.13
1/5/22,Instant News,,,,30814.00,21310.00,9504.00,69%,304.96,3.67
1/5/22,Dolphin,,,,4887.00,2391.00,2496.00,49%,2.15,0.42
1/5/22,MyDaily,,,,5424.00,2848.00,2576.00,53%,6.61,0.50
1/5/22,Everyday,,,,717.00,350.00,367.00,49%,1.66,0.06
1/5/22,The Feed,,,,159.00,44.00,115.00,28%,0.12,0.01
1/5/22,ShopSavvy,,,,12.00,8.00,4.00,67%,0.05,0.00
1/5/22,VladTV,,,,240793.00,71084.00,169709.00,30%,51.13,4.77
1/5/22,Crocodile,,,,12293.00,1558.00,10735.00,13%,3.96,0.32
1/5/22,QuizJP,,,,616.00,13.00,603.00,2%,0.09,0.01
1/5/22,QuizUS,,,,482.00,17.00,465.00,4%,0.13,0.01
1/5/22,PalTalk,,,,1274117.00,848313.00,425804.00,67%,263.42,21.42
1/5/22,Impala - Headlines,,,,767940.00,60881.00,707059.00,8%,599.19,13.89
1/5/22,Steps,,,,284591.00,94310.00,190281.00,33%,50.95,4.90
1/5/22,MyFitnessPal,,,,154373629.00,41793524.00,112580105.00,27%,9891.83,1282.65
1/5/22,ShopKick,,,,906669.00,162453.00,744216.00,18%,748.35,37.70
1/5/22,Audiomack,,,,2691951.00,881443.00,1810508.00,33%,3034.44,164.40
1/5/22,Encyclopedia Britannica,,,,8105111.00,416435.00,7688676.00,5%,270.39,18.93
1/5/22,Scrabble Go,,,,9985259.00,182489.00,9802770.00,2%,1209.00,66.50
1/5/22,Camfrog,,,,1015218.00,682949.00,332269.00,67%,73.80,7.49
1/5/22,Flickr,,,,22576299.00,67578.00,22508721.00,0%,30.24,159.68
1/5/22,MeetMe,,,,1758887.00,521022.00,1237865.00,30%,1049.25,112.07
1/5/22,StockTwits,,,,13020264.00,3274657.00,9745607.00,25%,1539.72,123.18
1/5/22,MyMixTapez,,,,6253625.00,2808.00,6250817.00,0%,15.21,44.52
1/5/22,Ultimate Classic Rock,,,,16229.00,825.00,15404.00,5%,0.87,0.17
1/5/22,Barstool Sports,,,,5499355.00,47008.00,5452347.00,1%,12.85,1.03
1/5/22,SwingU,,,,21794.00,2273.00,19521.00,10%,3.54,0.28
1/5/22,Reuters,,,,1396339.00,78562.00,1317777.00,6%,70.01,5.60
1/5/22,Funny Weather,,,,18420.00,836.00,17584.00,5%,4.11,0.41
1/5/22,VPN - Super Unlimited Proxy,,,,4734095.00,18690.00,4715405.00,0%,25.51,34.79
1/5/22,NJ 101.5,,,,859931.00,31047.00,828884.00,4%,33.82,8.17
1/5/22,WGRD,,,,181854.00,6318.00,175536.00,3%,9.88,1.92
1/5/22,NewsTalk,,,,449678.00,7822.00,441856.00,2%,6.79,3.57
1/5/22,WBLM,,,,65670.00,1673.00,63997.00,3%,1.77,0.57
1/5/22,WJON,,,,50429.00,2184.00,48245.00,4%,2.20,0.49
1/5/22,Tide,,,,116454.00,6986.00,109468.00,6%,5.87,1.18
1/5/22,KFR,,,,7068.00,261.00,6807.00,4%,0.29,0.07
1/5/22,WBCK,,,,36758.00,799.00,35959.00,2%,0.86,0.31
1/5/22,Cat Country,,,,66124.00,1495.00,64629.00,2%,1.83,0.58
1/5/22,Mix 95.7FM,,,,36453.00,695.00,35758.00,2%,0.90,0.31
1/5/22,Memedroid,,,,185008.00,11658.00,173350.00,6%,1.83,0.15
1/5/22,Loudwire,,,,24731.00,1428.00,23303.00,6%,1.61,0.28
1/5/22,XXL Mag,,,,13520.00,1468.00,12052.00,11%,1.34,0.18
1/5/22,ScoreStream,,,,2593.00,63.00,2530.00,2%,0.10,0.01
1/5/22,FreeUnblock VPN,,,,1987.00,30.00,1957.00,2%,0.00,0.00
1/5/22,HAR Texas,,,,652078.00,108135.00,543943.00,17%,95.30,7.62
1/5/22,Psiphon Pro,,,,13751201.00,17014.00,13734187.00,0%,30.23,2.42
1/5/22,Bracelet Book,,,,38117.00,1190.00,36927.00,3%,0.47,0.04
1/5/22,Tumblr,,,,87620502.00,11573633.00,76046869.00,13%,3115.05,186.90
1/5/22,Wordfinder by WordTips,,,,472620.00,105668.00,366952.00,22%,179.94,14.40
1/5/22,PricePulse,,,,29182.00,872.00,28310.00,3%,1.02,0.08
1/5/22,Untappd,,,,174516.00,44093.00,130423.00,25%,37.44,3.00
1/5/22,Dice with Buddies,,,,511044.00,35449.00,475595.00,7%,232.32,12.78
1/5/22,Dice with Ellen,,,,133694.00,6153.00,127541.00,5%,35.12,1.93
1/5/22,Astrology Daily,,,,1163.00,26.00,1137.00,2%,0.09,0.01
1/5/22,Meetup,,,,308464.00,45817.00,262647.00,15%,49.75,3.98
1/5/22,BisManOnline,,,,162.00,62.00,100.00,38%,0.04,0.00
1/5/22,Tokybook ,,,,11875.00,2119.00,9756.00,18%,1.59,0.13
1/5/22,Radio Texas Live,,,,36916.00,498.00,36418.00,1%,0.63,0.30
1/5/22,KLAQ,,,,141936.00,5109.00,136827.00,4%,7.49,1.48
1/5/22,KICKS 105,,,,14145.00,260.00,13885.00,2%,0.37,0.12
1/5/22,106.5 WYRK,,,,108638.00,1760.00,106878.00,2%,3.15,0.97
1/5/22,Buffalos 937 WBLK -The Peoples Station,,,,132702.00,3185.00,129517.00,2%,4.81,1.24
1/5/22,K2,,,,23201.00,321.00,22880.00,1%,0.52,0.20
1/5/22,101.5 WPDH,,,,42459.00,1955.00,40504.00,5%,2.80,0.48
1/5/22,97.3 KKRC,,,,23786.00,365.00,23421.00,2%,0.46,0.20
1/5/22,The Dawg 973,,,,46539.00,828.00,45711.00,2%,1.51,0.43
1/5/22,KNUE 1015 East Texas Country Station,,,,10125.00,221.00,9904.00,2%,0.27,0.09
1/4/22,Imgur,,,,7284413.00,566334.00,6718079.00,8%,2217.20,101.26
1/4/22,Wattpad,,,,3803607.00,1077593.00,2726014.00,28%,1701.87,234.60
1/4/22,MixerBox,,,,57446.00,19743.00,37703.00,34%,107.27,4.21
1/4/22,Lucktastic,,,,80716.00,27494.00,53222.00,34%,237.02,3.23
1/4/22,MixerBoxLite,,,,981933.00,30440.00,951493.00,3%,108.51,12.75
1/4/22,Kidoodle,,,,357851977.00,661665.00,357190312.00,0%,4982.68,2749.47
1/4/22,MocoSpace,,,,484845.00,209024.00,275821.00,43%,352.00,26.57
1/4/22,Online Plus,,,,1577791.00,235958.00,1341833.00,15%,1319.44,46.82
1/4/22,Qlixar,,,,463241.00,161148.00,302093.00,35%,969.27,28.91
1/4/22,WeatherBug,,,,82216460.00,3416434.00,78800026.00,4%,4829.73,386.38
1/4/22,Droplist,,,,773557.00,386686.00,386871.00,50%,250.98,27.81
1/4/22,Growlr,,,,4337654.00,1923028.00,2414626.00,44%,475.66,50.20
1/4/22,The Times of India,,,,5597457.00,163003.00,5434454.00,3%,140.59,47.88
1/4/22,LiveMixTapes,,,,764897.00,267662.00,497235.00,35%,223.45,19.12
1/4/22,Instant News,,,,27434.00,20202.00,7232.00,74%,287.82,3.47
1/4/22,Dolphin,,,,5077.00,2384.00,2693.00,47%,2.26,0.42
1/4/22,MyDaily,,,,5678.00,3176.00,2502.00,56%,6.72,0.55
1/4/22,Everyday,,,,1528.00,368.00,1160.00,24%,1.77,0.07
1/4/22,The Feed,,,,182.00,65.00,117.00,36%,0.12,0.01
1/4/22,VladTV,,,,200287.00,52851.00,147436.00,26%,40.52,3.87
1/4/22,Crocodile,,,,12037.00,1441.00,10596.00,12%,3.47,0.30
1/4/22,QuizJP,,,,1654.00,1.00,1653.00,0%,0.01,0.01
1/4/22,QuizUS,,,,592.00,54.00,538.00,9%,0.35,0.01
1/4/22,PalTalk,,,,1248835.00,839606.00,409229.00,67%,248.48,20.26
1/4/22,Impala - Headlines,,,,746170.00,58170.00,688000.00,8%,509.51,13.33
1/4/22,Steps,,,,283514.00,95323.00,188191.00,34%,49.53,4.78
1/4/22,MyFitnessPal,,,,162053877.00,45637624.00,116416253.00,28%,10855.95,1357.71
1/4/22,ShopKick,,,,1133736.00,156663.00,977073.00,14%,705.83,38.17
1/4/22,Audiomack,,,,2506516.00,909260.00,1597256.00,36%,3340.11,178.19
1/4/22,Encyclopedia Britannica,,,,8022786.00,409704.00,7613082.00,5%,249.84,17.49
1/4/22,Scrabble Go,,,,9866990.00,281029.00,9585961.00,3%,1846.86,101.58
1/4/22,Camfrog,,,,1046137.00,713078.00,333059.00,68%,74.63,7.56
1/4/22,Flickr,,,,20177952.00,67882.00,20110070.00,0%,32.34,143.03
1/4/22,MeetMe,,,,1900227.00,487061.00,1413166.00,26%,857.93,106.55
1/4/22,StockTwits,,,,12404932.00,2922527.00,9482405.00,24%,1363.53,109.08
1/4/22,MyMixTapez,,,,6018942.00,1882.00,6017060.00,0%,9.52,42.60
1/4/22,Ultimate Classic Rock,,,,15763.00,728.00,15035.00,5%,0.71,0.15
1/4/22,Barstool Sports,,,,6082026.00,54284.00,6027742.00,1%,14.66,1.17
1/4/22,SwingU,,,,18582.00,1870.00,16712.00,10%,2.56,0.20
1/4/22,Reuters,,,,1398436.00,74717.00,1323719.00,5%,69.17,5.53
1/4/22,Funny Weather,,,,17699.00,715.00,16984.00,4%,3.61,0.37
1/4/22,VPN - Super Unlimited Proxy,,,,3734350.00,69804.00,3664546.00,2%,44.37,28.76
1/4/22,NJ 101.5,,,,818353.00,30132.00,788221.00,4%,31.33,7.71
1/4/22,WGRD,,,,169258.00,5656.00,163602.00,3%,8.41,1.73
1/4/22,NewsTalk,,,,443269.00,7830.00,435439.00,2%,6.67,3.51
1/4/22,WBLM,,,,72179.00,1827.00,70352.00,3%,1.62,0.61
1/4/22,WJON,,,,55427.00,2202.00,53225.00,4%,2.57,0.55
1/4/22,Tide,,,,116074.00,7300.00,108774.00,6%,6.61,1.22
1/4/22,KFR,,,,6792.00,295.00,6497.00,4%,0.44,0.08
1/4/22,WBCK,,,,36927.00,786.00,36141.00,2%,0.83,0.31
1/4/22,Cat Country,,,,64184.00,1141.00,63043.00,2%,1.66,0.56
1/4/22,Mix 95.7FM,,,,41506.00,652.00,40854.00,2%,0.86,0.35
1/4/22,Memedroid,,,,190204.00,11447.00,178757.00,6%,1.86,0.15
1/4/22,Loudwire,,,,23646.00,1271.00,22375.00,5%,1.46,0.26
1/4/22,XXL Mag,,,,13619.00,1408.00,12211.00,10%,1.43,0.19
1/4/22,ScoreStream,,,,1418.00,23.00,1395.00,2%,0.02,0.00
1/4/22,FreeUnblock VPN,,,,2077.00,28.00,2049.00,1%,0.01,0.00
1/4/22,HAR Texas,,,,645915.00,85142.00,560773.00,13%,70.13,5.61
1/4/22,Psiphon Pro,,,,13763308.00,13292.00,13750016.00,0%,25.04,2.00
1/4/22,Bracelet Book,,,,42003.00,1091.00,40912.00,3%,0.35,0.03
1/4/22,Tumblr,,,,89806383.00,10774486.00,79031897.00,12%,2266.92,136.02
1/4/22,Wordfinder by WordTips,,,,475623.00,95555.00,380068.00,20%,154.85,12.39
1/4/22,PricePulse,,,,29354.00,746.00,28608.00,3%,0.83,0.07
1/4/22,Untappd,,,,169979.00,42183.00,127796.00,25%,32.97,2.64
1/4/22,Dice with Buddies,,,,413713.00,31284.00,382429.00,8%,197.63,10.87
1/4/22,Dice with Ellen,,,,196706.00,8767.00,187939.00,4%,47.51,2.61
1/4/22,Astrology Daily,,,,1742.00,49.00,1693.00,3%,0.09,0.01
1/4/22,Meetup,,,,316654.00,50994.00,265660.00,16%,57.30,4.58
1/4/22,BisManOnline,,,,152.00,67.00,85.00,44%,0.28,0.02
1/4/22,Tokybook ,,,,11542.00,2062.00,9480.00,18%,1.51,0.12
1/4/22,Radio Texas Live,,,,37614.00,373.00,37241.00,1%,0.64,0.31
1/4/22,KLAQ,,,,134290.00,4768.00,129522.00,4%,7.27,1.42
1/4/22,KICKS 105,,,,14362.00,219.00,14143.00,2%,0.26,0.12
1/4/22,106.5 WYRK,,,,95684.00,1467.00,94217.00,2%,2.93,0.86
1/4/22,Buffalos 937 WBLK -The Peoples Station,,,,117226.00,2731.00,114495.00,2%,4.14,1.09
1/4/22,K2,,,,19723.00,303.00,19420.00,2%,0.48,0.17
1/4/22,101.5 WPDH,,,,48471.00,1671.00,46800.00,3%,2.42,0.50
1/4/22,97.3 KKRC,,,,21472.00,494.00,20978.00,2%,0.67,0.19
1/4/22,The Dawg 973,,,,47349.00,793.00,46556.00,2%,1.22,0.41
1/4/22,KNUE 1015 East Texas Country Station,,,,13131.00,161.00,12970.00,1%,0.23,0.11
1/3/22,Imgur,,,,8069932.00,476484.00,7593448.00,6%,1651.61,97.59
1/3/22,Wattpad,,,,4262631.00,1082935.00,3179696.00,25%,1666.11,238.84
1/3/22,MixerBox,,,,55832.00,17475.00,38357.00,31%,93.70,3.76
1/3/22,Lucktastic,,,,11153.00,3194.00,7959.00,29%,31.65,0.39
1/3/22,MixerBoxLite,,,,910977.00,32229.00,878748.00,4%,110.74,12.60
1/3/22,Kidoodle,,,,244580561.00,547791.00,244032770.00,0%,4293.26,1922.89
1/3/22,MocoSpace,,,,517098.00,193442.00,323656.00,37%,370.28,28.19
1/3/22,Online Plus,,,,1614885.00,179591.00,1435294.00,11%,1030.71,37.71
1/3/22,Qlixar,,,,462780.00,160923.00,301857.00,35%,981.30,28.87
1/3/22,WeatherBug,,,,129940673.00,4897341.00,125043332.00,4%,6740.38,539.23
1/3/22,Droplist,,,,695886.00,356225.00,339661.00,51%,212.73,23.65
1/3/22,Growlr,,,,4642314.00,2000410.00,2641904.00,43%,487.92,52.65
1/3/22,The Times of India,,,,4644344.00,142471.00,4501873.00,3%,120.02,39.91
1/3/22,LiveMixTapes,,,,717626.00,237206.00,480420.00,33%,193.71,16.92
1/3/22,Instant News,,,,28331.00,19271.00,9060.00,68%,256.35,3.32
1/3/22,Dolphin,,,,4916.00,2222.00,2694.00,45%,2.47,0.39
1/3/22,MyDaily,,,,6479.00,3431.00,3048.00,53%,7.17,0.60
1/3/22,Everyday,,,,3712.00,512.00,3200.00,14%,2.04,0.10
1/3/22,The Feed,,,,142.00,53.00,89.00,37%,0.21,0.01
1/3/22,ShopSavvy,,,,4.00,0.00,4.00,0%,0.00,0.00
1/3/22,VladTV,,,,181481.00,45464.00,136017.00,25%,35.03,3.40
1/3/22,Crocodile,,,,14983.00,1974.00,13009.00,13%,5.02,0.40
1/3/22,QuizJP,,,,737.00,0.00,737.00,0%,0.00,0.01
1/3/22,QuizUS,,,,662.00,50.00,612.00,8%,0.31,0.01
1/3/22,PalTalk,,,,1159750.00,745719.00,414031.00,64%,228.61,18.90
1/3/22,Impala - Headlines,,,,728038.00,45701.00,682337.00,6%,412.32,11.18
1/3/22,Steps,,,,276688.00,80886.00,195802.00,29%,39.91,4.16
1/3/22,MyFitnessPal,,,,135724729.00,38025095.00,97699634.00,28%,8848.26,1126.31
1/3/22,ShopKick,,,,1034356.00,73190.00,961166.00,7%,299.90,21.36
1/3/22,Audiomack,,,,2412108.00,853933.00,1558175.00,35%,3052.24,163.52
1/3/22,Encyclopedia Britannica,,,,7636151.00,332000.00,7304151.00,4%,184.06,12.88
1/3/22,Scrabble Go,,,,10270235.00,343151.00,9927084.00,3%,2150.91,118.30
1/3/22,Camfrog,,,,1040285.00,701176.00,339109.00,67%,74.11,7.56
1/3/22,Flickr,,,,22977525.00,70422.00,22907103.00,0%,32.73,162.64
1/3/22,MeetMe,,,,2043815.00,498529.00,1545286.00,24%,804.90,109.78
1/3/22,StockTwits,,,,11724632.00,2771390.00,8953242.00,24%,1340.27,107.22
1/3/22,MyMixTapez,,,,5868141.00,1942.00,5866199.00,0%,10.08,41.57
1/3/22,Ultimate Classic Rock,,,,12640.00,553.00,12087.00,4%,0.48,0.12
1/3/22,Barstool Sports,,,,4402108.00,67904.00,4334204.00,2%,19.65,1.57
1/3/22,SwingU,,,,21969.00,2635.00,19334.00,12%,3.51,0.28
1/3/22,Reuters,,,,1214013.00,59074.00,1154939.00,5%,56.99,4.56
1/3/22,Funny Weather,,,,21206.00,864.00,20342.00,4%,4.53,0.46
1/3/22,VPN - Super Unlimited Proxy,,,,2989542.00,102571.00,2886971.00,3%,55.83,24.12
1/3/22,NJ 101.5,,,,832034.00,33728.00,798306.00,4%,35.04,8.04
1/3/22,WGRD,,,,156130.00,4258.00,151872.00,3%,7.08,1.56
1/3/22,NewsTalk,,,,401465.00,6801.00,394664.00,2%,6.86,3.24
1/3/22,WBLM,,,,56434.00,1121.00,55313.00,2%,1.06,0.46
1/3/22,WJON,,,,48493.00,1938.00,46555.00,4%,2.37,0.49
1/3/22,Tide,,,,140600.00,5840.00,134760.00,4%,4.53,1.26
1/3/22,KFR,,,,5222.00,342.00,4880.00,7%,0.56,0.07
1/3/22,WBCK,,,,35145.00,1343.00,33802.00,4%,1.63,0.35
1/3/22,Cat Country,,,,57524.00,1034.00,56490.00,2%,1.46,0.50
1/3/22,Mix 95.7FM,,,,32946.00,789.00,32157.00,2%,0.92,0.29
1/3/22,Memedroid,,,,199092.00,7391.00,191701.00,4%,1.04,0.08
1/3/22,Loudwire,,,,19898.00,901.00,18997.00,5%,0.92,0.20
1/3/22,XXL Mag,,,,16399.00,1980.00,14419.00,12%,1.89,0.23
1/3/22,ScoreStream,,,,1100.00,39.00,1061.00,4%,0.04,0.00
1/3/22,FreeUnblock VPN,,,,2177.00,44.00,2133.00,2%,0.02,0.00
1/3/22,HAR Texas,,,,633054.00,69192.00,563862.00,11%,57.53,4.60
1/3/22,Psiphon Pro,,,,13372545.00,7717.00,13364828.00,0%,14.36,1.15
1/3/22,Bracelet Book,,,,51718.00,751.00,50967.00,1%,0.30,0.02
1/3/22,Tumblr,,,,90612428.00,10899652.00,79712776.00,12%,2519.95,151.20
1/3/22,Wordfinder by WordTips,,,,501182.00,92417.00,408765.00,18%,144.75,11.58
1/3/22,PricePulse,,,,23761.00,410.00,23351.00,2%,0.33,0.03
1/3/22,Untappd,,,,194173.00,43269.00,150904.00,22%,34.24,2.74
1/3/22,Dice with Buddies,,,,406900.00,35295.00,371605.00,9%,218.61,12.02
1/3/22,Dice with Ellen,,,,219430.00,7968.00,211462.00,4%,47.08,2.59
1/3/22,Astrology Daily,,,,1924.00,37.00,1887.00,2%,0.07,0.01
1/3/22,Meetup,,,,336089.00,45352.00,290737.00,13%,49.11,3.93
1/3/22,BisManOnline,,,,182.00,89.00,93.00,49%,0.05,0.00
1/3/22,Tokybook ,,,,11499.00,1969.00,9530.00,17%,1.47,0.12
1/3/22,Radio Texas Live,,,,35751.00,381.00,35370.00,1%,0.51,0.28
1/3/22,KLAQ,,,,128783.00,4205.00,124578.00,3%,6.18,1.30
1/3/22,KICKS 105,,,,12419.00,492.00,11927.00,4%,0.76,0.14
1/3/22,106.5 WYRK,,,,90513.00,1394.00,89119.00,2%,2.25,0.78
1/3/22,Buffalos 937 WBLK -The Peoples Station,,,,104788.00,2242.00,102546.00,2%,3.17,0.94
1/3/22,K2,,,,20053.00,584.00,19469.00,3%,0.95,0.20
1/3/22,101.5 WPDH,,,,52986.00,1828.00,51158.00,3%,2.55,0.54
1/3/22,97.3 KKRC,,,,19847.00,589.00,19258.00,3%,0.99,0.20
1/3/22,The Dawg 973,,,,37980.00,506.00,37474.00,1%,0.76,0.32
1/3/22,KNUE 1015 East Texas Country Station,,,,9835.00,979.00,8856.00,10%,1.80,0.19
1/2/22,Imgur,,,,10918254.00,971624.00,9946630.00,9%,3607.36,162.28
1/2/22,Wattpad,,,,4424694.00,1153315.00,3271379.00,26%,1742.33,253.56
1/2/22,MixerBox,,,,57201.00,16515.00,40686.00,29%,92.99,3.59
1/2/22,Lucktastic,,,,21334.00,5584.00,15750.00,26%,52.02,0.70
1/2/22,MixerBoxLite,,,,830745.00,39677.00,791068.00,5%,135.09,13.47
1/2/22,Kidoodle,,,,231187198.00,496255.00,230690943.00,0%,3934.31,1811.55
1/2/22,MocoSpace,,,,499222.00,184739.00,314483.00,37%,338.40,25.89
1/2/22,Online Plus,,,,1514357.00,134583.00,1379774.00,9%,774.87,29.78
1/2/22,Qlixar,,,,409025.00,128416.00,280609.00,31%,780.19,23.23
1/2/22,WeatherBug,,,,153934190.00,5392238.00,148541952.00,4%,7692.92,615.43
1/2/22,Droplist,,,,530145.00,260025.00,270120.00,49%,168.16,18.71
1/2/22,Growlr,,,,4996547.00,2132773.00,2863774.00,43%,510.57,55.79
1/2/22,The Times of India,,,,5434176.00,186492.00,5247684.00,3%,139.37,46.49
1/2/22,LiveMixTapes,,,,779755.00,255024.00,524731.00,33%,220.68,19.12
1/2/22,Instant News,,,,23542.00,18720.00,4822.00,80%,213.99,3.21
1/2/22,Dolphin,,,,5137.00,2241.00,2896.00,44%,2.31,0.40
1/2/22,MyDaily,,,,6380.00,3040.00,3340.00,48%,5.60,0.53
1/2/22,Everyday,,,,4222.00,477.00,3745.00,11%,2.07,0.10
1/2/22,The Feed,,,,172.00,25.00,147.00,15%,0.04,0.00
1/2/22,ShopSavvy,,,,15.00,9.00,6.00,60%,0.06,0.00
1/2/22,VladTV,,,,169714.00,42678.00,127036.00,25%,33.33,3.22
1/2/22,Crocodile,,,,21191.00,1972.00,19219.00,9%,4.89,0.43
1/2/22,QuizJP,,,,981.00,0.00,981.00,0%,0.00,0.01
1/2/22,QuizUS,,,,667.00,43.00,624.00,6%,0.49,0.01
1/2/22,PalTalk,,,,1233095.00,812743.00,420352.00,66%,244.17,20.03
1/2/22,Impala - Headlines,,,,654229.00,31294.00,622935.00,5%,313.95,8.43
1/2/22,Steps,,,,264996.00,79474.00,185522.00,30%,38.07,3.96
1/2/22,MyFitnessPal,,,,95225878.00,29594552.00,65631326.00,31%,7177.79,818.31
1/2/22,ShopKick,,,,1149888.00,70267.00,1079621.00,6%,302.56,21.61
1/2/22,Audiomack,,,,2365088.00,796445.00,1568643.00,34%,2633.35,142.65
1/2/22,Encyclopedia Britannica,,,,7032782.00,260199.00,6772583.00,4%,138.63,9.70
1/2/22,Scrabble Go,,,,10858841.00,365957.00,10492884.00,3%,2325.83,127.92
1/2/22,Camfrog,,,,1018531.00,689525.00,329006.00,68%,78.06,7.77
1/2/22,Flickr,,,,27416446.00,69746.00,27346700.00,0%,33.61,193.78
1/2/22,MeetMe,,,,2017292.00,500640.00,1516652.00,25%,852.47,109.90
1/2/22,StockTwits,,,,3987161.00,939153.00,3048008.00,24%,488.24,39.06
1/2/22,MyMixTapez,,,,5773032.00,1917.00,5771115.00,0%,9.95,40.90
1/2/22,Ultimate Classic Rock,,,,11883.00,481.00,11402.00,4%,0.60,0.12
1/2/22,Barstool Sports,,,,3411545.00,32410.00,3379135.00,1%,9.98,0.80
1/2/22,SwingU,,,,29068.00,3566.00,25502.00,12%,4.98,0.40
1/2/22,Reuters,,,,1102997.00,58128.00,1044869.00,5%,53.29,4.26
1/2/22,Funny Weather,,,,21315.00,912.00,20403.00,4%,4.05,0.43
1/2/22,VPN - Super Unlimited Proxy,,,,3359450.00,105286.00,3254164.00,3%,57.90,26.83
1/2/22,NJ 101.5,,,,200935.00,6373.00,194562.00,3%,7.64,1.90
1/2/22,WGRD,,,,10239.00,280.00,9959.00,3%,0.34,0.09
1/2/22,NewsTalk,,,,67230.00,599.00,66631.00,1%,0.63,0.51
1/2/22,WBLM,,,,18204.00,365.00,17839.00,2%,0.38,0.15
1/2/22,WJON,,,,22151.00,593.00,21558.00,3%,0.64,0.20
1/2/22,Tide,,,,11834.00,1066.00,10768.00,9%,0.82,0.13
1/2/22,KFR,,,,2044.00,62.00,1982.00,3%,0.08,0.02
1/2/22,WBCK,,,,8873.00,166.00,8707.00,2%,0.16,0.07
1/2/22,Cat Country,,,,6196.00,69.00,6127.00,1%,0.06,0.05
1/2/22,Mix 95.7FM,,,,8299.00,102.00,8197.00,1%,0.11,0.07
1/2/22,Memedroid,,,,183398.00,8320.00,175078.00,5%,1.14,0.09
1/2/22,Loudwire,,,,17671.00,557.00,17114.00,3%,0.48,0.15
1/2/22,XXL Mag,,,,14617.00,1444.00,13173.00,10%,1.21,0.18
1/2/22,ScoreStream,,,,1296.00,27.00,1269.00,2%,0.02,0.00
1/2/22,FreeUnblock VPN,,,,1843.00,42.00,1801.00,2%,0.02,0.00
1/2/22,HAR Texas,,,,662344.00,65714.00,596630.00,10%,54.19,4.34
1/2/22,Psiphon Pro,,,,13397134.00,7672.00,13389462.00,0%,13.11,1.05
1/2/22,Bracelet Book,,,,47426.00,869.00,46557.00,2%,0.36,0.03
1/2/22,Tumblr,,,,90124136.00,10228293.00,79895843.00,11%,2469.06,148.14
1/2/22,Wordfinder by WordTips,,,,523925.00,92305.00,431620.00,18%,146.35,11.71
1/2/22,PricePulse,,,,26946.00,315.00,26631.00,1%,0.37,0.03
1/2/22,Untappd,,,,259447.00,62216.00,197231.00,24%,49.26,3.94
1/2/22,Dice with Buddies,,,,409881.00,32880.00,377001.00,8%,208.13,11.45
1/2/22,Dice with Ellen,,,,212755.00,7403.00,205352.00,3%,42.98,2.36
1/2/22,Astrology Daily,,,,976.00,18.00,958.00,2%,0.03,0.00
1/2/22,Meetup,,,,356156.00,60548.00,295608.00,17%,66.64,5.33
1/2/22,BisManOnline,,,,129.00,63.00,66.00,49%,0.02,0.00
1/2/22,Tokybook ,,,,9433.00,1494.00,7939.00,16%,0.59,0.05
1/2/22,Radio Texas Live,,,,30499.00,254.00,30245.00,1%,0.34,0.24
1/2/22,KLAQ,,,,14959.00,351.00,14608.00,2%,0.47,0.14
1/2/22,KICKS 105,,,,5370.00,38.00,5332.00,1%,0.03,0.04
1/2/22,106.5 WYRK,,,,28708.00,363.00,28345.00,1%,0.54,0.24
1/2/22,Buffalos 937 WBLK -The Peoples Station,,,,40515.00,554.00,39961.00,1%,0.71,0.33
1/2/22,K2,,,,9173.00,86.00,9087.00,1%,0.15,0.07
1/2/22,101.5 WPDH,,,,22540.00,1205.00,21335.00,5%,1.79,0.27
1/2/22,97.3 KKRC,,,,5306.00,24.00,5282.00,0%,0.01,0.04
1/2/22,The Dawg 973,,,,122945.00,1122.00,121823.00,1%,1.59,0.96
1/2/22,KNUE 1015 East Texas Country Station,,,,5838.00,63.00,5775.00,1%,0.06,0.04
1/1/22,Imgur,,,,10624531.00,1141623.00,9482908.00,11%,4019.20,176.77
1/1/22,Wattpad,,,,3432484.00,1074243.00,2358241.00,31%,1766.42,231.36
1/1/22,MixerBox,,,,60779.00,21286.00,39493.00,35%,116.66,4.53
1/1/22,Lucktastic,,,,19132.00,5230.00,13902.00,27%,46.81,0.65
1/1/22,MixerBoxLite,,,,840429.00,41063.00,799366.00,5%,142.74,13.81
1/1/22,Kidoodle,,,,187922861.00,432726.00,187490135.00,0%,3481.14,1486.49
1/1/22,MocoSpace,,,,455802.00,206547.00,249255.00,45%,360.04,26.95
1/1/22,Online Plus,,,,1654177.00,163796.00,1490381.00,10%,979.19,35.30
1/1/22,Qlixar,,,,449783.00,139019.00,310764.00,31%,898.53,25.19
1/1/22,WeatherBug,,,,146842107.00,6280950.00,140561157.00,4%,9125.17,730.01
1/1/22,Droplist,,,,223873.00,117147.00,106726.00,52%,74.72,8.22
1/1/22,Growlr,,,,4630509.00,2089929.00,2540580.00,45%,560.82,57.04
1/1/22,The Times of India,,,,5119936.00,180406.00,4939530.00,4%,141.77,44.50
1/1/22,LiveMixTapes,,,,816476.00,302659.00,513817.00,37%,255.49,21.48
1/1/22,Instant News,,,,27852.00,19166.00,8686.00,69%,225.78,3.30
1/1/22,Dolphin,,,,5375.00,2453.00,2922.00,46%,2.60,0.43
1/1/22,MyDaily,,,,6188.00,3145.00,3043.00,51%,7.03,0.55
1/1/22,Everyday,,,,4235.00,378.00,3857.00,9%,2.26,0.08
1/1/22,The Feed,,,,184.00,34.00,150.00,18%,0.07,0.01
1/1/22,ShopSavvy,,,,8.00,1.00,7.00,13%,0.00,0.00
1/1/22,VladTV,,,,153238.00,42616.00,110622.00,28%,35.71,3.27
1/1/22,Crocodile,,,,21044.00,3073.00,17971.00,15%,7.77,0.61
1/1/22,QuizJP,,,,829.00,7.00,822.00,1%,0.05,0.01
1/1/22,QuizUS,,,,487.00,25.00,462.00,5%,0.17,0.01
1/1/22,PalTalk,,,,1315784.00,907222.00,408562.00,69%,295.55,23.55
1/1/22,Impala - Headlines,,,,742290.00,42781.00,699509.00,6%,440.70,10.77
1/1/22,Steps,,,,272246.00,88796.00,183450.00,33%,48.20,4.66
1/1/22,Timer+,,,,2.00,2.00,0.00,100%,0.00,0.00
1/1/22,MyFitnessPal,,,,69727376.00,23635221.00,46092155.00,34%,6070.89,626.19
1/1/22,ShopKick,,,,1096350.00,92742.00,1003608.00,8%,406.84,25.57
1/1/22,Audiomack,,,,2513939.00,904311.00,1609628.00,36%,2971.25,159.83
1/1/22,Encyclopedia Britannica,,,,6471395.00,251311.00,6220084.00,4%,162.09,11.35
1/1/22,Scrabble Go,,,,9031710.00,261452.00,8770258.00,3%,1704.19,93.73
1/1/22,Camfrog,,,,1109588.00,772842.00,336746.00,70%,93.52,8.90
1/1/22,Flickr,,,,23316626.00,69924.00,23246702.00,0%,36.52,165.28
1/1/22,MeetMe,,,,1420738.00,420308.00,1000430.00,30%,747.69,90.29
1/1/22,StockTwits,,,,3724416.00,993049.00,2731367.00,27%,506.33,40.51
1/1/22,MyMixTapez,,,,6252793.00,1687.00,6251106.00,0%,8.20,44.17
1/1/22,Ultimate Classic Rock,,,,11372.00,434.00,10938.00,4%,0.35,0.10
1/1/22,Barstool Sports,,,,3049818.00,19416.00,3030402.00,1%,6.76,0.54
1/1/22,SwingU,,,,20654.00,2859.00,17795.00,14%,4.76,0.38
1/1/22,Reuters,,,,1089594.00,63513.00,1026081.00,6%,64.66,5.17
1/1/22,Funny Weather,,,,19442.00,832.00,18610.00,4%,4.52,0.45
1/1/22,VPN - Super Unlimited Proxy,,,,3444199.00,112116.00,3332083.00,3%,73.75,28.49
1/1/22,NJ 101.5,,,,175432.00,4970.00,170462.00,3%,6.34,1.64
1/1/22,WGRD,,,,10441.00,494.00,9947.00,5%,0.68,0.12
1/1/22,NewsTalk,,,,99687.00,1508.00,98179.00,2%,1.29,0.78
1/1/22,WBLM,,,,39191.00,926.00,38265.00,2%,0.72,0.32
1/1/22,WJON,,,,23420.00,861.00,22559.00,4%,1.00,0.23
1/1/22,Tide,,,,87278.00,5323.00,81955.00,6%,4.44,0.88
1/1/22,KFR,,,,1793.00,79.00,1714.00,4%,0.09,0.02
1/1/22,WBCK,,,,8490.00,230.00,8260.00,3%,0.25,0.08
1/1/22,Cat Country,,,,9912.00,173.00,9739.00,2%,0.17,0.08
1/1/22,Mix 95.7FM,,,,8341.00,158.00,8183.00,2%,0.23,0.07
1/1/22,Memedroid,,,,190881.00,11846.00,179035.00,6%,1.81,0.14
1/1/22,Loudwire,,,,15657.00,710.00,14947.00,5%,0.70,0.15
1/1/22,XXL Mag,,,,12636.00,1236.00,11400.00,10%,1.05,0.15
1/1/22,ScoreStream,,,,1046.00,29.00,1017.00,3%,0.03,0.00
1/1/22,FreeUnblock VPN,,,,1965.00,23.00,1942.00,1%,0.00,0.00
1/1/22,HAR Texas,,,,492679.00,64788.00,427891.00,13%,60.56,4.84
1/1/22,Psiphon Pro,,,,13467618.00,9725.00,13457893.00,0%,14.96,1.20
1/1/22,Bracelet Book,,,,45962.00,952.00,45010.00,2%,0.44,0.04
1/1/22,Tumblr,,,,89307857.00,10542854.00,78765003.00,12%,2785.98,167.16
1/1/22,Wordfinder by WordTips,,,,468098.00,101062.00,367036.00,22%,176.09,14.09
1/1/22,PricePulse,,,,27189.00,762.00,26427.00,3%,1.12,0.09
1/1/22,Untappd,,,,356320.00,103729.00,252591.00,29%,96.39,7.71
1/1/22,Dice with Buddies,,,,369608.00,19408.00,350200.00,5%,121.13,6.66
1/1/22,Dice with Ellen,,,,198811.00,8410.00,190401.00,4%,46.76,2.57
1/1/22,Astrology Daily,,,,1045.00,26.00,1019.00,2%,0.07,0.01
1/1/22,Meetup,,,,343067.00,68727.00,274340.00,20%,83.67,6.69
1/1/22,BisManOnline,,,,83.00,16.00,67.00,19%,0.01,0.00
1/1/22,Tokybook ,,,,12170.00,1634.00,10536.00,13%,0.53,0.04
1/1/22,Radio Texas Live,,,,30129.00,228.00,29901.00,1%,0.29,0.23
1/1/22,KLAQ,,,,12269.00,547.00,11722.00,4%,0.81,0.14
1/1/22,KICKS 105,,,,6655.00,42.00,6613.00,1%,0.15,0.06
1/1/22,106.5 WYRK,,,,36952.00,679.00,36273.00,2%,0.99,0.32
1/1/22,Buffalos 937 WBLK -The Peoples Station,,,,69691.00,1507.00,68184.00,2%,2.14,0.63
1/1/22,K2,,,,15931.00,216.00,15715.00,1%,0.29,0.13
1/1/22,101.5 WPDH,,,,27407.00,779.00,26628.00,3%,1.08,0.26
1/1/22,97.3 KKRC,,,,8192.00,85.00,8107.00,1%,0.09,0.06
1/1/22,The Dawg 973,,,,39193.00,574.00,38619.00,1%,0.86,0.33
1/1/22,KNUE 1015 East Texas Country Station,,,,5314.00,57.00,5257.00,1%,0.08,0.04